popularity,duration_ms,explicit,danceability,energy,key,loudness,mode,speechiness,acousticness,instrumentalness,liveness,valence,tempo,time_signature,track_genre,is_hit
57,120058,1,0.708,0.235,11,-16.156,0,0.318,0.772,0.00238,0.103,0.169,139.998,4,emo,1
4,158391,0,0.869,0.726,11,-5.654,0,0.0459,0.0784,0.0,0.107,0.343,124.023,4,pop,0
44,380306,0,0.473,0.858,1,-4.982,0,0.0533,0.00156,0.242,0.115,0.0439,124.987,4,grunge,0
73,195200,1,0.768,0.374,7,-12.49,1,0.723,0.288,1.67e-06,0.111,0.398,75.503,4,chill,1
58,264538,0,0.458,0.384,8,-5.045,1,0.0267,0.734,0.0,0.0985,0.157,148.21,3,k-pop,1
0,216720,0,0.639,0.836,0,-4.878,0,0.048,0.027,0.0,0.283,0.814,104.998,4,pop,0
53,127080,0,0.482,0.281,4,-12.289,0,0.134,0.913,0.108,0.109,0.0537,82.829,4,sad,1
65,241668,0,0.697,0.438,8,-8.411,1,0.0289,0.399,0.0,0.293,0.58,117.955,4,pop-film,1
79,245365,0,0.715,0.654,2,-7.266,1,0.336,0.196,0.000117,0.0667,0.762,175.589,3,pop,1
47,311040,0,0.531,0.468,8,-8.538,1,0.0319,0.176,0.0,0.149,0.322,119.966,4,indian,0
34,259354,0,0.663,0.903,1,-5.288,0,0.131,0.325,0.0,0.153,0.24,93.004,4,anime,0
65,224813,0,0.613,0.614,1,-7.235,1,0.0439,0.0143,0.0,0.094,0.198,93.984,4,emo,1
53,165724,0,0.698,0.53,6,-7.877,0,0.086,0.16,0.0,0.1,0.311,94.03,4,sad,1
63,347666,0,0.293,0.817,8,-5.432,1,0.0852,0.0401,3.4e-05,0.13,0.145,165.0,4,grunge,1
55,187273,0,0.7,0.696,1,-6.513,1,0.0328,0.16,0.0379,0.1,0.336,124.002,4,emo,1
58,120053,0,0.621,0.196,9,-15.446,1,0.271,0.679,0.000649,0.106,0.397,91.15,4,sad,1
43,251794,0,0.638,0.0621,7,-26.675,1,0.0745,0.543,0.303,0.0763,0.303,147.895,4,sad,0
47,164832,0,0.484,0.384,5,-7.282,1,0.0314,0.517,0.0,0.149,0.185,134.242,3,k-pop,0
46,163868,0,0.744,0.871,9,-4.955,1,0.0734,0.143,0.0,0.118,0.896,152.063,4,sertanejo,0
57,245320,0,0.393,0.935,1,-2.052,0,0.0823,0.0198,0.0,0.354,0.68,177.862,4,anime,1
57,126010,0,0.493,0.521,5,-12.464,0,0.375,0.219,0.71,0.0872,0.273,68.699,1,chill,1
63,366853,0,0.815,0.833,7,-6.117,0,0.0769,0.0297,2e-05,0.33,0.563,99.989,4,pop-film,1
53,85333,0,0.448,0.191,5,-16.495,0,0.0937,0.856,0.000267,0.119,0.418,179.952,4,sad,1
0,173947,1,0.905,0.563,8,-6.135,1,0.102,0.0254,9.71e-06,0.113,0.324,106.998,4,k-pop,0
37,334013,0,0.339,0.942,11,-6.292,1,0.0991,0.00198,0.000189,0.951,0.496,144.645,4,emo,0
35,155474,1,0.775,0.862,2,-5.341,1,0.137,0.224,0.0,0.334,0.454,99.999,4,emo,0
74,180000,0,0.594,0.647,6,-4.347,1,0.0834,0.121,0.0,0.352,0.511,82.321,4,k-pop,1
54,169748,0,0.78,0.389,6,-8.877,0,0.0776,0.491,0.00242,0.0699,0.188,121.919,3,chill,1
65,323360,0,0.618,0.766,3,-4.507,1,0.0323,0.117,0.0,0.121,0.448,113.997,4,k-pop,1
65,197368,1,0.639,0.446,6,-10.489,1,0.0378,0.295,0.0,0.181,0.363,76.004,4,emo,1
50,245624,0,0.363,0.448,1,-8.595,1,0.0348,0.716,0.0,0.108,0.424,143.711,4,k-pop,1
71,199338,0,0.55,0.747,1,-5.211,1,0.0407,0.0668,0.0,0.0536,0.649,79.979,4,k-pop,1
48,197243,0,0.671,0.625,9,-4.128,1,0.0436,0.37,0.0,0.107,0.683,154.955,4,sertanejo,0
76,209829,0,0.537,0.586,6,-1.864,1,0.314,0.265,7.04e-05,0.175,0.624,79.056,4,pop,1
63,86749,1,0.71,0.415,8,-9.561,1,0.0908,0.902,0.00236,0.149,0.418,92.016,4,chill,1
51,146000,0,0.688,0.619,3,-8.001,1,0.0409,0.375,0.0,0.195,0.444,119.929,4,emo,1
64,220773,1,0.854,0.467,9,-6.843,0,0.191,0.00596,0.00171,0.204,0.33,87.02,4,emo,1
62,298266,0,0.643,0.268,11,-15.073,0,0.09,0.593,2.06e-06,0.316,0.62,143.813,4,indian,1
61,319115,0,0.556,0.706,5,-5.709,1,0.0336,0.335,1.8e-06,0.137,0.726,80.008,4,pop-film,1
68,203727,0,0.492,0.615,2,-6.663,1,0.244,0.196,0.0,0.0772,0.458,90.081,4,k-pop,1
62,197716,0,0.639,0.368,2,-14.096,0,0.048,0.245,0.0,0.106,0.415,89.94,4,pop,1
0,167760,0,0.705,0.562,8,-3.378,0,0.0674,0.257,0.0,0.137,0.569,163.893,4,pop,0
66,222026,0,0.452,0.873,9,-4.867,1,0.0613,0.000519,0.0,0.0592,0.433,80.473,4,grunge,1
47,181178,1,0.808,0.462,0,-11.588,1,0.0622,0.444,0.0,0.111,0.393,105.042,4,emo,0
62,258733,0,0.548,0.6,5,-5.049,1,0.0297,0.071,0.0,0.192,0.296,143.961,4,anime,1
94,233456,0,0.44,0.317,8,-9.258,1,0.0531,0.891,4.78e-06,0.141,0.268,169.914,3,pop,1
52,290233,0,0.529,0.981,7,-1.278,1,0.131,0.15,0.0,0.401,0.501,97.583,4,anime,1
54,184622,0,0.617,0.671,1,-6.258,0,0.0988,0.505,0.0,0.522,0.72,171.864,4,sertanejo,1
56,92160,1,0.942,0.439,0,-8.519,1,0.0864,0.346,0.0,0.107,0.231,125.018,4,emo,1
49,357560,0,0.534,0.399,10,-8.84,1,0.0267,0.81,0.000603,0.171,0.212,108.883,4,k-pop,0
46,162352,0,0.643,0.508,5,-8.325,1,0.0432,0.492,0.0,0.121,0.408,170.136,4,indian,0
22,250240,0,0.394,0.975,2,-3.533,0,0.315,0.00151,0.0,0.118,0.466,192.021,4,emo,0
76,184677,0,0.564,0.682,6,-6.688,1,0.113,0.0146,0.0,0.123,0.551,107.597,4,k-pop,1
27,232693,0,0.35,0.831,0,-8.932,1,0.0714,0.00378,1.47e-05,0.111,0.821,198.275,4,grunge,0
46,214266,0,0.592,0.707,4,-4.592,1,0.0305,0.575,0.0,0.146,0.704,148.082,4,sertanejo,0
46,200093,0,0.552,0.561,9,-9.69,1,0.0322,0.437,0.0,0.315,0.735,82.621,4,sertanejo,0
0,171880,1,0.709,0.56,4,-4.867,0,0.171,0.034,0.0,0.315,0.541,170.082,4,pop,0
38,286912,0,0.611,0.331,0,-13.519,1,0.377,0.949,0.0,0.0954,0.522,148.47,4,sad,0
72,266560,0,0.613,0.72,0,-7.957,1,0.0425,0.0132,0.0,0.104,0.561,117.341,4,grunge,1
0,136058,0,0.803,0.75,11,-4.67,1,0.0551,0.0233,3.87e-05,0.045,0.628,106.0,4,chill,0
44,264438,0,0.636,0.607,0,-8.08,1,0.0321,0.658,0.0168,0.145,0.229,119.837,4,indian,0
56,274500,0,0.725,0.404,9,-12.19,0,0.052,0.923,0.53,0.206,0.435,123.182,4,pop-film,1
54,150883,1,0.862,0.539,1,-6.975,1,0.0788,0.225,0.0,0.111,0.439,130.03,4,sad,1
18,169800,0,0.587,0.682,6,-6.091,0,0.0963,0.0345,0.0,0.0586,0.374,149.978,4,grunge,0
5,224240,0,0.52,0.542,1,-7.404,0,0.155,0.0383,0.0,0.371,0.669,81.131,4,pop,0
61,265926,0,0.247,0.556,11,-7.514,1,0.0376,0.635,0.000436,0.146,0.371,168.823,4,indian,1
66,260310,0,0.607,0.624,5,-7.051,0,0.0354,0.697,0.0,0.0994,0.757,157.305,3,pop-film,1
72,236436,0,0.605,0.53,11,-6.346,1,0.0246,0.821,0.0,0.131,0.397,93.95,4,pop,1
47,164036,0,0.709,0.571,5,-6.031,1,0.0811,0.382,0.0,0.0931,0.473,88.529,4,chill,0
46,89947,0,0.525,0.622,11,-11.557,1,0.0297,0.774,0.0327,0.286,0.239,99.958,4,indian,0
70,189000,1,0.66,0.139,6,-16.339,0,0.0323,0.964,1.1e-05,0.105,0.312,79.975,4,chill,1
63,341027,0,0.63,0.837,9,-4.635,0,0.0387,0.329,0.00271,0.159,0.473,107.997,4,indian,1
66,138000,0,0.916,0.401,1,-13.072,1,0.519,0.659,5.22e-06,0.0818,0.42,141.008,4,chill,1
33,187053,0,0.519,0.985,7,-3.86,1,0.0655,0.000511,2.18e-05,0.349,0.713,140.043,4,emo,0
61,348445,0,0.735,0.167,5,-18.467,1,0.0567,0.929,0.165,0.662,0.376,147.854,4,chill,1
49,172383,0,0.558,0.912,0,-3.451,1,0.219,0.542,0.0,0.237,0.768,191.959,4,sertanejo,0
58,172946,0,0.671,0.281,5,-15.427,0,0.0357,0.827,0.85,0.108,0.115,128.02,4,anime,1
63,458693,0,0.52,0.766,8,-9.242,0,0.085,0.239,0.00021,0.129,0.714,144.13,4,pop-film,1
76,101851,1,0.755,0.695,9,-5.963,1,0.26,0.0179,0.0,0.107,0.493,128.063,4,emo,1
70,298771,0,0.679,0.537,4,-7.843,1,0.0322,0.844,3.34e-06,0.108,0.481,111.979,4,pop-film,1
47,162965,0,0.479,0.889,1,-4.162,1,0.168,0.0992,0.0,0.356,0.735,169.646,4,sertanejo,0
69,217000,0,0.289,0.716,5,-6.53,0,0.106,0.0407,0.00123,0.135,0.344,168.049,4,grunge,1
35,155071,1,0.827,0.524,1,-10.813,0,0.0693,0.201,0.0,0.117,0.369,123.966,4,emo,0
61,226615,0,0.792,0.813,0,-3.687,1,0.0513,0.388,2.29e-05,0.0541,0.868,130.058,4,pop-film,1
62,156606,1,0.682,0.587,8,-12.296,1,0.222,0.127,0.78,0.119,0.292,153.022,4,sad,1
44,292573,0,0.742,0.831,8,-4.978,1,0.0679,0.14,1.69e-05,0.696,0.728,119.993,4,sertanejo,0
45,195468,0,0.42,0.675,2,-8.152,1,0.0955,0.708,0.0,0.321,0.491,73.475,4,sertanejo,0
0,194546,0,0.882,0.736,3,-2.892,0,0.116,0.00222,0.0,0.0515,0.582,125.995,4,k-pop,0
60,348280,0,0.459,0.563,9,-6.369,0,0.0263,0.39,1.98e-06,0.107,0.0961,101.996,4,pop-film,1
75,171743,0,0.456,0.437,8,-11.156,1,0.0867,0.839,0.0,0.218,0.209,108.678,4,pop,1
46,233320,0,0.556,0.696,6,-6.058,1,0.0389,0.28,0.0,0.965,0.475,113.97,4,sertanejo,0
43,190138,0,0.486,0.361,7,-5.964,1,0.0331,0.615,0.0,0.108,0.357,82.966,4,sertanejo,0
53,154000,0,0.517,0.943,8,-2.044,1,0.17,0.00216,0.0,0.0801,0.48,180.201,4,chill,1
35,176202,0,0.687,0.434,10,-12.487,0,0.25,0.184,0.00103,0.163,0.65,158.056,4,emo,0
0,157746,0,0.608,0.851,1,-6.181,1,0.0282,0.0191,0.0,0.12,0.409,129.997,4,emo,0
71,227091,0,0.742,0.879,0,-4.274,0,0.0328,0.0696,7.17e-06,0.0981,0.936,133.946,4,pop,1
57,283680,0,0.705,0.495,7,-12.39,0,0.0367,0.265,5.73e-06,0.219,0.646,87.942,4,pop-film,1
49,154280,0,0.564,0.829,10,-4.504,1,0.0397,0.0859,0.0,0.344,0.608,135.008,4,emo,0
30,242640,0,0.381,0.867,9,-8.4,1,0.0516,0.000962,0.000458,0.211,0.821,177.566,4,grunge,0
59,268221,0,0.789,0.49,0,-6.917,1,0.0491,0.838,0.0252,0.2,0.454,125.413,4,pop-film,1
67,205120,0,0.546,0.98,9,-3.02,0,0.0619,0.0154,0.0,0.31,0.478,120.037,4,grunge,1
46,85520,0,0.592,0.173,7,-20.698,1,0.0373,0.941,0.972,0.0947,0.433,69.999,4,anime,0
53,197183,1,0.788,0.936,8,-3.479,1,0.316,0.445,0.0,0.0812,0.763,139.964,4,anime,1
50,190186,0,0.494,0.905,1,-4.662,0,0.044,0.0367,1.41e-05,0.109,0.383,180.035,4,grunge,1
54,245735,0,0.654,0.924,6,-4.892,1,0.174,0.0738,0.0,0.329,0.595,136.021,4,indian,1
51,239285,0,0.61,0.834,11,-6.918,0,0.0685,0.413,0.0,0.255,0.681,139.994,4,indian,1
59,203428,1,0.863,0.611,7,-9.613,1,0.158,0.00347,0.000159,0.0865,0.0518,104.959,4,anime,1
57,373170,0,0.641,0.578,10,-8.204,1,0.0352,0.571,0.0,0.114,0.458,123.01,4,indian,1
1,170344,0,0.813,0.415,0,-5.926,1,0.0349,0.777,0.0,0.131,0.667,91.921,4,chill,0
59,203800,1,0.821,0.41,0,-5.587,1,0.045,0.0172,0.0,0.113,0.197,131.963,4,emo,1
34,279946,0,0.598,0.994,11,-2.426,0,0.158,0.0264,2.06e-06,0.27,0.644,143.975,4,anime,0
57,219866,0,0.68,0.542,9,-8.848,0,0.0974,0.26,0.0,0.112,0.274,148.942,4,sad,1
69,224053,1,0.265,0.827,7,-4.661,1,0.104,0.0434,0.0,0.117,0.131,82.021,4,emo,1
45,208476,0,0.439,0.458,5,-9.855,0,0.0554,0.182,1.83e-05,0.395,0.0666,75.923,4,indian,0
62,257089,0,0.679,0.687,8,-5.522,1,0.0294,0.0779,0.0,0.704,0.424,127.961,4,pop-film,1
2,272800,0,0.741,0.582,8,-4.445,1,0.281,0.291,0.000101,0.152,0.713,186.096,4,pop,0
56,189400,0,0.569,0.785,7,-4.33,1,0.0874,0.0481,0.0,0.606,0.484,109.779,4,sertanejo,1
58,63049,0,0.767,0.208,6,-21.687,1,0.0601,0.533,0.857,0.098,0.232,120.089,3,anime,1
49,268920,0,0.437,0.89,5,-3.043,1,0.108,0.0921,0.0,0.122,0.628,164.946,4,anime,0
0,174373,1,0.645,0.933,1,-3.588,1,0.0705,0.00675,1.27e-06,0.32,0.761,127.993,4,anime,0
51,207080,1,0.76,0.538,0,-3.54,1,0.0345,0.163,7.76e-06,0.1,0.138,134.005,4,emo,1
40,137109,1,0.901,0.665,8,-4.337,0,0.0858,0.0106,0.0,0.0797,0.873,99.991,4,sad,0
0,170964,0,0.438,0.178,5,-9.402,1,0.0414,0.957,1.1e-06,0.316,0.344,75.25,1,pop,0
35,227960,0,0.556,0.91,5,-3.975,0,0.0641,0.00307,0.0,0.395,0.463,102.572,4,anime,0
43,235013,0,0.498,0.622,2,-7.396,1,0.0323,0.401,4.17e-05,0.547,0.462,147.815,4,sertanejo,0
23,219043,0,0.504,0.918,0,-5.475,1,0.0462,0.00228,0.0,0.147,0.674,165.911,4,grunge,0
77,142258,0,0.789,0.536,9,-5.422,0,0.0424,0.604,2.09e-06,0.088,0.877,124.029,4,pop-film,1
36,199131,1,0.875,0.617,1,-6.832,0,0.347,0.061,0.0,0.0916,0.685,145.029,4,sad,0
52,178025,0,0.768,0.127,11,-14.982,1,0.0553,0.716,0.776,0.156,0.449,129.893,4,chill,1
26,197295,1,0.722,0.653,11,-4.68,1,0.0841,0.421,1.43e-05,0.189,0.594,148.062,4,sad,0
57,294933,0,0.335,0.92,1,-4.086,1,0.0986,0.00118,0.0,0.354,0.246,83.117,4,anime,1
79,279107,0,0.534,0.721,0,-7.636,1,0.0427,0.634,0.000877,0.1,0.439,112.062,4,indian,1
41,190189,0,0.619,0.503,10,-12.203,0,0.143,0.706,0.0,0.108,0.366,109.757,1,indian,0
83,257266,0,0.664,0.705,1,-4.972,0,0.0382,0.0654,0.0,0.118,0.477,122.016,4,pop,1
68,352710,0,0.261,0.603,0,-6.733,1,0.0367,0.558,0.0,0.184,0.207,158.125,4,pop-film,1
43,200746,0,0.804,0.784,7,-5.458,1,0.0677,0.25,0.0,0.0466,0.975,152.02,4,sertanejo,0
72,328992,0,0.401,0.553,5,-8.263,0,0.0337,0.47,2.96e-06,0.124,0.364,79.144,4,pop-film,1
55,194400,0,0.38,0.292,0,-14.282,1,0.054,0.498,0.0262,0.126,0.0777,75.572,3,sad,1
52,162539,0,0.616,0.933,0,-4.603,1,0.125,0.0856,0.0,0.353,0.776,160.045,4,sertanejo,1
77,350011,0,0.43,0.612,10,-5.534,0,0.0392,0.432,2.29e-06,0.0955,0.241,85.959,4,pop-film,1
9,161970,0,0.705,0.441,7,-8.328,1,0.0423,0.663,0.0,0.17,0.493,127.888,4,sad,0
46,231080,0,0.624,0.929,10,-2.008,0,0.226,0.349,0.0,0.646,0.817,179.672,4,sertanejo,0
26,222200,0,0.413,0.445,1,-7.259,0,0.025,0.438,0.0,0.111,0.117,95.562,4,grunge,0
65,274991,0,0.622,0.728,6,-5.111,1,0.286,0.0511,0.0,0.171,0.394,139.994,4,k-pop,1
46,131440,0,0.824,0.816,0,-6.161,1,0.151,0.0329,0.0,0.275,0.626,100.89,4,sertanejo,0
56,137400,0,0.716,0.619,5,-8.029,1,0.0372,0.444,0.0,0.108,0.648,122.941,4,chill,1
57,269333,0,0.394,0.303,0,-13.401,0,0.049,0.748,2.02e-05,0.0656,0.837,207.348,4,pop-film,1
66,244444,0,0.774,0.672,2,-4.351,1,0.0621,0.276,1.82e-05,0.111,0.307,107.956,4,pop,1
56,220106,0,0.611,0.292,9,-12.809,1,0.0283,0.308,0.00256,0.185,0.65,96.937,4,pop-film,1
74,247941,0,0.483,0.468,8,-7.642,1,0.0341,0.784,0.0,0.152,0.319,135.875,4,indian,1
46,195813,0,0.449,0.581,10,-4.43,1,0.0299,0.852,0.0,0.125,0.66,134.205,4,sertanejo,0
52,192078,0,0.657,0.209,7,-12.067,1,0.0971,0.977,0.938,0.0984,0.511,220.039,4,sad,1
83,171743,0,0.656,0.436,8,-11.141,1,0.0744,0.845,0.0,0.221,0.196,109.239,4,pop,1
45,307960,0,0.591,0.804,7,-8.688,0,0.0555,0.459,9.44e-06,0.0743,0.673,107.05,4,k-pop,0
54,160279,1,0.832,0.26,1,-13.279,0,0.076,0.759,0.00473,0.116,0.397,109.949,4,sad,1
0,183066,0,0.623,0.668,6,-7.282,0,0.0531,0.475,0.0,0.0862,0.823,161.948,4,pop,0
46,53382,0,0.286,0.145,4,-22.943,0,0.0353,0.454,0.0,0.214,0.324,160.459,1,indian,0
53,179212,0,0.654,0.56,4,-9.363,0,0.102,0.213,0.0,0.128,0.282,74.985,4,sad,1
77,180750,0,0.658,0.9,9,-3.479,0,0.264,0.0364,0.0,0.0771,0.526,156.096,4,k-pop,1
53,3340672,0,0.719,0.466,3,-9.153,1,0.0417,0.733,1.81e-06,0.0973,0.812,137.159,4,k-pop,1
54,237142,0,0.576,0.924,0,-6.536,1,0.0498,0.127,4.36e-05,0.379,0.461,126.037,4,indian,1
45,160868,0,0.587,0.626,0,-5.54,1,0.0303,0.338,0.0,0.255,0.488,95.9,4,sertanejo,0
63,104960,1,0.817,0.697,1,-5.897,1,0.211,0.074,0.00716,0.101,0.334,147.965,4,emo,1
50,132951,0,0.462,0.371,10,-11.201,1,0.0522,0.503,0.0,0.135,0.255,139.637,4,emo,1
88,238805,0,0.761,0.525,11,-6.9,1,0.0944,0.44,6.7e-06,0.0921,0.531,80.87,4,pop,1
44,137142,0,0.527,0.308,6,-11.848,1,0.0359,0.699,0.0021,0.162,0.0397,69.88,4,sad,0
49,212432,0,0.758,0.924,2,-3.724,1,0.0346,0.176,2.23e-05,0.0719,0.912,148.033,4,sertanejo,0
27,374799,0,0.403,0.858,6,-6.416,1,0.0681,0.0142,1.03e-05,0.874,0.149,96.249,4,grunge,0
47,263253,0,0.488,0.96,6,-2.629,1,0.0654,0.189,0.000103,0.34,0.788,172.06,4,anime,0
70,231480,0,0.401,0.953,4,-4.276,1,0.0752,1.83e-05,2.56e-05,0.149,0.555,174.217,4,grunge,1
70,134197,1,0.811,0.609,10,-8.376,1,0.0996,0.227,0.0,0.102,0.439,120.071,4,sad,1
35,198843,0,0.574,0.731,0,-5.078,1,0.0503,0.058,0.0,0.126,0.675,158.044,4,emo,0
30,318427,0,0.746,0.649,11,-10.096,0,0.0327,0.587,1.23e-05,0.134,0.654,104.984,4,pop-film,0
71,194600,0,0.786,0.858,11,-3.74,1,0.0675,0.0487,0.0,0.126,0.649,112.999,4,k-pop,1
57,246741,0,0.676,0.544,7,-10.893,1,0.0568,0.566,0.0,0.341,0.533,88.969,4,pop-film,1
66,225750,0,0.501,0.445,6,-8.432,1,0.0337,0.772,0.0,0.117,0.388,80.086,4,indian,1
63,355840,0,0.436,0.499,7,-12.909,0,0.0356,0.499,5.01e-05,0.308,0.551,103.104,4,k-pop,1
51,92380,0,0.652,0.372,0,-9.151,1,0.0327,0.687,0.178,0.0907,0.266,126.034,4,anime,1
49,326186,0,0.432,0.582,9,-7.927,1,0.0343,0.473,0.0,0.78,0.502,113.993,4,sertanejo,0
59,129144,0,0.885,0.246,7,-12.96,0,0.0663,0.655,0.0424,0.134,0.457,106.034,4,chill,1
35,340920,0,0.488,0.969,4,-4.996,0,0.0889,0.00312,0.000117,0.068,0.476,159.94,4,emo,0
46,177229,0,0.707,0.454,4,-6.652,1,0.0271,0.183,7.88e-06,0.258,0.459,111.945,4,sertanejo,0
64,228855,0,0.611,0.566,1,-5.861,1,0.0388,0.507,0.0,0.0971,0.312,82.984,4,pop-film,1
47,293960,0,0.614,0.568,7,-5.477,0,0.0276,0.00797,0.0,0.0997,0.516,107.849,4,grunge,0
58,153621,1,0.792,0.389,3,-9.679,1,0.0776,0.78,0.0,0.346,0.829,86.954,4,chill,1
44,387318,0,0.666,0.527,9,-10.85,0,0.0307,0.238,3.06e-05,0.327,0.283,138.038,4,indian,0
48,163046,0,0.737,0.846,11,-3.877,0,0.147,0.533,0.0,0.18,0.703,129.878,4,sertanejo,0
53,208960,0,0.581,0.699,4,-5.564,1,0.0337,0.0455,3.74e-06,0.536,0.282,105.074,4,grunge,1
30,253160,0,0.607,0.891,9,-4.56,0,0.0387,0.0417,0.00521,0.314,0.462,120.012,3,grunge,0
83,301920,0,0.502,0.912,1,-4.556,1,0.0564,2.55e-05,0.000173,0.106,0.72,116.761,4,grunge,1
46,250639,0,0.74,0.495,9,-5.715,1,0.042,0.767,0.0,0.328,0.45,119.881,4,k-pop,0
48,158142,0,0.76,0.621,5,-5.208,1,0.0896,0.576,0.0,0.254,0.962,139.965,4,sertanejo,0
62,309103,0,0.626,0.522,7,-5.857,1,0.0317,0.686,0.0,0.41,0.628,118.001,4,indian,1
42,268142,0,0.407,0.518,10,-10.62,0,0.0437,0.717,0.0,0.248,0.509,109.764,4,indian,0
53,161906,0,0.857,0.293,5,-10.668,0,0.306,0.661,1.79e-06,0.25,0.526,144.075,4,sad,1
57,290053,0,0.778,0.816,11,-4.813,1,0.207,0.364,8.53e-06,0.14,0.83,148.023,4,pop-film,1
63,174211,0,0.827,0.49,10,-8.37,0,0.055,0.321,0.000137,0.095,0.836,113.002,4,chill,1
48,188773,0,0.726,0.803,11,-4.451,1,0.0345,0.794,0.0,0.345,0.659,135.937,4,sertanejo,0
52,279424,0,0.44,0.666,2,-5.975,1,0.0506,0.303,0.0,0.381,0.69,91.818,4,sertanejo,1
56,185737,0,0.655,0.532,2,-6.298,1,0.0683,0.822,0.0,0.143,0.421,138.942,4,chill,1
55,195026,0,0.534,0.685,5,-6.082,0,0.0681,0.202,0.0,0.0961,0.445,84.912,4,chill,1
43,209390,0,0.505,0.626,0,-6.835,1,0.0354,0.278,3.17e-06,0.295,0.216,80.022,4,grunge,0
66,152920,0,0.714,0.131,5,-21.958,1,0.0556,0.975,0.904,0.354,0.685,113.032,4,sad,1
43,254773,0,0.409,0.612,2,-6.437,0,0.0361,0.199,9.36e-06,0.144,0.367,147.886,4,anime,0
53,134512,0,0.864,0.564,0,-8.54,1,0.059,0.399,0.000746,0.397,0.401,134.983,4,sad,1
43,172500,0,0.826,0.248,2,-11.826,1,0.0386,0.808,0.871,0.102,0.324,79.973,4,anime,0
65,325257,0,0.511,0.622,10,-6.184,1,0.0435,0.0662,7.78e-05,0.0465,0.387,85.349,4,pop,1
50,306506,0,0.718,0.729,3,-5.458,0,0.0294,0.452,0.0117,0.0887,0.274,119.987,4,k-pop,1
58,115216,0,0.635,0.307,0,-16.255,0,0.0446,0.676,0.904,0.0928,0.408,150.456,4,anime,1
54,110163,0,0.789,0.659,0,-5.305,1,0.0406,0.382,0.0392,0.252,0.603,91.508,3,chill,1
46,192000,0,0.86,0.479,1,-7.871,1,0.0366,0.265,0.0,0.112,0.962,105.023,4,chill,0
51,76800,0,0.671,0.168,9,-22.507,1,0.0509,0.841,0.0282,0.265,0.297,99.987,4,sad,1
52,415476,0,0.444,0.755,1,-9.801,0,0.0528,0.512,7.71e-05,0.0554,0.619,115.051,4,k-pop,1
3,167760,0,0.705,0.562,8,-3.378,0,0.0674,0.257,0.0,0.137,0.569,163.893,4,pop,0
49,196311,0,0.383,0.496,11,-7.101,1,0.0455,0.787,0.0,0.1,0.368,55.693,3,chill,0
60,184428,0,0.591,0.335,1,-14.259,0,0.0545,0.686,0.432,0.408,0.0718,128.147,4,chill,1
59,261559,0,0.7,0.526,0,-6.246,1,0.0355,0.0981,0.471,0.102,0.774,92.015,4,pop-film,1
48,248213,0,0.521,0.728,0,-3.829,1,0.0306,0.107,0.0,0.958,0.724,126.279,3,sertanejo,0
51,189000,0,0.384,0.642,1,-5.686,0,0.109,0.144,0.0071,0.116,0.267,159.904,4,anime,1
48,193525,0,0.603,0.865,7,-3.866,0,0.0516,0.543,0.0,0.704,0.759,148.019,4,sertanejo,0
50,173877,0,0.557,0.387,6,-9.416,0,0.0267,0.0279,6.16e-06,0.369,0.153,98.089,4,indian,1
66,126610,0,0.663,0.283,1,-15.806,1,0.0899,0.27,0.0,0.189,0.387,146.228,4,chill,1
49,154000,1,0.598,0.54,7,-6.199,1,0.0363,0.0504,0.000144,0.211,0.244,140.13,4,sad,0
57,182416,0,0.548,0.341,0,-11.667,0,0.397,0.708,0.0,0.121,0.34,71.573,4,sad,1
51,166853,0,0.479,0.864,0,-4.601,0,0.055,0.00505,4.58e-05,0.0926,0.421,159.994,4,anime,1
48,166153,0,0.537,0.535,1,-7.336,0,0.0372,0.139,1.54e-06,0.137,0.113,129.951,4,indian,0
60,89946,0,0.559,0.973,4,-3.386,0,0.088,0.0573,0.0,0.558,0.632,135.012,4,anime,1
59,245500,0,0.59,0.63,9,-6.735,1,0.0279,0.469,1.02e-05,0.15,0.227,119.962,4,indian,1
50,318880,0,0.489,0.522,11,-5.291,1,0.0306,0.401,0.0,0.238,0.43,78.035,4,emo,1
50,266083,0,0.524,0.895,8,-4.007,0,0.147,0.132,1.96e-06,0.841,0.692,130.909,4,indian,1
2,171880,1,0.709,0.56,4,-4.867,0,0.171,0.034,0.0,0.315,0.541,170.082,4,pop,0
42,156000,0,0.779,0.257,4,-15.347,0,0.0791,0.84,0.91,0.378,0.54,79.999,4,anime,0
45,237796,0,0.606,0.766,2,-3.792,1,0.048,0.394,1.74e-06,0.181,0.834,121.397,4,sertanejo,0
39,168998,1,0.686,0.565,10,-10.221,0,0.0356,0.0256,0.0,0.0742,0.355,87.034,4,emo,0
49,160270,0,0.489,0.859,0,-7.783,0,0.0327,0.273,0.976,0.0856,0.425,97.555,4,anime,0
50,183000,0,0.553,0.546,7,-8.985,0,0.123,0.752,2.64e-06,0.108,0.626,170.053,4,sad,1
48,151347,0,0.779,0.554,2,-8.247,1,0.0667,0.0608,0.0,0.0942,0.299,90.016,4,sad,0
62,166285,0,0.805,0.602,11,-6.444,1,0.0351,0.272,0.0,0.13,0.638,139.981,4,sad,1
44,283360,0,0.697,0.643,3,-6.394,1,0.0296,0.662,6.22e-05,0.0734,0.349,89.998,4,k-pop,0
52,346290,0,0.589,0.522,9,-10.649,1,0.0391,0.642,2.74e-05,0.0992,0.31,109.094,4,indian,1
57,276176,0,0.357,0.965,8,-4.323,1,0.294,0.166,0.0,0.396,0.164,177.91,4,anime,1
40,251250,0,0.407,0.531,5,-7.481,1,0.0351,0.687,0.0,0.0623,0.546,159.846,4,indian,0
53,91346,1,0.781,0.657,8,-6.91,1,0.0867,0.0201,0.000369,0.132,0.622,99.959,4,sad,1
60,213640,0,0.871,0.372,0,-9.077,0,0.0413,0.253,1.6e-06,0.104,0.608,110.011,4,chill,1
65,165108,0,0.756,0.538,1,-6.625,0,0.0485,0.654,0.0,0.172,0.516,92.023,4,pop,1
51,204086,0,0.542,0.793,6,-3.857,1,0.0423,0.00228,0.0,0.129,0.573,93.0,4,anime,1
0,155960,0,0.865,0.573,5,-5.501,1,0.0678,0.0863,0.0,0.305,0.563,94.999,4,pop,0
61,286120,0,0.5,0.588,4,-7.66,0,0.0362,0.641,4.52e-05,0.327,0.35,81.973,4,pop-film,1
0,136058,0,0.803,0.75,11,-4.67,1,0.0551,0.0233,3.87e-05,0.045,0.628,106.0,4,chill,0
0,217200,0,0.359,0.573,9,-6.054,1,0.0326,0.665,0.000178,0.136,0.562,73.368,4,grunge,0
0,260190,0,0.426,0.32,11,-9.886,0,0.0647,0.102,0.0,0.275,0.152,135.579,4,chill,0
57,266308,0,0.621,0.778,11,-3.818,1,0.0284,0.00378,2.52e-05,0.103,0.602,122.98,4,anime,1
54,189007,0,0.593,0.692,7,-5.364,0,0.042,0.528,0.0,0.863,0.598,106.046,4,sertanejo,1
68,197217,1,0.876,0.312,7,-10.17,1,0.0521,0.443,0.0,0.247,0.377,114.973,4,emo,1
44,207125,0,0.624,0.843,5,-3.956,1,0.0274,0.157,0.0,0.338,0.808,142.097,4,sertanejo,0
51,178445,0,0.512,0.0529,3,-19.642,1,0.0819,0.994,0.968,0.11,0.261,145.243,3,chill,1
65,295000,0,0.343,0.692,2,-3.926,1,0.0355,0.00218,0.0,0.112,0.153,174.07,4,emo,1
76,231533,0,0.179,0.912,4,-3.881,0,0.0791,0.0014,0.000294,0.582,0.289,182.99,3,grunge,1
56,162784,0,0.511,0.323,2,-10.225,1,0.227,0.208,0.0,0.0862,0.435,87.889,4,chill,1
44,151346,0,0.666,0.863,10,-4.146,1,0.0299,0.321,0.0,0.557,0.961,145.95,4,sertanejo,0
50,288152,0,0.641,0.869,2,-4.024,0,0.0452,0.559,0.0,0.0782,0.558,98.03,4,k-pop,1
0,199813,0,0.676,0.699,9,-5.984,1,0.0375,0.139,0.0,0.147,0.79,134.966,4,emo,0
54,127425,0,0.77,0.618,1,-7.28,1,0.324,0.276,0.0,0.0775,0.463,142.045,4,sad,1
46,289044,0,0.629,0.485,2,-6.695,0,0.0241,0.76,1.34e-06,0.0976,0.303,95.95,4,k-pop,0
0,170964,0,0.438,0.178,5,-9.402,1,0.0414,0.957,1.1e-06,0.316,0.344,75.25,1,pop,0
63,169127,0,0.731,0.484,0,-5.579,1,0.0354,0.73,3.01e-06,0.326,0.35,92.043,4,chill,1
33,148687,0,0.635,0.64,9,-6.926,1,0.399,0.533,0.0,0.282,0.534,171.949,4,anime,0
46,221346,0,0.38,0.724,7,-4.318,1,0.0411,0.303,0.0,0.921,0.416,93.979,4,sertanejo,0
43,244120,0,0.491,0.524,10,-6.926,1,0.0682,0.387,3.97e-05,0.0982,0.201,179.669,3,k-pop,0
60,203186,0,0.406,0.504,3,-7.444,1,0.0646,0.537,0.0,0.109,0.495,77.796,4,pop-film,1
73,214253,0,0.738,0.89,2,-2.275,0,0.0748,0.0895,1.89e-06,0.213,0.75,114.942,4,k-pop,1
60,271339,0,0.614,0.77,5,-6.622,0,0.0574,0.333,0.000144,0.405,0.423,89.91,4,pop-film,1
58,194608,1,0.549,0.532,4,-6.234,0,0.0309,0.147,1.34e-06,0.169,0.126,111.066,4,emo,1
48,306626,0,0.642,0.562,9,-9.304,0,0.0607,0.584,0.0,0.104,0.671,149.82,4,indian,0
68,195813,0,0.769,0.926,6,-1.627,1,0.0788,0.0127,0.0,0.285,0.551,100.034,4,k-pop,1
41,274581,0,0.694,0.442,0,-9.519,1,0.0337,0.73,0.0,0.392,0.639,110.104,4,indian,0
55,153256,1,0.766,0.728,8,-4.065,0,0.254,0.303,0.0,0.126,0.732,152.014,4,emo,1
47,142225,1,0.859,0.297,0,-13.967,0,0.11,0.386,1.17e-05,0.144,0.174,108.542,4,sad,0
44,305613,0,0.231,0.545,7,-8.92,1,0.0358,0.838,3.5e-06,0.0961,0.325,77.727,4,indian,0
44,166666,0,0.566,0.402,8,-9.43,1,0.0319,0.706,6.82e-05,0.102,0.125,162.202,3,indian,0
38,222213,0,0.472,0.933,8,-2.819,1,0.0504,0.000455,8.09e-05,0.262,0.856,92.904,4,emo,0
49,270813,0,0.836,0.541,3,-7.134,0,0.0374,0.666,0.0132,0.0867,0.452,142.358,3,k-pop,0
63,217693,0,0.333,0.938,11,-2.662,1,0.186,0.111,4.82e-05,0.123,0.52,179.381,4,anime,1
42,213613,0,0.456,0.948,7,-3.166,1,0.0737,0.000971,0.0,0.0727,0.658,166.029,4,emo,0
66,62942,0,0.631,0.277,0,-6.119,0,0.0292,0.871,4.6e-05,0.151,0.88,139.733,4,pop,1
64,291400,1,0.301,0.514,8,-6.976,1,0.0617,0.0723,2.19e-06,0.251,0.153,145.59,4,emo,1
54,232133,0,0.49,0.746,1,-4.951,1,0.0405,0.0121,0.0,0.0624,0.331,81.848,4,grunge,1
45,152000,0,0.721,0.889,2,-4.862,0,0.0624,0.225,2.66e-06,0.141,0.843,150.079,4,sertanejo,0
54,268480,0,0.654,0.917,4,-4.972,0,0.0588,0.00923,9.22e-06,0.114,0.626,98.997,4,anime,1
46,170076,0,0.58,0.834,7,-4.266,0,0.153,0.154,0.0,0.0449,0.734,135.936,4,sertanejo,0
78,229093,0,0.494,0.842,7,-4.784,1,0.0843,0.00579,0.0,0.122,0.574,162.011,4,emo,1
45,215872,0,0.603,0.296,0,-16.694,0,0.0424,0.103,0.235,0.106,0.076,96.018,4,chill,0
63,218550,0,0.653,0.446,0,-7.867,1,0.0351,0.546,4.52e-05,0.109,0.472,100.018,4,indian,1
65,338226,0,0.357,0.795,6,-5.909,1,0.0337,0.0134,0.00013,0.111,0.416,97.171,4,grunge,1
64,283070,0,0.449,0.421,4,-8.92,1,0.0272,0.387,0.000108,0.11,0.203,163.747,3,pop-film,1
50,247813,0,0.514,0.825,2,-5.512,1,0.0562,0.00177,1.13e-06,0.153,0.432,135.074,4,grunge,1
44,232405,0,0.445,0.741,0,-5.065,1,0.0467,0.438,0.0,0.86,0.512,96.09,3,sertanejo,0
69,169061,1,0.632,0.946,0,-2.784,0,0.277,0.192,0.0,0.495,0.324,125.061,3,sad,1
51,173557,1,0.661,0.498,0,-7.187,1,0.0369,0.439,0.00147,0.398,0.385,80.019,4,emo,1
0,193143,0,0.887,0.388,8,-14.505,1,0.349,0.739,0.143,0.106,0.205,120.035,4,pop,0
66,207650,0,0.703,0.611,4,-6.376,1,0.0313,0.0705,0.0,0.133,0.527,144.991,4,k-pop,1
6,222738,0,0.416,0.964,9,-2.967,1,0.112,2.35e-05,0.000875,0.473,0.212,157.925,4,grunge,0
48,168965,1,0.57,0.572,0,-6.439,1,0.0324,0.567,0.0,0.422,0.671,86.993,4,sad,0
57,131056,1,0.699,0.39,6,-12.128,0,0.0752,0.39,0.0,0.106,0.509,160.071,4,emo,1
43,270666,0,0.515,0.957,11,-1.457,0,0.0686,0.00845,0.0,0.346,0.583,93.974,4,anime,0
47,216137,1,0.75,0.842,11,-7.092,0,0.177,0.0618,0.0,0.0822,0.577,128.025,4,anime,0
61,120981,1,0.765,0.75,10,-7.375,1,0.198,0.232,0.0,0.233,0.568,128.031,4,sad,1
48,189399,0,0.608,0.788,7,-3.891,1,0.0669,0.425,0.0,0.379,0.584,107.796,4,sertanejo,0
43,160604,0,0.69,0.941,1,-5.02,0,0.0798,0.135,0.0,0.22,0.52,137.989,4,k-pop,0
66,303640,0,0.579,0.713,7,-7.334,1,0.0318,0.617,3.33e-05,0.118,0.635,159.915,3,pop-film,1
43,309666,0,0.639,0.476,3,-7.675,0,0.043,0.138,0.0523,0.0865,0.353,160.093,4,k-pop,0
18,216199,0,0.673,0.902,5,-6.512,0,0.0342,0.0161,0.00795,0.141,0.618,129.024,4,pop,0
68,258319,0,0.662,0.394,2,-14.407,1,0.0361,0.789,0.124,0.111,0.326,119.938,4,pop,1
50,171013,0,0.627,0.648,9,-3.987,0,0.0457,0.51,0.0,0.117,0.467,87.6,4,emo,1
49,167882,0,0.62,0.901,9,-2.064,1,0.151,0.408,0.0,0.924,0.871,91.547,4,sertanejo,0
48,223490,0,0.632,0.266,2,-14.365,1,0.0257,0.96,0.00304,0.114,0.183,79.949,3,indian,0
46,292762,0,0.563,0.491,0,-8.324,0,0.0252,0.763,8.76e-05,0.107,0.212,97.939,4,k-pop,0
54,195039,0,0.38,0.809,7,-3.906,1,0.179,0.168,0.0,0.898,0.271,155.359,4,sertanejo,1
78,185480,0,0.721,0.751,10,-6.203,0,0.125,0.162,6.59e-06,0.118,0.738,140.095,4,pop,1
68,227106,0,0.345,0.929,3,-4.469,0,0.142,0.00015,0.00106,0.129,0.181,155.041,3,grunge,1
52,103374,0,0.718,0.385,3,-11.405,0,0.398,0.963,0.000156,0.32,0.466,112.361,4,chill,1
36,220055,0,0.622,0.778,5,-7.86,1,0.036,0.0778,0.0,0.143,0.686,131.019,4,anime,0
26,190640,0,0.651,0.669,1,-7.285,1,0.0314,0.0357,0.000184,0.181,0.759,138.04,4,grunge,0
68,192186,0,0.52,0.485,4,-6.438,0,0.0269,0.927,0.000466,0.159,0.407,143.901,4,pop,1
46,204230,0,0.874,0.826,7,-6.219,1,0.179,0.116,0.0298,0.0917,0.691,129.911,4,indian,0
62,348965,0,0.552,0.769,2,-4.504,0,0.0465,0.497,0.0,0.112,0.702,86.957,4,indian,1
67,229500,0,0.677,0.551,7,-9.477,1,0.0636,0.393,0.0,0.13,0.697,157.485,3,k-pop,1
59,314500,0,0.445,0.157,7,-18.2,1,0.0385,0.35,0.761,0.153,0.121,118.511,4,emo,1
53,137142,0,0.67,0.587,8,-7.82,0,0.0522,0.43,0.0,0.132,0.67,167.873,4,indian,1
61,185886,1,0.675,0.63,4,-8.052,1,0.072,0.0263,0.0,0.284,0.223,77.492,4,emo,1
57,147000,0,0.601,0.556,7,-10.722,0,0.395,0.776,0.0465,0.236,0.457,80.003,4,chill,1
67,218048,0,0.621,0.467,0,-4.835,0,0.0273,0.632,0.0,0.0888,0.227,107.164,4,pop,1
60,273466,0,0.502,0.948,6,-3.717,1,0.12,0.0101,4.49e-06,0.0809,0.102,139.979,4,grunge,1
35,175864,0,0.514,0.987,9,-2.816,1,0.0913,0.00131,1.02e-06,0.0598,0.54,130.009,4,emo,0
58,196466,0,0.618,0.392,11,-11.941,1,0.0388,0.683,7.09e-05,0.905,0.437,115.075,4,grunge,1
67,254351,0,0.73,0.656,11,-5.07,1,0.0294,0.00797,0.00271,0.108,0.743,131.04,4,pop-film,1
68,200240,0,0.512,0.97,8,-3.886,0,0.212,0.03,0.0,0.0994,0.427,94.952,4,grunge,1
65,490434,0,0.731,0.506,8,-8.579,1,0.037,0.484,0.0,0.0944,0.703,114.986,4,pop,1
49,276262,0,0.695,0.666,5,-5.269,1,0.031,0.0476,0.000294,0.107,0.426,150.024,4,k-pop,0
43,217557,0,0.608,0.505,2,-7.665,0,0.329,0.775,3.73e-06,0.278,0.19,86.686,5,indian,0
65,208017,0,0.663,0.827,9,-3.135,0,0.0372,0.0185,0.00104,0.265,0.395,104.985,4,chill,1
56,252106,0,0.534,0.882,7,-4.161,1,0.0482,0.00785,0.0,0.107,0.368,113.045,4,grunge,1
59,220500,0,0.614,0.657,9,-3.979,1,0.0255,0.614,0.0,0.157,0.619,92.048,4,chill,1
54,292280,0,0.536,0.803,1,-2.998,1,0.0285,0.0407,0.0,0.111,0.254,107.973,4,grunge,1
61,142588,0,0.402,0.405,9,-12.486,1,0.0713,0.513,0.0167,0.155,0.072,84.873,4,chill,1
54,389906,0,0.489,0.739,2,-9.743,1,0.036,0.602,4.25e-06,0.0427,0.692,117.955,4,k-pop,1
47,354901,0,0.374,0.926,10,-6.047,0,0.081,1.63e-05,0.000459,0.114,0.176,82.037,4,grunge,0
26,212000,1,0.617,0.902,9,-3.969,1,0.0354,3.88e-05,0.0595,0.211,0.353,119.986,4,grunge,0
56,157019,0,0.886,0.59,1,-5.14,0,0.0515,0.0493,0.0,0.28,0.787,119.934,4,chill,1
66,97685,0,0.533,0.168,11,-13.329,0,0.0472,0.422,0.39,0.135,0.074,114.757,4,sad,1
48,168951,0,0.749,0.409,9,-9.263,1,0.0395,0.13,0.00222,0.152,0.486,122.979,4,chill,0
72,328992,0,0.401,0.553,5,-8.263,0,0.0337,0.47,2.96e-06,0.124,0.364,79.144,4,k-pop,1
65,240169,0,0.627,0.779,4,-4.944,0,0.0392,0.214,9.34e-06,0.112,0.619,149.929,4,pop-film,1
50,218695,0,0.282,0.916,10,-2.113,0,0.0884,0.000327,0.0,0.216,0.518,102.968,4,anime,1
50,173254,1,0.804,0.473,2,-12.99,1,0.0976,0.051,2.06e-06,0.116,0.774,112.699,5,sad,1
67,273251,0,0.849,0.853,6,-3.4,0,0.159,0.355,0.0,0.0896,0.794,129.966,4,pop,1
52,172901,0,0.616,0.505,4,-6.786,1,0.0808,0.441,0.00456,0.219,0.671,96.036,4,indian,1
38,303253,0,0.527,0.935,11,-4.118,0,0.167,0.0293,3.7e-06,0.0908,0.417,140.004,4,anime,0
47,163142,1,0.798,0.673,1,-4.937,1,0.0446,0.208,0.0,0.116,0.328,90.518,4,sad,0
55,153234,0,0.444,0.904,2,-5.01,1,0.411,0.109,0.0,0.195,0.605,194.615,3,sertanejo,1
59,183773,0,0.833,0.498,6,-4.509,1,0.0407,0.386,1.21e-05,0.118,0.701,95.017,4,chill,1
33,245386,0,0.548,0.9,8,-2.564,1,0.0448,0.168,0.0,0.127,0.635,97.227,4,anime,0
64,341386,0,0.474,0.548,11,-8.614,1,0.331,0.237,0.0,0.0791,0.676,193.671,4,pop-film,1
70,315173,0,0.7,0.343,2,-10.474,1,0.0308,0.767,0.0,0.0789,0.488,137.864,4,pop,1
63,384256,0,0.712,0.422,6,-10.688,1,0.046,0.307,1.71e-05,0.067,0.772,80.014,4,pop,1
36,199131,1,0.875,0.617,1,-6.832,0,0.347,0.061,0.0,0.0916,0.685,145.029,4,emo,0
63,211290,0,0.655,0.473,8,-9.806,1,0.0267,0.842,0.0323,0.167,0.572,92.962,4,pop-film,1
59,272169,0,0.87,0.747,6,-5.971,0,0.118,0.251,0.0,0.0532,0.817,130.032,4,indian,1
65,116920,0,0.796,0.0617,7,-22.034,0,0.0754,0.768,0.895,0.111,0.166,96.44,4,sad,1
71,254516,0,0.56,0.512,1,-7.185,0,0.0333,0.592,0.0,0.056,0.39,123.991,4,pop,1
45,199916,0,0.726,0.859,7,-4.207,1,0.0465,0.266,1.54e-06,0.786,0.677,133.967,4,sertanejo,0
61,361066,0,0.48,0.681,5,-8.002,1,0.163,0.284,0.0,0.125,0.74,88.003,4,pop-film,1
47,190619,0,0.703,0.841,8,-3.529,1,0.0522,0.572,0.0,0.848,0.602,125.966,4,sertanejo,0
64,200437,0,0.534,0.159,7,-14.304,1,0.0288,0.917,0.0,0.109,0.184,80.047,4,indian,1
69,314239,0,0.578,0.798,7,-6.01,1,0.0699,0.58,0.0,0.111,0.728,91.96,4,indian,1
66,253303,0,0.437,0.716,5,-4.306,1,0.05,0.39,0.0,0.208,0.307,170.094,4,k-pop,1
56,236239,0,0.523,0.768,0,-4.953,0,0.0566,0.447,0.000226,0.0833,0.669,75.03,4,pop-film,1
54,93249,1,0.816,0.505,1,-9.111,1,0.0457,0.691,0.0015,0.121,0.397,94.639,4,sad,1
48,201430,1,0.42,0.307,2,-15.579,0,0.0313,0.871,0.000136,0.344,0.185,87.033,4,indian,0
41,274424,0,0.862,0.625,9,-4.742,0,0.231,0.392,5.96e-05,0.109,0.648,140.102,4,indian,0
55,232013,0,0.482,0.925,1,-2.131,1,0.0514,0.0591,0.0,0.228,0.763,180.056,4,anime,1
53,341177,0,0.403,0.56,2,-7.46,1,0.0362,0.354,5.71e-06,0.125,0.168,155.701,4,k-pop,1
48,314133,0,0.668,0.626,7,-7.304,1,0.0307,0.51,0.0,0.337,0.8,119.407,3,k-pop,0
45,189298,0,0.457,0.833,1,-4.166,1,0.15,0.0923,0.0,0.19,0.574,173.789,4,sertanejo,0
60,179670,1,0.367,0.262,9,-10.671,0,0.123,0.568,0.0,0.213,0.207,204.395,4,sad,1
35,177426,0,0.332,0.976,2,-5.606,1,0.109,0.0361,0.000294,0.109,0.327,169.899,4,emo,0
51,153600,1,0.805,0.464,11,-9.159,1,0.0484,0.226,0.0,0.104,0.69,150.008,4,emo,1
54,86206,0,0.516,0.486,4,-11.45,0,0.0249,0.00411,0.277,0.34,0.454,87.045,4,indian,1
59,164745,0,0.67,0.225,11,-18.001,0,0.0316,0.913,0.923,0.0792,0.1,117.94,4,chill,1
36,169127,0,0.798,0.415,0,-5.877,1,0.0403,0.753,0.0,0.165,0.566,91.927,4,chill,0
65,200437,0,0.634,0.378,9,-8.367,1,0.0295,0.566,0.0,0.0919,0.527,123.949,4,pop,1
57,279356,0,0.818,0.829,8,-7.145,0,0.0978,0.303,8.53e-05,0.277,0.967,108.999,4,indian,1
52,202000,0,0.71,0.499,9,-6.737,0,0.0737,0.444,0.0,0.0619,0.347,79.017,4,emo,1
26,220893,0,0.602,0.92,11,-4.2,0,0.0339,0.000777,3.43e-06,0.983,0.608,116.042,4,grunge,0
52,205714,1,0.861,0.378,0,-19.649,1,0.304,0.519,8.46e-05,0.128,0.513,139.943,4,sad,1
36,244333,0,0.536,0.756,0,-7.754,0,0.0629,0.0245,0.186,0.114,0.538,89.971,4,emo,0
42,124500,0,0.715,0.22,10,-16.329,0,0.0553,0.909,0.902,0.233,0.477,80.02,4,anime,0
71,168751,0,0.666,0.639,2,-5.245,0,0.131,0.24,0.0,0.0928,0.505,144.881,4,k-pop,1
45,169061,1,0.632,0.946,0,-2.784,0,0.277,0.192,0.0,0.495,0.324,125.061,3,sad,0
47,138590,1,0.544,0.352,1,-8.603,1,0.319,0.0145,0.00898,0.132,0.248,85.686,5,emo,0
58,56823,0,0.619,0.0834,2,-23.629,0,0.0393,0.612,0.898,0.126,0.2,100.008,4,anime,1
0,173560,0,0.196,0.93,11,-5.131,1,0.0519,0.0116,0.00214,0.105,0.566,194.319,4,emo,0
49,261649,0,0.422,0.896,11,-4.799,1,0.11,0.0333,0.0,0.227,0.26,175.032,4,anime,0
33,88032,0,0.538,0.871,4,-3.951,0,0.0742,0.228,0.0,0.259,0.654,160.813,4,anime,0
53,141956,0,0.694,0.573,9,-9.218,1,0.125,0.371,0.0,0.124,0.772,167.92,4,sad,1
56,315360,0,0.592,0.624,5,-9.392,1,0.0567,0.343,5.54e-06,0.219,0.707,95.042,4,pop-film,1
59,328160,0,0.401,0.465,10,-8.47,0,0.0384,0.573,1.73e-06,0.0859,0.504,121.164,4,pop-film,1
64,285000,0,0.683,0.645,0,-5.707,1,0.0272,0.589,0.00432,0.18,0.366,121.995,4,grunge,1
58,196170,0,0.568,0.809,11,-3.869,0,0.0517,0.000253,3.33e-05,0.151,0.709,155.029,4,anime,1
0,236906,0,0.52,0.849,9,-3.794,0,0.186,0.00253,0.0,0.119,0.774,175.908,4,pop,0
34,139598,0,0.524,0.407,0,-13.153,1,0.206,0.789,0.0,0.0814,0.465,135.171,3,emo,0
66,194634,0,0.555,0.496,9,-7.175,1,0.0329,0.64,0.0,0.0767,0.391,82.229,4,pop,1
56,223610,0,0.234,0.633,5,-7.585,1,0.0301,0.000817,0.581,0.118,0.294,153.675,4,grunge,1
56,166808,1,0.699,0.322,1,-11.429,1,0.0634,0.214,0.0,0.0993,0.757,140.875,3,sad,1
53,193853,0,0.686,0.436,1,-8.865,1,0.0336,0.574,0.0,0.0955,0.162,119.959,4,chill,1
53,155289,0,0.714,0.393,5,-10.157,1,0.0754,0.733,0.00192,0.123,0.72,67.589,4,indian,1
40,128958,1,0.686,0.497,1,-9.409,0,0.105,0.605,0.0,0.172,0.453,77.02,4,sad,0
64,290053,0,0.432,0.695,1,-8.022,1,0.111,0.732,0.0014,0.274,0.513,116.153,3,indian,1
50,224426,0,0.374,0.92,1,-4.584,0,0.232,0.0264,0.0,0.153,0.365,167.946,4,anime,1
86,177466,0,0.772,0.907,3,-2.438,0,0.124,0.136,0.0,0.334,0.783,119.973,4,k-pop,1
45,140889,1,0.655,0.707,6,-10.455,1,0.0478,0.00406,0.0,0.0998,0.498,149.997,3,emo,0
59,197984,0,0.468,0.742,4,-8.229,0,0.0844,0.333,1.39e-05,0.0825,0.372,147.014,3,indian,1
47,345085,0,0.566,0.539,9,-6.818,1,0.121,0.731,0.0,0.947,0.659,87.796,4,sertanejo,0
41,162192,0,0.75,0.158,6,-24.285,0,0.337,0.964,0.922,0.223,0.507,97.567,4,chill,0
75,131077,0,0.847,0.558,8,-5.855,0,0.0663,0.325,0.0,0.135,0.495,98.062,4,pop,1
0,238106,0,0.286,0.929,11,-8.494,0,0.091,0.00231,0.00074,0.0946,0.127,99.762,4,emo,0
55,168000,1,0.891,0.624,6,-6.636,1,0.0789,0.114,0.00711,0.104,0.084,90.073,4,emo,1
30,228520,0,0.458,0.972,10,-4.393,0,0.0676,1.1e-05,0.299,0.194,0.262,114.476,4,grunge,0
55,327066,0,0.69,0.53,9,-8.95,0,0.0327,0.412,4.97e-06,0.116,0.307,95.971,4,pop-film,1
68,168308,1,0.835,0.284,7,-10.121,0,0.0778,0.631,3.96e-06,0.102,0.286,86.982,4,emo,1
78,293960,0,0.614,0.568,7,-5.477,0,0.0276,0.00797,0.0,0.0997,0.516,107.849,4,grunge,1
71,251818,0,0.481,0.496,8,-7.421,1,0.0262,0.588,0.0,0.132,0.453,89.839,4,pop,1
51,164307,1,0.711,0.465,11,-10.275,0,0.0331,0.795,0.0115,0.213,0.534,121.016,4,indian,1
47,170034,0,0.735,0.722,1,-8.373,0,0.0352,0.489,0.0,0.383,0.936,95.967,4,indian,0
66,228706,0,0.256,0.788,6,-5.263,0,0.0403,0.0298,0.0,0.707,0.429,80.718,4,grunge,1
57,94746,1,0.553,0.423,1,-8.99,1,0.123,0.733,0.000218,0.15,0.0511,99.431,4,emo,1
46,269266,0,0.79,0.784,10,-6.31,0,0.0421,0.147,0.00303,0.109,0.399,119.956,4,k-pop,0
61,195368,0,0.615,0.322,1,-10.408,1,0.0282,0.77,3.39e-05,0.11,0.256,113.064,4,chill,1
48,174215,0,0.655,0.844,2,-3.818,1,0.0447,0.363,0.0,0.41,0.605,135.76,4,sertanejo,0
61,136750,0,0.732,0.565,0,-8.366,1,0.036,0.467,0.0,0.108,0.684,126.042,4,emo,1
50,154434,0,0.898,0.435,6,-8.834,1,0.0489,0.555,0.0,0.139,0.836,115.034,4,indian,1
48,155480,0,0.787,0.388,0,-9.631,1,0.0327,0.0467,2.33e-05,0.113,0.762,114.955,4,k-pop,0
52,210968,0,0.489,0.914,11,-3.363,0,0.114,0.00624,0.0,0.325,0.692,101.27,4,anime,1
3,266773,0,0.429,0.661,11,-7.227,1,0.0281,0.00239,0.000121,0.234,0.285,173.372,4,pop,0
35,227239,0,0.385,0.903,7,-5.848,0,0.106,0.000168,0.0015,0.155,0.428,164.076,4,emo,0
48,122586,0,0.601,0.33,3,-13.346,1,0.0336,0.981,0.0159,0.355,0.461,116.058,4,chill,0
0,173947,1,0.905,0.563,8,-6.135,1,0.102,0.0254,9.71e-06,0.113,0.324,106.998,4,k-pop,0
60,145867,1,0.777,0.702,4,-6.374,0,0.041,0.0308,0.0,0.0804,0.569,121.016,4,sad,1
36,229535,0,0.591,0.695,1,-9.442,1,0.0725,0.46,0.0,0.18,0.559,81.994,4,anime,0
55,221973,0,0.498,0.957,11,-2.709,1,0.147,0.0041,0.0,0.0638,0.672,163.761,4,anime,1
79,269373,0,0.433,0.959,9,-4.04,1,0.0431,0.000917,0.0,0.028,0.365,172.984,4,grunge,1
45,200066,0,0.649,0.438,1,-19.178,1,0.0305,0.354,0.0,0.171,0.916,126.087,4,sertanejo,0
51,427781,0,0.563,0.803,5,-6.651,0,0.117,0.589,0.0,0.0735,0.792,82.909,4,indian,1
47,231360,0,0.415,0.739,7,-4.44,1,0.0472,0.683,1.29e-06,0.958,0.322,73.119,4,sertanejo,0
36,292250,0,0.586,0.405,4,-14.292,0,0.079,0.451,1.93e-05,0.196,0.263,119.794,4,emo,0
56,161400,0,0.541,0.773,8,-5.671,1,0.0537,0.13,0.0,0.215,0.551,149.887,4,sad,1
57,236373,0,0.829,0.622,10,-7.293,1,0.0518,0.293,2.8e-06,0.167,0.775,131.971,4,indian,1
50,210044,0,0.419,0.693,4,-3.522,1,0.0504,0.72,0.0,0.431,0.69,65.116,4,sertanejo,1
0,170964,0,0.438,0.178,5,-9.402,1,0.0414,0.957,1.1e-06,0.316,0.344,75.25,1,pop,0
60,136219,0,0.805,0.706,1,-14.125,1,0.0965,0.883,0.767,0.156,0.605,151.265,4,sad,1
62,160624,1,0.703,0.386,6,-11.447,1,0.0672,0.0645,1.55e-06,0.257,0.192,124.117,4,emo,1
45,219347,0,0.51,0.162,0,-13.51,1,0.0424,0.907,0.0,0.111,0.242,71.736,4,indian,0
54,156825,1,0.568,0.867,0,-5.183,1,0.15,0.209,0.0,0.407,0.441,175.994,4,emo,1
44,259213,0,0.649,0.757,6,-7.511,1,0.0582,0.817,0.0,0.34,0.913,142.123,3,k-pop,0
36,157070,1,0.689,0.512,8,-9.104,0,0.0905,0.402,0.00425,0.223,0.281,114.993,4,emo,0
41,297567,0,0.454,0.264,4,-13.661,1,0.0311,0.355,9.72e-06,0.149,0.236,92.71,4,emo,0
53,456026,0,0.339,0.276,7,-10.746,1,0.0285,0.141,0.00906,0.1,0.308,83.181,4,grunge,1
53,260989,0,0.362,0.631,2,-5.875,1,0.0436,0.315,0.0,0.377,0.246,151.157,4,sertanejo,1
49,256213,0,0.597,0.793,1,-4.829,0,0.0272,0.0271,0.0,0.134,0.641,94.996,4,anime,0
61,184833,0,0.446,0.409,9,-4.812,1,0.0547,0.766,0.0,0.0891,0.348,80.111,5,chill,1
68,193190,0,0.761,0.896,11,-3.668,0,0.215,0.0776,2.7e-06,0.124,0.65,96.957,4,pop-film,1
74,176590,1,0.562,0.579,10,-6.788,0,0.484,0.274,0.0,0.102,0.577,84.143,4,emo,1
64,202666,1,0.744,0.422,1,-8.946,1,0.294,0.0319,0.00011,0.11,0.493,180.006,4,emo,1
81,217746,0,0.468,0.779,9,-4.839,1,0.0779,0.112,0.000373,0.101,0.26,173.799,4,pop,1
56,156100,0,0.739,0.717,9,-5.614,1,0.0383,0.324,0.0,0.914,0.584,115.965,3,sertanejo,1
59,150966,0,0.804,0.577,10,-14.929,1,0.14,0.922,0.939,0.113,0.181,79.486,4,chill,1
52,206256,0,0.41,0.67,2,-4.921,1,0.0588,0.259,0.0,0.912,0.428,100.87,4,sertanejo,1
39,258540,0,0.46,0.682,6,-7.044,0,0.0442,0.00975,0.291,0.108,0.253,123.055,4,anime,0
58,366746,0,0.599,0.689,0,-5.668,0,0.0452,0.618,1.1e-05,0.119,0.537,86.927,4,pop-film,1
44,174000,0,0.435,0.157,6,-19.866,1,0.0384,0.993,0.913,0.124,0.0395,92.637,4,anime,0
52,210420,0,0.518,0.44,3,-14.536,1,0.034,0.888,0.457,0.111,0.575,76.154,4,indian,1
46,277697,0,0.575,0.845,10,-4.594,0,0.0544,0.301,0.0,0.793,0.557,124.794,4,sertanejo,0
65,179157,1,0.511,0.148,6,-15.064,1,0.0316,0.965,0.0388,0.112,0.299,133.71,4,chill,1
54,127972,1,0.594,0.449,1,-7.832,1,0.0545,0.155,0.0,0.127,0.315,82.987,4,sad,1
34,92307,1,0.934,0.539,10,-9.253,0,0.29,0.0665,0.0,0.125,0.831,130.019,4,emo,0
53,305509,0,0.649,0.683,6,-6.49,1,0.0424,0.0313,0.0,0.118,0.381,130.0,4,anime,1
65,203731,0,0.741,0.547,9,-5.029,1,0.253,0.427,0.0,0.0931,0.615,87.977,4,k-pop,1
69,169800,1,0.59,0.671,9,-6.098,1,0.0706,0.0484,0.0,0.0604,0.438,149.982,4,grunge,1
55,169450,0,0.472,0.849,4,-3.738,1,0.0315,0.00362,0.0,0.0973,0.31,144.065,4,emo,1
60,110080,1,0.934,0.677,11,-6.337,0,0.246,0.234,0.000927,0.0634,0.608,111.036,4,sad,1
67,207360,0,0.621,0.533,1,-5.974,1,0.0342,0.78,0.0,0.333,0.791,96.981,4,anime,1
47,199314,0,0.454,0.889,11,-6.006,1,0.0988,0.0846,0.0,0.95,0.515,147.729,4,sertanejo,0
53,96613,0,0.587,0.846,7,-7.749,1,0.0614,0.00676,0.588,0.0998,0.225,105.016,1,anime,1
59,304899,0,0.644,0.517,9,-6.707,0,0.0273,0.521,3.27e-06,0.0905,0.259,106.906,4,pop-film,1
59,272453,0,0.815,0.421,0,-8.125,1,0.0352,0.491,4.41e-06,0.117,0.543,140.01,4,pop-film,1
58,76734,0,0.205,0.0634,7,-29.783,1,0.0424,0.908,0.846,0.104,0.198,88.565,5,anime,1
46,297330,0,0.763,0.824,2,-5.208,1,0.192,0.102,0.0,0.672,0.474,99.943,4,sertanejo,0
66,267727,0,0.783,0.942,11,-4.371,0,0.0815,0.176,2.01e-06,0.175,0.908,132.028,4,pop-film,1
58,247455,0,0.79,0.74,10,-7.505,0,0.168,0.581,0.000165,0.523,0.948,133.526,4,pop-film,1
55,297106,0,0.36,0.548,3,-12.938,0,0.0468,0.328,0.217,0.971,0.244,121.801,3,grunge,1
56,284080,0,0.477,0.924,11,-2.997,0,0.0758,0.0477,0.0,0.0571,0.269,146.964,4,anime,1
1,239426,0,0.684,0.487,5,-5.887,1,0.0367,0.495,4.57e-06,0.0821,0.456,81.997,4,pop,0
49,227213,0,0.64,0.939,1,-3.368,0,0.0421,0.068,0.0,0.0762,0.756,113.985,4,anime,0
52,345558,0,0.371,0.668,11,-7.269,0,0.0497,0.636,2e-06,0.294,0.403,87.458,4,indian,1
52,233266,0,0.333,0.704,6,-5.528,1,0.0378,0.00374,0.0,0.0848,0.203,166.157,4,grunge,1
53,363013,0,0.602,0.874,5,-8.529,0,0.0377,0.521,0.0313,0.113,0.691,103.198,4,k-pop,1
70,200827,0,0.601,0.733,6,-5.987,0,0.0362,0.333,1.73e-06,0.406,0.375,94.017,4,pop,1
52,489293,0,0.411,0.407,9,-17.51,0,0.0363,0.72,4.84e-06,0.0827,0.578,82.799,4,k-pop,1
51,177864,0,0.727,0.0501,0,-22.997,1,0.0543,0.676,0.629,0.0878,0.218,109.988,4,chill,1
45,280720,0,0.454,0.863,4,-4.122,1,0.0351,0.025,0.0,0.0798,0.293,154.107,3,grunge,0
46,74813,0,0.358,0.732,4,-9.539,0,0.0825,0.019,0.121,0.329,0.167,87.841,4,anime,0
71,183090,0,0.631,0.649,8,-4.939,0,0.0377,0.17,0.0,0.321,0.459,108.07,4,k-pop,1
62,452832,0,0.693,0.797,6,-7.392,0,0.0704,0.343,0.00125,0.0673,0.706,90.997,4,pop-film,1
58,121951,1,0.481,0.335,7,-17.999,0,0.223,0.977,0.000142,0.18,0.514,78.721,4,sad,1
60,271339,0,0.614,0.77,5,-6.622,0,0.0574,0.333,0.000144,0.405,0.423,89.91,4,k-pop,1
65,228866,0,0.4,0.886,7,-5.078,1,0.0521,0.000868,0.000211,0.122,0.406,195.958,4,grunge,1
46,209626,0,0.593,0.675,5,-6.173,1,0.0306,0.153,0.0,0.878,0.386,98.041,4,sertanejo,0
58,120215,1,0.423,0.657,4,-6.361,1,0.0486,0.607,0.0296,0.304,0.567,129.904,4,emo,1
53,273466,0,0.572,0.754,11,-5.128,1,0.0245,0.0271,0.00091,0.0823,0.637,95.993,4,grunge,1
47,151950,0,0.622,0.934,9,-2.01,1,0.107,0.309,0.0,0.391,0.922,169.999,4,sertanejo,0
63,213520,0,0.858,0.447,10,-7.917,1,0.0343,0.67,9.19e-05,0.0738,0.256,119.98,4,pop-film,1
65,252760,0,0.806,0.932,2,-2.228,0,0.0684,0.24,0.0,0.216,0.792,106.021,4,indian,1
71,195616,0,0.742,0.911,8,-2.812,1,0.0572,0.0137,0.00081,0.0593,0.78,101.0,4,pop,1
57,96405,0,0.633,0.399,7,-10.568,1,0.0489,0.949,0.571,0.104,0.466,78.893,4,sad,1
46,251013,0,0.487,0.627,10,-6.506,0,0.0304,0.00141,3e-05,0.109,0.219,112.269,4,grunge,0
4,207445,0,0.43,0.981,5,-2.929,1,0.0744,0.00014,5.45e-06,0.287,0.585,157.01,4,grunge,0
72,284779,0,0.427,0.396,11,-7.556,1,0.0366,0.736,0.0,0.11,0.306,70.368,4,pop,1
52,211946,0,0.471,0.8,11,-6.624,0,0.0708,0.599,0.0,0.975,0.643,82.971,4,sertanejo,1
31,242746,0,0.519,0.969,6,-2.34,0,0.0662,9.03e-05,0.0,0.111,0.48,77.011,4,grunge,0
66,304466,0,0.72,0.621,2,-9.773,1,0.0491,0.676,0.0,0.0679,0.566,114.987,4,pop,1
21,322480,0,0.437,0.884,7,-6.755,1,0.11,0.00261,1.08e-05,0.652,0.407,166.98,4,anime,0
81,270000,0,0.77,0.84,11,-4.022,1,0.107,0.515,0.00452,0.145,0.192,96.012,4,pop,1
47,232800,0,0.573,0.769,2,-7.784,1,0.0736,0.0316,0.0,0.187,0.556,111.98,4,anime,0
43,224600,0,0.529,0.564,4,-4.713,1,0.0247,0.668,0.0,0.196,0.594,160.445,3,sertanejo,0
60,155294,0,0.537,0.2,5,-16.798,0,0.0457,0.721,0.952,0.279,0.0964,68.882,4,anime,1
71,251933,0,0.541,0.846,6,-2.729,0,0.0551,0.0122,0.000149,0.163,0.524,129.138,4,anime,1
60,162115,0,0.21,0.943,4,-7.656,1,0.0785,1.15e-05,0.493,0.0739,0.13,164.844,4,grunge,1
49,145546,0,0.393,0.896,2,-4.857,0,0.0817,0.00451,0.79,0.204,0.353,145.008,4,anime,0
65,284573,0,0.599,0.653,0,-7.576,0,0.122,0.362,0.0,0.144,0.678,79.968,4,pop-film,1
48,201038,0,0.616,0.901,0,-2.357,1,0.0283,0.107,4.53e-06,0.273,0.812,153.975,4,sertanejo,0
29,256333,0,0.444,0.86,5,-4.151,0,0.0367,0.00355,1.29e-06,0.105,0.421,156.142,4,grunge,0
64,298271,0,0.257,0.583,7,-8.185,1,0.0429,0.603,0.000289,0.146,0.217,160.127,4,pop-film,1
57,123587,1,0.712,0.668,4,-8.526,0,0.0387,0.0501,0.0,0.253,0.217,86.018,4,sad,1
35,165865,1,0.729,0.501,1,-10.616,1,0.115,0.497,0.0,0.111,0.373,152.001,4,emo,0
53,180754,0,0.636,0.65,6,-6.546,0,0.0354,0.788,0.0,0.657,0.536,95.974,4,sertanejo,1
43,122640,0,0.273,0.08,1,-13.988,1,0.0422,0.986,0.253,0.0628,0.184,88.252,4,indian,0
48,146864,0,0.752,0.129,7,-16.94,0,0.0531,0.845,0.0529,0.0938,0.207,118.022,4,sad,0
57,204173,0,0.545,0.861,3,-4.819,0,0.034,0.0624,0.0,0.131,0.279,105.017,4,grunge,1
33,171326,0,0.603,0.927,5,-6.999,0,0.0461,0.0743,0.0,0.56,0.755,140.048,4,anime,0
34,187173,0,0.389,0.933,6,-3.217,1,0.0667,2.07e-05,1.98e-05,0.374,0.661,143.994,4,emo,0
48,433920,0,0.715,0.743,6,-7.491,0,0.0337,0.339,0.00217,0.0983,0.259,116.962,4,indian,0
52,130909,0,0.613,0.142,9,-21.628,0,0.0426,0.897,0.93,0.109,0.0355,76.995,4,sad,1
54,158316,1,0.775,0.658,2,-5.119,1,0.175,0.0988,0.0,0.111,0.325,139.978,4,emo,1
57,178197,0,0.609,0.539,0,-8.087,1,0.0284,0.138,0.00014,0.286,0.413,99.995,4,indian,1
49,108069,1,0.864,0.556,5,-7.323,0,0.0618,0.508,0.0,0.193,0.598,133.096,4,chill,0
48,280000,0,0.33,0.927,10,-2.217,1,0.0578,0.0956,1.56e-06,0.331,0.486,88.832,4,anime,0
55,145379,1,0.754,0.677,10,-9.005,0,0.224,0.119,0.0,0.261,0.756,101.91,4,anime,1
43,305013,0,0.442,0.925,9,-3.781,1,0.0648,0.00195,0.496,0.0851,0.196,134.94,4,grunge,0
25,268986,0,0.58,0.784,7,-5.739,1,0.0289,0.0153,0.00912,0.142,0.214,129.993,4,grunge,0
83,208786,0,0.775,0.613,3,-4.586,0,0.0542,0.109,2.33e-05,0.134,0.797,100.066,4,pop,1
63,161685,0,0.873,0.238,5,-16.148,1,0.138,0.327,0.0,0.178,0.741,94.985,4,chill,1
53,176061,0,0.558,0.827,5,-5.547,1,0.0383,0.0257,0.0,0.512,0.748,106.698,4,sertanejo,1
37,206697,1,0.706,0.462,4,-11.789,0,0.196,0.681,0.0,0.164,0.41,80.077,4,emo,0
49,173053,0,0.534,0.95,2,-4.694,1,0.14,0.63,0.0,0.958,0.847,165.805,4,sertanejo,0
2,230933,0,0.5,0.887,7,-3.74,1,0.0726,0.00467,0.0,0.114,0.631,162.003,4,emo,0
56,196550,0,0.462,0.863,11,-4.412,1,0.129,0.562,0.0,0.72,0.655,160.239,4,sertanejo,1
48,145943,1,0.867,0.417,1,-9.758,1,0.208,0.0428,0.000151,0.111,0.739,157.998,4,emo,0
67,185000,0,0.402,0.731,8,-3.529,1,0.0693,0.508,0.0,0.146,0.631,171.594,4,k-pop,1
55,350068,0,0.768,0.685,2,-11.289,1,0.0303,0.13,0.000268,0.313,0.855,110.994,4,k-pop,1
35,278377,0,0.555,0.588,0,-8.503,1,0.0278,0.814,3.65e-05,0.109,0.374,94.052,4,indian,0
60,230164,0,0.664,0.792,6,-5.294,1,0.0283,0.184,0.000417,0.106,0.86,139.961,4,indian,1
33,302680,0,0.515,0.905,5,-4.62,0,0.0838,0.00232,0.0,0.157,0.899,116.037,4,anime,0
46,271706,0,0.598,0.496,4,-8.787,1,0.0497,0.763,0.0,0.122,0.747,82.029,4,k-pop,0
62,169508,0,0.782,0.52,7,-9.338,0,0.171,0.174,0.0,0.0747,0.495,113.958,4,sad,1
0,309327,1,0.71,0.522,11,-9.102,1,0.36,0.615,0.0,0.11,0.37,96.448,4,k-pop,0
85,189486,0,0.775,0.327,11,-7.241,1,0.0557,0.841,0.0,0.0821,0.595,91.05,4,pop,1
46,201346,0,0.515,0.72,11,-8.218,1,0.0285,0.0445,0.0,0.107,0.511,84.011,4,grunge,0
45,162338,0,0.428,0.911,11,-5.176,0,0.0808,0.167,0.000204,0.799,0.619,139.933,4,sertanejo,0
44,168733,0,0.597,0.548,5,-7.297,1,0.0375,0.192,0.0,0.305,0.719,78.965,4,sertanejo,0
54,198040,0,0.4,0.982,8,-2.147,1,0.123,3.15e-05,8.2e-05,0.133,0.384,155.046,3,grunge,1
57,92917,0,0.332,0.107,4,-23.231,0,0.0399,0.795,0.854,0.108,0.128,179.117,4,anime,1
69,246266,0,0.373,0.567,7,-10.835,1,0.032,0.0236,3.47e-06,0.0916,0.298,137.789,4,grunge,1
55,209306,0,0.514,0.637,0,-6.418,1,0.0363,0.213,2.24e-06,0.389,0.18,80.401,4,grunge,1
50,207826,0,0.497,0.925,2,-4.489,1,0.0745,0.00523,0.781,0.222,0.262,139.961,4,chill,1
62,284466,0,0.722,0.496,7,-7.554,0,0.0327,0.223,0.000507,0.103,0.645,92.007,4,pop-film,1
60,204853,0,0.423,0.922,3,-2.6,1,0.0411,0.017,0.0,0.102,0.567,156.046,4,grunge,1
23,82790,0,0.525,0.436,11,-16.268,0,0.0313,0.96,0.907,0.17,0.195,129.003,4,anime,0
24,310857,1,0.574,0.905,2,-3.379,1,0.0308,6.18e-05,0.00401,0.0467,0.251,104.984,4,grunge,0
25,163933,0,0.408,0.933,0,-2.828,0,0.0398,9.38e-05,0.0,0.124,0.51,136.037,4,grunge,0
4,270937,0,0.603,0.783,6,-6.012,1,0.0486,0.131,4.16e-05,0.234,0.703,127.981,4,indian,0
68,263152,0,0.631,0.631,6,-6.934,1,0.0307,0.693,0.0,0.133,0.697,89.975,4,pop,1
32,144660,1,0.669,0.394,7,-10.638,1,0.0483,0.659,0.0482,0.115,0.564,73.026,4,sad,0
67,194676,0,0.524,0.632,10,-7.285,0,0.0785,0.255,0.0,0.277,0.416,169.989,4,pop,1
56,312240,0,0.708,0.567,9,-5.703,1,0.0338,0.589,1.01e-06,0.178,0.862,79.992,4,pop-film,1
42,193764,0,0.6,0.408,3,-9.873,1,0.0248,0.838,0.0,0.107,0.265,84.984,4,indian,0
58,260466,0,0.583,0.953,5,-6.665,0,0.281,0.111,0.00111,0.116,0.584,153.354,4,pop-film,1
24,357333,0,0.557,0.645,11,-9.547,1,0.0484,0.593,0.0,0.939,0.347,88.016,4,anime,0
59,324893,0,0.474,0.498,8,-10.146,1,0.0302,0.725,0.0,0.0852,0.759,100.93,4,pop-film,1
72,307066,0,0.502,0.632,0,-4.612,1,0.0273,0.447,0.0,0.103,0.308,152.014,4,anime,1
61,184141,0,0.621,0.601,0,-7.601,1,0.124,0.154,0.0,0.0775,0.418,174.069,4,sad,1
53,118153,0,0.707,0.314,6,-14.06,0,0.0377,0.646,0.0288,0.186,0.335,114.978,4,chill,1
46,345558,0,0.371,0.668,11,-7.269,0,0.0497,0.636,2e-06,0.294,0.403,87.458,4,indian,0
1,216426,0,0.533,0.426,9,-9.525,0,0.0297,0.46,0.0,0.1,0.152,103.267,3,pop,0
56,122175,0,0.452,0.868,1,-6.03,1,0.248,0.234,0.0,0.0783,0.512,196.512,3,pop-film,1
81,165853,0,0.643,0.849,2,-5.428,1,0.0526,0.0371,0.0,0.058,0.903,162.152,4,emo,1
45,149600,0,0.656,0.47,7,-9.747,1,0.0439,0.849,0.0,0.456,0.538,144.0,4,indian,0
82,176232,0,0.837,0.717,5,-7.749,0,0.0822,0.0842,0.0,0.149,0.494,94.984,4,pop,1
1,163449,0,0.693,0.643,4,-5.867,0,0.0828,0.138,0.0,0.108,0.477,95.055,4,pop,0
44,237466,0,0.629,0.714,5,-9.183,0,0.209,0.515,0.000129,0.109,0.596,159.952,4,emo,0
85,193593,0,0.559,0.885,1,-4.515,1,0.189,0.0432,0.0,0.333,0.683,172.029,4,pop,1
24,159435,0,0.758,0.806,1,-5.206,1,0.09,0.314,0.0,0.153,0.245,97.95,4,pop-film,0
68,211223,0,0.551,0.828,5,-5.523,1,0.352,0.214,0.0,0.0571,0.928,139.662,4,k-pop,1
62,302146,0,0.554,0.47,9,-8.698,0,0.0313,0.545,0.0,0.161,0.386,111.82,4,pop-film,1
62,160624,1,0.703,0.386,6,-11.447,1,0.0672,0.0645,1.55e-06,0.257,0.192,124.117,4,sad,1
72,168085,0,0.311,0.607,1,-6.578,1,0.11,0.0174,0.0,0.131,0.286,188.7,4,k-pop,1
42,202868,0,0.782,0.461,2,-8.286,1,0.106,0.802,7.87e-05,0.0973,0.423,142.054,4,sad,0
58,340066,0,0.706,0.735,6,-7.564,1,0.0322,0.37,0.0165,0.107,0.827,119.969,4,pop-film,1
71,207466,0,0.455,0.858,11,-5.659,0,0.0391,0.000616,0.000247,0.226,0.597,163.118,4,grunge,1
63,157643,1,0.66,0.775,2,-4.926,1,0.172,0.0553,0.0,0.129,0.635,157.036,4,emo,1
65,207751,0,0.411,0.277,7,-8.844,1,0.0305,0.903,0.0,0.209,0.345,143.768,3,pop,1
75,208573,0,0.721,0.856,0,-3.117,0,0.301,0.229,0.0,0.0853,0.627,142.068,4,k-pop,1
54,254000,1,0.741,0.354,2,-15.505,1,0.0812,0.656,0.702,0.384,0.037,120.018,4,sad,1
64,144166,0,0.783,0.809,1,-10.0,0,0.221,0.0588,1e-05,0.515,0.814,140.025,4,k-pop,1
53,166373,0,0.733,0.427,7,-8.759,0,0.0768,0.0812,9.46e-05,0.0936,0.451,149.974,4,emo,1
59,353676,0,0.552,0.668,2,-9.111,1,0.0473,0.421,0.0117,0.159,0.152,95.032,4,pop-film,1
77,290526,0,0.687,0.637,10,-9.55,0,0.13,0.12,0.0,0.291,0.56,152.0,4,pop,1
37,163636,0,0.728,0.59,1,-4.083,0,0.325,0.274,0.0299,0.242,0.366,175.951,4,emo,0
46,194066,0,0.639,0.781,10,-3.776,1,0.0757,0.201,0.0,0.0996,0.595,155.036,4,sertanejo,0
35,217429,1,0.742,0.473,0,-9.857,1,0.0837,0.345,0.0,0.0911,0.381,80.035,4,emo,0
48,115434,0,0.586,0.121,11,-18.214,1,0.0321,0.92,0.106,0.0832,0.173,92.018,4,sad,0
50,183506,0,0.48,0.934,1,-8.811,1,0.0575,0.000132,0.375,0.103,0.512,154.953,4,anime,1
58,279515,1,0.752,0.481,11,-9.203,0,0.044,0.419,3.11e-05,0.366,0.393,135.671,4,sad,1
63,167967,0,0.85,0.28,1,-8.77,1,0.23,0.0931,0.606,0.0867,0.28,82.872,4,sad,1
49,348000,0,0.622,0.536,6,-3.236,1,0.0319,0.416,0.0,0.11,0.348,133.895,4,anime,0
64,284373,0,0.465,0.517,4,-6.189,1,0.0284,0.00854,0.0403,0.209,0.137,136.176,3,emo,1
0,160346,0,0.506,0.717,7,-8.69,0,0.203,0.645,0.000292,0.115,0.233,159.811,4,chill,0
60,193333,0,0.462,0.472,4,-6.913,0,0.0281,0.726,0.000107,0.136,0.238,116.777,4,k-pop,1
68,299146,0,0.695,0.293,11,-16.278,0,0.0431,0.596,0.0158,0.132,0.637,143.804,4,pop-film,1
30,279333,0,0.379,0.716,4,-4.312,1,0.0326,0.000272,0.00123,0.0786,0.239,92.721,4,grunge,0
60,179000,0,0.564,0.34,7,-8.493,1,0.0265,0.931,6.32e-05,0.143,0.603,84.722,3,sertanejo,1
60,266960,0,0.555,0.682,0,-5.711,1,0.0269,0.0029,0.0,0.0662,0.383,105.987,4,grunge,1
66,286586,0,0.637,0.825,11,-6.612,1,0.0815,0.352,0.0,0.389,0.835,92.029,4,pop-film,1
56,197957,1,0.696,0.34,2,-9.37,1,0.038,0.913,0.0,0.124,0.623,107.065,4,sad,1
66,81037,0,0.864,0.482,8,-16.789,0,0.225,0.664,1.68e-05,0.269,0.964,133.234,4,chill,1
28,137494,0,0.884,0.336,6,-9.191,0,0.0629,0.793,0.0,0.116,0.714,120.052,4,sad,0
53,157199,1,0.786,0.381,5,-11.215,0,0.031,0.332,4.58e-05,0.115,0.425,109.994,4,chill,1
46,202200,0,0.757,0.733,4,-6.706,1,0.0297,0.526,0.0,0.219,0.821,128.013,4,sertanejo,0
28,221668,0,0.325,0.864,8,-6.85,1,0.286,0.000881,0.0,0.112,0.711,139.959,4,pop-film,0
57,236325,0,0.325,0.421,2,-8.636,1,0.0561,0.659,4.46e-06,0.0825,0.204,170.363,4,k-pop,1
61,211746,0,0.642,0.489,7,-6.534,1,0.0335,0.386,0.0,0.11,0.163,116.851,3,chill,1
48,180705,1,0.719,0.521,1,-9.173,0,0.0625,0.413,0.0,0.169,0.389,85.029,4,sad,0
52,277264,0,0.483,0.939,11,-6.401,1,0.106,9.41e-06,0.00168,0.464,0.352,120.064,4,grunge,1
59,321893,0,0.638,0.915,10,-3.272,0,0.151,0.184,0.000129,0.0848,0.59,169.968,4,k-pop,1
28,284720,0,0.622,0.613,6,-9.041,1,0.0263,0.0331,8.25e-05,0.204,0.316,128.985,4,grunge,0
52,200240,0,0.569,0.97,8,-3.886,0,0.196,0.03,0.0,0.0993,0.435,95.056,4,grunge,1
1,234626,0,0.544,0.848,11,-6.804,0,0.0288,0.00395,5.22e-05,0.134,0.489,99.039,4,grunge,0
39,231428,0,0.561,0.404,0,-10.193,1,0.0324,0.735,0.0186,0.164,0.52,139.774,4,pop,0
63,140463,0,0.766,0.618,11,-8.552,0,0.124,0.0187,0.000115,0.181,0.513,95.054,4,pop-film,1
95,167303,0,0.52,0.731,6,-5.338,0,0.0557,0.342,0.00101,0.311,0.662,173.93,4,pop,1
57,121250,0,0.713,0.402,2,-8.273,1,0.0631,0.409,0.000673,0.11,0.312,81.975,4,chill,1
54,264419,0,0.576,0.355,3,-8.983,1,0.105,0.975,0.801,0.11,0.332,107.015,4,sad,1
58,169130,0,0.866,0.722,4,-6.497,0,0.143,0.213,0.0,0.183,0.912,137.969,4,emo,1
3,177280,1,0.728,0.68,8,-4.129,0,0.165,0.0865,1.06e-06,0.1,0.704,179.839,4,pop,0
50,248550,0,0.419,0.266,4,-12.62,0,0.0298,0.757,0.0,0.121,0.302,89.752,4,k-pop,1
68,195836,0,0.743,0.689,7,-2.846,1,0.0289,0.0198,0.0,0.708,0.504,104.936,4,k-pop,1
60,278093,0,0.564,0.867,8,-6.21,1,0.121,0.361,0.0,0.262,0.815,88.919,4,indian,1
51,261880,0,0.431,0.371,7,-8.709,1,0.0272,0.547,0.0154,0.0921,0.196,66.853,4,grunge,1
59,119089,0,0.771,0.0995,0,-11.712,0,0.104,0.896,0.355,0.112,0.397,122.909,4,sad,1
0,153190,0,0.604,0.741,2,-5.571,1,0.0475,0.178,3.49e-05,0.409,0.473,153.947,4,pop,0
72,228969,0,0.682,0.344,5,-8.567,1,0.0281,0.789,0.0,0.121,0.548,104.984,4,pop-film,1
58,128210,1,0.781,0.455,6,-7.982,1,0.0398,0.0716,1.56e-06,0.205,0.442,95.01,3,sad,1
44,157038,1,0.766,0.469,9,-8.51,1,0.176,0.331,0.0,0.11,0.59,92.03,4,sad,0
53,301173,0,0.856,0.682,1,-8.146,1,0.157,0.432,0.00379,0.224,0.767,127.982,4,k-pop,1
48,243266,0,0.618,0.69,3,-4.311,1,0.0268,0.292,0.0,0.202,0.252,145.989,4,sertanejo,0
58,186000,0,0.814,0.684,0,-7.962,0,0.0438,0.0426,1.37e-05,0.0571,0.893,120.038,4,pop-film,1
42,207208,0,0.299,0.178,4,-11.279,1,0.03,0.804,0.000366,0.0867,0.0653,98.92,4,indian,0
44,252400,0,0.411,0.548,9,-11.052,0,0.0314,0.0129,0.893,0.64,0.0968,96.969,4,indian,0
33,295000,0,0.517,0.742,4,-6.067,0,0.0725,0.0995,0.0125,0.0947,0.0637,121.206,4,emo,0
71,108493,0,0.742,0.675,8,-6.551,1,0.0907,0.139,0.0,0.167,0.679,145.989,4,pop,1
34,200359,0,0.533,0.921,2,-5.439,1,0.049,0.0572,0.0,0.373,0.717,94.958,4,emo,0
60,256000,0,0.354,0.277,7,-10.62,1,0.0271,0.782,0.0585,0.218,0.163,60.037,4,chill,1
26,285000,0,0.495,0.881,1,-6.141,0,0.036,0.0134,0.0,0.32,0.541,127.012,4,anime,0
61,259230,1,0.51,0.963,10,-2.662,0,0.0523,0.00806,0.000151,0.175,0.57,155.976,4,anime,1
71,234722,0,0.37,0.467,2,-6.973,1,0.0411,0.442,0.0,0.109,0.162,137.796,4,pop,1
67,275000,0,0.477,0.685,2,-4.554,1,0.0325,0.105,0.0,0.277,0.308,152.04,4,anime,1
33,73000,1,0.412,0.943,8,-4.095,1,0.0939,2.01e-05,0.0,0.17,0.535,166.76,4,emo,0
64,173173,0,0.548,0.911,10,-3.701,1,0.0397,0.000345,0.0,0.23,0.654,128.036,4,grunge,1
45,166874,1,0.806,0.535,9,-7.196,1,0.0404,0.265,0.000164,0.112,0.404,80.511,4,sad,0
52,121398,1,0.694,0.419,2,-12.082,1,0.222,0.0312,0.0,0.106,0.154,86.013,4,emo,1
69,284233,0,0.649,0.86,6,-4.07,0,0.0359,0.38,0.000547,0.147,0.585,96.025,4,pop,1
48,118461,0,0.516,0.485,0,-10.219,1,0.0301,0.0159,0.76,0.185,0.27,78.04,4,anime,0
74,224072,0,0.787,0.603,9,-4.781,1,0.034,0.435,0.0,0.101,0.743,106.984,4,pop-film,1
52,291306,0,0.488,0.741,2,-4.683,1,0.0736,0.492,4.13e-06,0.96,0.334,77.381,4,sertanejo,1
46,198946,0,0.73,0.554,9,-4.794,1,0.0384,0.534,0.0,0.292,0.84,85.924,4,sertanejo,0
58,205435,0,0.603,0.64,0,-5.601,1,0.0318,0.258,0.0,0.349,0.699,129.988,4,pop-film,1
63,231306,0,0.593,0.712,2,-6.325,0,0.0286,0.00184,0.0,0.128,0.473,124.013,4,grunge,1
66,212195,0,0.768,0.806,8,-6.277,1,0.0517,0.376,1.65e-06,0.0787,0.925,123.039,4,pop-film,1
33,268387,0,0.518,0.69,1,-9.981,0,0.0618,0.0375,1.86e-06,0.0955,0.192,92.986,4,anime,0
56,414466,0,0.536,0.403,9,-6.38,1,0.0335,0.362,0.0,0.292,0.246,141.551,4,emo,1
61,159149,1,0.645,0.708,5,-6.005,0,0.0382,0.00909,0.000356,0.115,0.282,80.503,4,emo,1
64,219686,0,0.751,0.669,3,-6.532,0,0.0359,0.342,1.31e-05,0.0822,0.359,119.014,4,indian,1
52,114929,1,0.778,0.599,1,-8.031,1,0.319,0.033,0.0,0.127,0.676,142.047,4,emo,1
65,148858,1,0.783,0.607,9,-7.268,0,0.133,0.091,0.0,0.0986,0.862,92.109,4,pop,1
56,224733,0,0.703,0.795,1,-8.632,1,0.0409,0.433,0.0,0.453,0.631,117.946,4,grunge,1
55,297826,0,0.42,0.899,11,-5.446,0,0.0745,0.000431,0.000245,0.23,0.193,132.016,4,grunge,1
56,128906,0,0.749,0.124,10,-16.562,1,0.0398,0.849,0.819,0.132,0.164,108.016,4,chill,1
63,231533,0,0.179,0.912,4,-3.881,0,0.0791,0.0014,0.000294,0.582,0.289,182.99,3,grunge,1
58,80190,0,0.606,0.349,2,-10.032,1,0.198,0.0762,0.0711,0.1,0.239,180.055,4,emo,1
3,201573,0,0.512,0.796,1,-4.075,1,0.0645,0.00147,0.000209,0.0938,0.344,171.014,4,pop,0
66,308158,0,0.533,0.436,5,-7.521,0,0.0276,0.234,3.17e-06,0.46,0.371,146.868,3,pop-film,1
56,228116,0,0.505,0.642,7,-5.864,1,0.0339,0.643,0.0,0.151,0.427,159.775,4,pop-film,1
67,117692,1,0.792,0.551,7,-5.769,1,0.037,0.307,0.0,0.101,0.45,103.967,4,sad,1
44,167116,0,0.622,0.73,10,-2.961,1,0.0633,0.131,0.0,0.107,0.491,151.843,4,sertanejo,0
67,158667,1,0.77,0.614,11,-5.49,0,0.0816,0.0671,0.0,0.0873,0.698,115.012,4,sad,1
44,214026,0,0.567,0.474,5,-6.806,1,0.027,0.293,0.0,0.226,0.415,130.036,4,sertanejo,0
47,148353,0,0.642,0.802,11,-7.262,1,0.0589,0.538,0.0,0.186,0.845,164.1,4,sertanejo,0
54,174293,0,0.767,0.624,7,-11.214,0,0.0876,0.097,0.000605,0.104,0.0629,90.011,4,sad,1
41,174294,0,0.401,0.309,11,-13.078,0,0.0819,0.898,0.0,0.111,0.0659,81.767,4,indian,0
64,289999,0,0.606,0.601,2,-5.576,1,0.0283,0.796,0.000511,0.127,0.453,125.961,4,indian,1
52,203520,0,0.293,0.904,11,-4.155,0,0.0736,1.92e-05,0.0,0.103,0.294,172.168,4,grunge,1
60,149843,0,0.662,0.525,6,-8.546,0,0.0341,0.281,0.0,0.199,0.577,133.937,4,sad,1
63,185508,0,0.519,0.352,7,-8.332,1,0.0244,0.762,0.0,0.113,0.269,78.943,3,k-pop,1
26,144732,0,0.814,0.341,10,-10.316,1,0.0467,0.0626,0.0,0.165,0.517,130.891,4,chill,0
49,298912,0,0.427,0.504,8,-10.458,1,0.0628,0.537,0.0192,0.371,0.107,73.522,4,indian,0
30,259056,0,0.381,0.944,6,-7.461,1,0.188,0.00522,0.0,0.994,0.27,103.945,4,grunge,0
51,285000,0,0.34,0.606,4,-8.517,1,0.0379,0.798,0.00205,0.0963,0.268,151.383,4,indian,1
37,216807,0,0.481,0.658,7,-4.572,1,0.0474,0.261,0.0,0.173,0.541,203.994,4,anime,0
67,204800,0,0.582,0.693,6,-5.048,1,0.0465,0.114,0.0,0.13,0.341,125.904,4,k-pop,1
47,324500,0,0.533,0.464,5,-9.128,1,0.0385,0.672,0.00071,0.456,0.482,79.171,4,k-pop,0
35,165373,0,0.506,0.943,8,-3.504,1,0.055,0.00788,0.0,0.0267,0.793,111.21,4,emo,0
62,151041,0,0.708,0.485,2,-5.552,1,0.0699,0.21,0.0,0.104,0.281,139.99,4,chill,1
61,275695,0,0.531,0.661,1,-5.836,1,0.0907,0.103,0.0,0.0779,0.278,149.934,4,k-pop,1
61,308346,0,0.551,0.413,0,-7.719,1,0.0315,0.684,2.43e-06,0.111,0.391,179.979,3,pop-film,1
72,281856,0,0.577,0.812,8,-4.801,1,0.0535,0.158,0.0,0.25,0.758,160.1,3,pop-film,1
81,190960,0,0.759,0.54,9,-6.039,0,0.0287,0.037,0.0,0.0945,0.75,116.947,4,pop,1
46,102089,0,0.73,0.408,4,-15.503,0,0.169,0.855,0.948,0.409,0.385,133.976,4,anime,0
49,200000,0,0.443,0.816,7,-5.475,1,0.0655,0.209,0.0,0.962,0.554,123.972,4,sertanejo,0
57,84023,0,0.578,0.172,1,-13.684,1,0.35,0.883,3.32e-06,0.401,0.424,138.717,4,sad,1
44,338960,0,0.543,0.728,4,-5.403,1,0.0292,0.0154,1.42e-05,0.136,0.257,132.001,4,anime,0
63,203500,0,0.632,0.372,6,-12.723,1,0.0403,0.53,0.806,0.117,0.278,81.012,4,chill,1
47,179116,0,0.67,0.488,1,-3.355,1,0.0363,0.756,0.0,0.181,0.78,145.022,4,sertanejo,0
57,267280,0,0.514,0.475,0,-5.202,1,0.0249,0.608,0.0,0.313,0.164,92.374,5,pop-film,1
59,232000,0,0.588,0.178,8,-17.502,1,0.0489,0.877,0.0,0.107,0.358,129.763,4,chill,1
58,169415,0,0.722,0.582,10,-8.231,0,0.403,0.148,2.67e-06,0.044,0.892,169.917,4,chill,1
64,121457,1,0.814,0.54,0,-9.66,1,0.321,0.617,0.0,0.173,0.476,160.039,4,sad,1
60,120015,1,0.733,0.512,6,-5.068,0,0.0389,0.56,1.33e-05,0.174,0.564,79.972,4,sad,1
60,258036,0,0.652,0.681,0,-7.565,1,0.0379,0.503,8.2e-06,0.181,0.677,81.489,4,indian,1
46,202092,0,0.565,0.627,5,-6.151,1,0.0361,0.511,0.0,0.662,0.42,135.904,4,sertanejo,0
62,246266,0,0.384,0.735,7,-6.522,1,0.0317,0.0252,2.76e-05,0.114,0.312,137.834,4,grunge,1
32,206066,1,0.476,0.96,8,-3.933,1,0.0936,0.00552,0.0,0.203,0.407,111.876,4,emo,0
61,272866,0,0.347,0.576,7,-4.701,1,0.0322,0.00645,0.0,0.342,0.139,137.622,4,grunge,1
57,90124,0,0.516,0.26,1,-13.279,1,0.0694,0.706,0.0,0.293,0.627,96.389,4,chill,1
92,239317,0,0.801,0.806,11,-5.206,1,0.0381,0.382,0.000669,0.114,0.802,106.999,4,pop,1
59,180333,0,0.524,0.345,7,-15.659,1,0.0261,0.489,0.013,0.342,0.771,106.621,4,anime,1
68,211573,0,0.623,0.962,4,-2.616,0,0.0895,0.103,0.000174,0.264,0.676,149.963,4,emo,1
27,233333,0,0.491,0.927,7,-4.534,1,0.036,0.000565,0.00974,0.118,0.634,134.714,4,grunge,0
66,314440,0,0.48,0.588,2,-10.773,1,0.0339,0.00213,0.712,0.319,0.305,177.018,4,grunge,1
43,168653,0,0.512,0.744,0,-3.957,0,0.0606,0.451,0.0,0.258,0.728,112.906,4,sertanejo,0
57,123151,0,0.627,0.652,5,-8.545,0,0.122,0.214,0.0,0.0767,0.487,160.089,4,sad,1
86,198081,1,0.677,0.696,0,-6.181,1,0.119,0.321,0.0,0.42,0.464,90.03,4,pop,1
41,160844,0,0.647,0.45,4,-12.358,1,0.0339,0.563,6.89e-05,0.143,0.339,94.962,4,indian,0
45,185560,0,0.694,0.445,6,-6.516,1,0.0305,0.808,0.0,0.0959,0.929,90.065,4,sertanejo,0
57,140732,1,0.78,0.494,1,-7.973,1,0.114,0.604,0.0933,0.11,0.395,109.987,4,sad,1
51,211999,0,0.439,0.266,2,-7.548,1,0.0329,0.57,0.0,0.108,0.242,69.611,4,chill,1
69,130947,0,0.681,0.255,7,-16.305,1,0.0479,0.742,0.165,0.105,0.274,119.952,4,sad,1
35,167897,0,0.795,0.566,2,-8.124,1,0.159,0.431,0.0,0.189,0.453,140.874,4,emo,0
49,146670,0,0.563,0.68,0,-7.591,0,0.419,0.741,2.49e-06,0.275,0.349,143.843,4,sad,0
60,332266,0,0.739,0.375,7,-9.36,0,0.0541,0.119,0.0,0.0863,0.581,90.952,4,pop-film,1
64,208320,0,0.588,0.23,5,-20.647,0,0.0423,0.643,2.66e-05,0.164,0.286,135.978,4,pop,1
67,230146,0,0.829,0.435,0,-10.136,1,0.0515,0.0363,0.881,0.119,0.594,103.817,4,chill,1
70,334173,0,0.537,0.628,10,-5.342,0,0.029,0.148,0.0,0.0355,0.514,97.87,4,pop,1
0,183066,0,0.623,0.668,6,-7.282,0,0.0531,0.475,0.0,0.0862,0.823,161.948,4,pop,0
63,192229,0,0.767,0.561,2,-7.418,0,0.0509,0.118,0.0,0.0737,0.542,90.021,4,emo,1
77,180022,0,0.783,0.722,2,-4.864,1,0.0357,0.00537,0.00209,0.105,0.306,97.031,4,k-pop,1
37,334906,0,0.341,0.662,9,-5.023,0,0.0335,0.105,0.0,0.113,0.2,174.875,4,grunge,0
50,225440,0,0.426,0.908,0,-3.437,0,0.0504,0.00686,0.0,0.167,0.16,150.979,4,grunge,1
63,223933,0,0.753,0.95,8,-5.09,0,0.16,0.0104,6.32e-06,0.134,0.868,144.02,4,k-pop,1
54,184866,0,0.524,0.939,9,-3.994,1,0.113,0.00022,0.0,0.623,0.661,150.184,4,grunge,1
54,289920,0,0.721,0.683,11,-6.577,0,0.0252,0.238,8.08e-06,0.092,0.901,112.991,4,k-pop,1
54,191506,0,0.588,0.881,11,-2.57,1,0.0304,0.00476,6.79e-06,0.0752,0.887,135.786,4,anime,1
58,188000,1,0.721,0.496,1,-9.805,0,0.0728,0.273,0.0,0.157,0.321,114.047,4,chill,1
38,384240,0,0.552,0.45,10,-8.094,1,0.0268,0.586,3.33e-06,0.154,0.403,75.008,4,anime,0
60,244786,0,0.313,0.941,7,-1.741,1,0.133,0.0112,0.0,0.363,0.35,178.061,4,anime,1
68,320960,0,0.822,0.446,7,-8.899,0,0.0321,0.486,0.00102,0.147,0.654,119.994,4,pop,1
49,160184,1,0.699,0.304,1,-11.192,1,0.0993,0.779,0.000993,0.137,0.271,119.705,4,emo,0
63,280071,0,0.32,0.516,3,-6.163,0,0.0279,0.421,0.0,0.123,0.394,97.727,4,pop-film,1
45,198400,0,0.715,0.915,4,-4.058,1,0.0448,0.0761,2.29e-05,0.42,0.909,150.053,4,sertanejo,0
75,182693,0,0.695,0.818,5,-5.379,0,0.0334,0.00647,4.87e-06,0.0219,0.916,119.965,4,emo,1
53,269032,0,0.495,0.654,3,-6.639,0,0.0679,0.713,0.0,0.165,0.35,123.896,4,indian,1
57,154285,0,0.741,0.645,6,-5.997,1,0.0423,0.469,6.95e-05,0.121,0.546,139.972,4,chill,1
49,160020,0,0.462,0.217,1,-15.251,1,0.0422,0.133,0.0401,0.129,0.233,89.868,4,sad,0
70,206640,1,0.505,0.909,2,-4.316,1,0.0622,0.000179,0.0,0.0922,0.457,160.051,4,grunge,1
64,126642,1,0.464,0.244,2,-14.386,0,0.0433,0.754,0.000186,0.165,0.343,92.472,4,chill,1
57,256360,0,0.676,0.702,6,-8.891,0,0.0455,0.255,1.99e-05,0.114,0.627,113.006,4,pop-film,1
54,249466,0,0.179,0.953,5,-2.686,1,0.202,1.5e-05,0.00109,0.363,0.337,153.955,5,grunge,1
54,243931,0,0.649,0.788,9,-9.607,1,0.0373,0.0717,0.00232,0.0936,0.869,104.999,4,indian,1
52,298916,0,0.421,0.584,9,-6.386,1,0.0723,0.398,0.0,0.109,0.282,76.495,4,sertanejo,1
43,262506,0,0.807,0.594,5,-5.756,0,0.0306,0.419,0.00179,0.119,0.527,120.002,4,k-pop,0
64,322506,0,0.773,0.436,4,-10.972,0,0.0321,0.672,0.00678,0.197,0.533,115.917,4,pop,1
55,252226,0,0.521,0.621,5,-5.268,1,0.0289,0.411,0.0,0.211,0.377,72.982,4,anime,1
53,237516,0,0.598,0.671,6,-11.228,0,0.0505,0.0535,0.0,0.228,0.701,88.582,4,indian,1
27,214106,0,0.478,0.827,0,-6.023,1,0.0722,0.00739,8.83e-06,0.322,0.313,140.028,4,grunge,0
73,194853,0,0.215,0.927,9,-7.327,1,0.0452,0.000273,0.00661,0.126,0.49,170.814,4,grunge,1
56,158515,0,0.684,0.539,2,-7.526,1,0.0894,0.079,0.0,0.165,0.309,99.924,4,chill,1
58,181149,0,0.697,0.655,1,-9.781,0,0.15,0.0626,0.774,0.353,0.415,86.969,4,chill,1
45,214000,0,0.544,0.649,11,-5.917,1,0.0319,0.711,0.0,0.364,0.303,139.993,4,sertanejo,0
33,245134,0,0.542,0.678,3,-7.413,1,0.0328,0.00435,0.000783,0.0878,0.271,116.72,4,emo,0
65,252026,0,0.592,0.54,8,-11.249,0,0.0587,0.692,0.00187,0.0965,0.354,111.955,4,anime,1
61,237558,0,0.675,0.692,8,-6.353,1,0.0963,0.29,0.0,0.178,0.514,109.971,4,pop-film,1
40,137717,0,0.574,0.465,1,-6.881,0,0.0352,0.311,0.0,0.0847,0.504,85.02,4,pop-film,0
1,200000,0,0.567,0.815,10,-4.668,1,0.0286,0.000277,0.104,0.0867,0.378,97.937,4,grunge,0
46,189108,0,0.381,0.548,2,-4.606,1,0.0368,0.8,0.0,0.432,0.39,68.42,4,sertanejo,0
58,246813,0,0.493,0.947,0,-0.717,1,0.0701,0.111,0.0,0.345,0.656,137.124,4,anime,1
51,291655,0,0.484,0.416,10,-11.415,1,0.03,0.547,0.00284,0.133,0.522,179.451,4,k-pop,1
64,184110,1,0.562,0.47,2,-10.722,1,0.0717,0.455,0.0,0.113,0.271,159.728,4,chill,1
51,195306,0,0.756,0.604,2,-7.541,1,0.033,0.205,0.0,0.813,0.961,112.159,3,sertanejo,1
56,193044,0,0.509,0.466,10,-14.996,0,0.0378,0.753,0.973,0.0983,0.26,138.486,4,sad,1
47,178094,1,0.63,0.468,10,-6.395,1,0.0337,0.67,0.0,0.313,0.393,164.031,4,sad,0
59,173133,1,0.482,0.46,4,-12.716,0,0.577,0.357,0.0,0.51,0.434,82.686,4,sad,1
59,312839,0,0.795,0.842,0,-5.208,1,0.166,0.0534,0.0044,0.0402,0.776,95.027,4,pop-film,1
56,344360,0,0.78,0.732,1,-9.021,1,0.0538,0.298,0.0,0.0685,0.804,114.934,4,pop-film,1
48,228960,0,0.444,0.651,5,-7.787,1,0.0497,0.496,0.000366,0.247,0.415,124.921,3,indian,0
49,189493,0,0.32,0.68,1,-6.112,1,0.0666,0.161,0.0,0.773,0.57,203.7,4,sertanejo,0
32,281597,0,0.531,0.939,7,-3.632,0,0.337,0.303,0.0,0.264,0.812,169.683,4,anime,0
73,261959,0,0.28,0.87,10,-4.219,0,0.0592,0.000686,0.00608,0.101,0.284,164.057,4,emo,1
0,179690,0,0.533,0.838,1,-5.625,0,0.0837,0.0251,0.0,0.318,0.722,80.049,4,sad,0
59,306626,0,0.642,0.562,9,-9.304,0,0.0607,0.584,0.0,0.104,0.671,149.82,4,indian,1
63,263967,0,0.712,0.776,5,-7.424,0,0.213,0.541,2.17e-06,0.0896,0.96,89.934,4,pop-film,1
66,139870,1,0.676,0.717,7,-8.641,1,0.323,0.323,0.0,0.118,0.451,162.016,4,emo,1
56,369360,0,0.829,0.622,3,-10.679,0,0.0512,0.424,0.000538,0.209,0.757,129.969,4,pop-film,1
48,193333,0,0.609,0.833,4,-3.816,1,0.0735,0.0795,0.0,0.933,0.747,102.992,4,sertanejo,0
0,250293,0,0.508,0.558,7,-6.605,1,0.0238,0.00351,4.18e-05,0.0822,0.16,81.599,4,grunge,0
56,161535,0,0.772,0.44,2,-11.046,1,0.0549,0.434,0.0,0.181,0.472,109.962,4,chill,1
90,233720,0,0.609,0.692,1,-2.958,1,0.0259,0.0157,0.0,0.0864,0.454,116.959,3,pop,1
75,238628,0,0.602,0.841,8,-3.334,0,0.109,0.0354,0.0,0.235,0.684,157.937,4,k-pop,1
59,329851,0,0.464,0.481,0,-6.391,0,0.033,0.787,1.09e-06,0.127,0.263,199.765,4,pop-film,1
63,241680,0,0.346,0.901,1,-4.617,1,0.12,0.0103,0.0,0.358,0.434,199.934,4,anime,1
11,383469,0,0.358,0.764,8,-3.913,1,0.0338,0.572,5.64e-06,0.378,0.562,74.538,4,pop-film,0
60,327226,0,0.645,0.908,11,-4.682,0,0.0997,0.421,1.6e-06,0.381,0.877,104.233,4,pop-film,1
59,139357,0,0.76,0.207,11,-13.359,0,0.0809,0.523,0.11,0.103,0.199,124.955,4,chill,1
71,289942,0,0.546,0.786,4,-9.486,1,0.212,0.349,1.35e-06,0.109,0.434,99.798,3,pop,1
56,96235,1,0.691,0.805,7,-7.072,0,0.116,0.732,0.0,0.271,0.87,129.508,4,sad,1
51,144000,1,0.655,0.635,3,-6.872,1,0.17,0.819,6.05e-05,0.11,0.174,80.065,4,sad,1
63,146293,0,0.553,0.685,2,-10.624,1,0.0266,0.145,0.859,0.138,0.491,79.998,4,chill,1
47,203842,0,0.649,0.568,10,-10.051,1,0.0496,0.46,0.0,0.0933,0.325,116.793,4,chill,0
49,219234,0,0.565,0.919,5,-3.378,0,0.0898,0.0128,0.0,0.292,0.565,92.325,4,anime,0
49,144570,0,0.727,0.438,0,-7.393,0,0.0546,0.423,2.83e-05,0.113,0.359,81.017,4,sad,0
54,175280,0,0.604,0.842,0,-8.481,1,0.0472,0.149,0.0,0.568,0.504,103.71,4,sertanejo,1
1,168839,0,0.854,0.446,1,-8.957,0,0.198,0.313,0.215,0.156,0.57,92.545,4,pop,0
59,209583,1,0.508,0.491,2,-11.152,1,0.0866,0.327,0.0,0.109,0.111,120.234,4,emo,1
44,222640,0,0.454,0.669,7,-5.52,1,0.0386,0.644,0.0,0.171,0.525,105.0,4,sertanejo,0
61,207880,0,0.786,0.536,0,-7.955,0,0.0526,0.253,0.000172,0.183,0.375,119.043,4,chill,1
0,215200,0,0.552,0.443,7,-7.558,1,0.0276,0.776,0.0,0.101,0.448,111.895,4,emo,0
46,165228,0,0.792,0.351,2,-12.751,1,0.473,0.0782,3.39e-05,0.0857,0.213,92.895,4,indian,0
66,168750,0,0.286,0.63,1,-7.051,1,0.0661,0.000834,0.000752,0.107,0.313,179.975,3,emo,1
55,120333,1,0.649,0.337,2,-18.103,1,0.0695,0.508,0.806,0.0922,0.187,92.047,3,emo,1
59,144862,0,0.661,0.79,7,-8.29,1,0.0509,0.0281,0.00019,0.107,0.7,106.961,4,anime,1
62,202760,0,0.753,0.91,0,-2.591,1,0.0517,0.171,0.0,0.367,0.825,123.983,4,k-pop,1
44,119076,0,0.665,0.3,7,-10.559,1,0.0449,0.771,0.671,0.284,0.0882,130.07,4,sad,0
53,257866,0,0.411,0.691,1,-7.894,0,0.0321,1.55e-05,0.0522,0.0987,0.189,142.987,4,grunge,1
54,160114,1,0.796,0.495,8,-9.895,0,0.251,0.689,0.0,0.107,0.506,120.001,4,sad,1
45,190012,0,0.522,0.234,1,-12.907,1,0.0365,0.854,0.0128,0.102,0.366,119.854,3,indian,0
63,191030,0,0.556,0.423,4,-4.998,0,0.0274,0.441,0.0,0.0867,0.179,110.086,4,k-pop,1
49,276178,0,0.675,0.533,0,-5.62,1,0.0349,0.293,0.0,0.113,0.91,134.976,4,indian,0
56,415236,0,0.387,0.649,0,-5.197,1,0.0571,0.681,5.57e-06,0.3,0.779,92.682,4,pop-film,1
59,217339,1,0.661,0.43,1,-13.013,1,0.0642,0.848,0.000873,0.142,0.327,113.932,4,sad,1
67,235500,0,0.587,0.776,0,-4.892,1,0.0807,0.141,0.0,0.109,0.606,159.906,4,pop,1
74,263440,0,0.577,0.604,5,-5.703,1,0.0495,0.000218,0.000579,0.477,0.637,167.719,4,grunge,1
54,255080,0,0.472,0.994,8,-1.786,1,0.114,0.0259,0.0,0.0535,0.262,103.512,4,anime,1
61,178143,0,0.533,0.5,7,-8.273,1,0.0481,0.772,0.0,0.112,0.14,99.77,4,chill,1
56,101100,0,0.561,0.364,7,-11.111,1,0.0286,0.812,8.94e-06,0.268,0.233,137.911,4,sad,1
45,274626,0,0.216,0.684,7,-10.282,1,0.0473,0.00174,0.93,0.057,0.0908,101.804,3,anime,0
43,264087,0,0.404,0.668,10,-5.746,0,0.0303,0.0137,0.000326,0.123,0.495,136.98,3,anime,0
49,191336,1,0.795,0.629,7,-8.295,0,0.0862,0.0637,0.00108,0.0896,0.684,143.049,4,emo,0
38,319586,0,0.159,0.814,7,-4.073,1,0.0436,0.00221,0.0,0.116,0.324,152.033,3,grunge,0
69,219638,0,0.76,0.651,5,-9.997,0,0.173,0.308,0.0,0.177,0.714,99.955,4,pop,1
69,254626,0,0.277,0.67,6,-9.381,1,0.0376,6.28e-05,0.751,0.237,0.217,148.342,4,grunge,1
38,236120,0,0.227,0.484,2,-5.373,1,0.0304,0.135,8.64e-06,0.116,0.209,79.98,4,emo,0
76,109325,1,0.667,0.457,6,-6.885,0,0.439,0.341,0.0,0.114,0.266,97.604,4,chill,1
48,173893,1,0.661,0.666,4,-6.088,1,0.0509,0.0486,0.0,0.0821,0.539,166.944,4,emo,0
71,224853,0,0.704,0.563,4,-4.739,0,0.0297,0.594,0.0,0.133,0.0739,94.037,4,pop,1
59,144396,0,0.776,0.634,0,-6.479,0,0.0992,0.266,0.0,0.126,0.662,149.986,4,chill,1
47,190129,1,0.705,0.472,2,-8.149,0,0.0413,0.612,0.0,0.111,0.246,97.977,4,sad,0
61,151683,1,0.646,0.546,7,-6.9,1,0.0303,0.106,0.00492,0.207,0.252,105.047,4,emo,1
48,214831,0,0.367,0.571,11,-5.688,1,0.0357,0.357,0.0,0.903,0.273,174.131,3,sertanejo,0
44,226120,0,0.295,0.704,7,-7.531,1,0.042,0.571,0.000732,0.648,0.544,183.668,4,sertanejo,0
66,151733,0,0.519,0.445,0,-5.452,0,0.206,0.434,0.0,0.258,0.505,200.021,4,k-pop,1
52,244669,0,0.602,0.388,0,-12.098,0,0.0536,0.334,3.7e-05,0.126,0.3,140.006,4,k-pop,1
57,175242,1,0.647,0.341,0,-8.51,1,0.0382,0.752,0.0,0.102,0.337,79.07,4,sad,1
47,219221,0,0.48,0.861,11,-2.201,0,0.0749,0.398,0.0,0.972,0.605,163.95,4,sertanejo,0
0,242096,0,0.586,0.616,5,-7.964,1,0.0324,0.182,0.0,0.0927,0.719,148.088,4,pop,0
54,244682,0,0.549,0.788,11,-3.207,1,0.0473,0.235,0.0,0.452,0.352,111.874,4,sertanejo,1
56,162901,1,0.802,0.579,6,-4.12,0,0.0325,0.189,0.0,0.219,0.647,111.994,4,sad,1
60,167832,0,0.71,0.639,1,-10.024,1,0.0367,0.0443,0.0151,0.231,0.869,143.019,4,chill,1
59,184426,0,0.2,0.863,5,-3.424,1,0.0626,0.000651,0.0,0.339,0.468,93.977,3,grunge,1
24,98000,0,0.57,0.336,5,-12.397,1,0.0379,0.942,0.871,0.103,0.145,119.835,4,anime,0
58,270260,1,0.963,0.417,10,-15.525,0,0.182,0.635,0.00686,0.275,0.711,114.968,4,sad,1
64,161376,0,0.426,0.842,1,-6.238,0,0.236,0.000397,0.00125,0.379,0.366,157.86,4,emo,1
48,252471,0,0.365,0.489,0,-6.894,1,0.0405,0.477,0.0,0.122,0.513,153.59,4,sertanejo,0
54,130621,0,0.728,0.307,9,-22.114,0,0.186,0.857,0.843,0.183,0.341,130.17,4,sad,1
59,275093,0,0.501,0.371,7,-11.093,1,0.0291,0.891,0.000114,0.101,0.286,129.871,3,pop-film,1
43,218083,0,0.621,0.23,7,-14.341,1,0.0259,0.676,0.0022,0.11,0.229,92.08,4,indian,0
78,231575,0,0.63,0.739,0,-3.942,1,0.0248,0.194,0.0,0.113,0.224,109.985,4,pop,1
65,139971,0,0.477,0.581,8,-8.795,1,0.119,0.523,0.0,0.201,0.282,129.571,4,k-pop,1
66,222096,0,0.678,0.449,4,-9.379,0,0.0869,0.477,0.0,0.536,0.606,100.033,4,pop,1
77,231486,0,0.55,0.448,11,-9.117,1,0.0366,0.777,0.000459,0.111,0.388,147.986,4,pop,1
62,284466,0,0.722,0.496,7,-7.554,0,0.0327,0.223,0.000507,0.103,0.645,92.007,4,k-pop,1
43,106666,0,0.797,0.348,10,-12.885,0,0.042,0.955,0.937,0.162,0.364,126.026,4,anime,0
40,154346,0,0.709,0.395,7,-10.621,1,0.0396,0.696,0.00115,0.135,0.463,129.825,4,indian,0
58,283973,0,0.621,0.619,6,-9.047,1,0.0264,0.0349,6.88e-05,0.168,0.325,128.967,4,grunge,1
68,173320,1,0.668,0.873,9,-4.556,1,0.215,0.0967,0.000275,0.239,0.455,146.006,4,emo,1
74,244724,0,0.706,0.527,5,-8.706,0,0.0269,0.139,0.000169,0.112,0.144,103.008,4,pop,1
33,181500,1,0.902,0.485,7,-6.095,1,0.404,0.731,0.000623,0.129,0.284,144.032,4,emo,0
66,274853,0,0.803,0.426,3,-11.54,1,0.0742,0.418,2.23e-05,0.11,0.556,114.945,4,k-pop,1
47,310962,0,0.461,0.378,9,-8.231,1,0.0344,0.746,0.0,0.201,0.399,140.535,4,sertanejo,0
75,185365,0,0.79,0.764,4,-4.685,0,0.0737,0.0836,0.0871,0.132,0.473,123.046,4,chill,1
59,208461,1,0.459,0.66,9,-6.963,1,0.208,0.918,0.000147,0.121,0.621,179.75,4,sad,1
62,307451,0,0.358,0.479,4,-5.879,0,0.0286,0.511,9.72e-06,0.435,0.333,121.467,4,pop-film,1
48,234066,0,0.533,0.477,0,-4.287,1,0.032,0.68,0.0,0.14,0.306,145.846,4,sertanejo,0
48,224960,0,0.502,0.658,7,-8.954,1,0.0465,0.0911,2.01e-06,0.93,0.49,83.758,4,sertanejo,0
47,240600,0,0.566,0.576,4,-7.653,1,0.0979,0.748,0.0,0.211,0.731,123.405,3,sertanejo,0
64,136357,0,0.78,0.527,9,-4.702,0,0.0296,0.0563,0.000412,0.0437,0.588,99.986,4,emo,1
67,279429,0,0.644,0.423,11,-8.702,0,0.0324,0.464,0.0,0.11,0.509,131.903,4,pop-film,1
48,151347,0,0.779,0.554,2,-8.247,1,0.0667,0.0608,0.0,0.0942,0.299,90.016,4,emo,0
61,152500,0,0.636,0.427,7,-7.908,0,0.0253,0.698,0.0,0.111,0.618,83.538,4,sad,1
64,193373,0,0.622,0.671,5,-6.426,1,0.026,0.014,0.0,0.304,0.572,84.996,4,chill,1
73,167573,0,0.676,0.869,1,-1.573,1,0.0423,0.115,0.0,0.132,0.594,120.029,4,k-pop,1
43,303167,0,0.544,0.413,11,-8.606,1,0.159,0.961,0.908,0.115,0.438,126.142,3,sad,0
65,135000,1,0.859,0.545,9,-9.39,1,0.248,0.853,0.0,0.0928,0.722,128.0,4,sad,1
58,147790,0,0.618,0.52,4,-9.232,1,0.367,0.719,0.0117,0.146,0.698,144.922,4,chill,1
34,96995,0,0.644,0.738,6,-7.635,0,0.0331,0.691,0.0,0.136,0.83,133.982,4,anime,0
61,287840,0,0.56,0.318,9,-11.106,0,0.0317,0.857,1.88e-06,0.11,0.684,80.238,4,pop-film,1
59,253100,1,0.619,0.332,5,-13.864,1,0.0243,0.769,0.00551,0.069,0.645,83.023,4,indian,1
62,297706,0,0.557,0.327,4,-13.651,1,0.0273,0.844,0.000732,0.118,0.61,98.225,4,pop-film,1
42,193907,1,0.718,0.495,8,-8.381,0,0.352,0.237,0.0,0.1,0.668,150.979,4,indian,0
67,183092,0,0.868,0.572,0,-6.217,0,0.112,0.101,0.0,0.103,0.485,96.985,4,pop,1
0,211294,0,0.507,0.828,10,-6.023,1,0.0449,0.00711,2.44e-05,0.261,0.489,178.032,4,pop,0
60,256333,0,0.142,0.92,9,-4.426,1,0.115,2.65e-05,0.00518,0.126,0.193,171.763,3,grunge,1
54,123876,0,0.714,0.111,11,-19.202,1,0.074,0.864,0.925,0.121,0.268,123.987,4,chill,1
55,137910,0,0.493,0.312,8,-15.138,0,0.0386,0.742,0.925,0.115,0.153,134.063,4,chill,1
55,190122,0,0.561,0.526,6,-10.005,0,0.0258,0.774,0.00605,0.103,0.463,89.996,4,indian,1
50,229394,0,0.444,0.637,11,-3.73,0,0.0361,0.17,0.0,0.112,0.23,79.821,4,anime,1
71,230903,0,0.748,0.472,0,-9.266,0,0.125,0.596,1.1e-05,0.102,0.364,149.97,4,pop,1
60,82470,1,0.683,0.0759,11,-10.567,0,0.032,0.902,0.0,0.089,0.74,93.186,4,emo,1
65,230875,0,0.489,0.625,9,-6.497,0,0.0584,0.288,0.0,0.133,0.439,149.921,3,pop,1
71,261974,0,0.528,0.449,5,-6.25,0,0.025,0.785,0.0,0.122,0.317,94.058,4,pop-film,1
43,238000,0,0.411,0.73,11,-6.555,0,0.0572,0.0161,0.0028,0.104,0.128,139.698,4,emo,0
50,151327,0,0.806,0.515,9,-6.834,1,0.0455,0.0696,2.46e-06,0.0639,0.633,112.989,4,chill,1
62,86227,1,0.675,0.362,2,-13.254,1,0.0299,0.000506,0.43,0.134,0.383,116.98,4,emo,1
45,322146,0,0.829,0.701,0,-8.031,0,0.0451,0.0604,0.0155,0.349,0.72,119.993,4,k-pop,0
80,197993,0,0.724,0.804,11,-4.614,0,0.0448,0.124,0.0,0.204,0.306,124.987,4,pop,1
59,197557,0,0.762,0.556,0,-7.144,0,0.0406,0.13,0.0,0.081,0.649,95.025,4,chill,1
55,186682,0,0.511,0.418,7,-7.388,1,0.0416,0.821,0.0,0.926,0.465,118.795,4,sertanejo,1
46,229413,0,0.568,0.785,9,-8.47,0,0.0491,0.0963,0.0,0.907,0.349,133.939,4,sertanejo,0
59,337400,0,0.454,0.853,5,-6.494,1,0.0367,0.046,0.000198,0.334,0.531,150.081,4,grunge,1
56,247880,0,0.562,0.897,10,-4.882,0,0.0635,0.00166,0.0985,0.379,0.526,129.929,4,anime,1
58,519226,0,0.403,0.633,11,-8.537,0,0.0419,0.366,0.001,0.366,0.722,83.408,4,pop-film,1
58,142857,0,0.467,0.274,5,-15.183,0,0.0322,0.854,0.905,0.176,0.0396,126.077,4,chill,1
44,269880,0,0.436,0.888,5,-2.839,1,0.0945,0.0957,0.0,0.116,0.637,164.971,4,anime,0
43,262912,0,0.628,0.987,6,-5.633,1,0.0407,0.021,0.000838,0.111,0.776,130.021,4,indian,0
66,222096,0,0.678,0.449,4,-9.379,0,0.0869,0.477,0.0,0.536,0.606,100.033,4,indian,1
52,96018,0,0.582,0.197,7,-13.155,1,0.0493,0.748,0.923,0.101,0.149,99.816,4,chill,1
47,285280,0,0.507,0.56,10,-7.177,0,0.034,0.878,0.000572,0.338,0.592,127.318,4,k-pop,0
70,289333,0,0.476,0.788,9,-4.821,0,0.0446,0.237,2.49e-05,0.106,0.746,90.066,4,indian,1
45,201254,0,0.339,0.497,5,-8.904,1,0.0494,0.727,2.18e-06,0.103,0.556,149.965,3,indian,0
45,200000,0,0.677,0.719,0,-4.454,1,0.0286,0.241,0.0,0.895,0.614,104.939,3,sertanejo,0
34,144471,0,0.642,0.125,2,-23.236,1,0.0544,0.114,0.484,0.569,0.169,117.972,4,sad,0
63,309973,0,0.465,0.711,5,-6.178,1,0.0265,0.00411,0.000548,0.164,0.255,101.46,4,emo,1
56,231502,0,0.383,0.635,1,-6.331,1,0.095,0.496,0.0,0.0715,0.4,95.112,4,indian,1
49,264840,0,0.577,0.634,0,-5.597,0,0.0286,0.18,1.15e-06,0.186,0.392,80.991,4,indian,0
60,155294,0,0.537,0.2,5,-16.798,0,0.0457,0.721,0.952,0.279,0.0964,68.882,4,chill,1
45,170033,0,0.633,0.851,8,-3.524,1,0.213,0.424,0.0,0.459,0.726,157.922,4,sertanejo,0
49,409026,0,0.596,0.437,9,-11.855,1,0.0337,0.378,1.52e-05,0.139,0.446,108.721,4,k-pop,0
50,103200,0,0.784,0.146,10,-18.221,1,0.0552,0.739,0.00523,0.0991,0.191,75.035,4,chill,1
9,231124,0,0.632,0.773,6,-4.856,1,0.0346,0.0623,0.0,0.0885,0.474,130.033,4,pop,0
62,200546,0,0.392,0.965,10,-4.441,0,0.063,6.97e-05,0.0427,0.106,0.298,167.094,4,grunge,1
68,159942,0,0.779,0.331,1,-10.115,1,0.0794,0.411,0.00577,0.11,0.182,96.012,4,pop,1
50,301087,0,0.718,0.699,1,-6.155,1,0.0357,0.465,0.0,0.119,0.793,139.079,4,k-pop,1
59,273925,0,0.533,0.723,3,-4.301,0,0.0614,0.283,0.0,0.0678,0.591,97.848,4,pop-film,1
100,156943,0,0.714,0.472,2,-7.375,1,0.0864,0.013,4.51e-06,0.266,0.238,131.121,4,pop,1
1,183066,0,0.623,0.668,6,-7.282,0,0.0531,0.475,0.0,0.0862,0.823,161.948,4,pop,0
0,203122,0,0.708,0.598,5,-8.365,1,0.0291,0.037,0.0,0.17,0.698,112.027,4,pop,0
70,186760,0,0.668,0.705,9,-5.731,0,0.0356,0.0274,0.0,0.215,0.549,129.984,4,k-pop,1
43,141176,0,0.661,0.409,1,-12.402,0,0.204,0.59,0.000929,0.268,0.128,85.081,4,sad,0
59,276153,0,0.841,0.914,11,-3.917,0,0.0613,0.0958,0.0,0.115,0.651,104.014,4,indian,1
84,199986,0,0.726,0.787,4,-2.494,1,0.0737,0.009,0.0,0.0596,0.888,124.99,4,pop,1
51,156280,0,0.435,0.28,9,-23.598,0,0.0352,0.976,0.932,0.0805,0.547,163.981,4,anime,1
52,144757,1,0.577,0.733,1,-8.048,1,0.0688,0.0879,0.0,0.108,0.585,160.103,4,sad,1
62,163404,1,0.765,0.468,6,-11.39,0,0.245,0.616,0.000206,0.095,0.447,141.042,4,chill,1
71,374333,0,0.271,0.551,3,-8.46,1,0.0272,0.0307,0.000581,0.118,0.2,143.899,3,grunge,1
35,239706,0,0.584,0.692,0,-5.992,1,0.0313,0.0762,0.00122,0.0971,0.379,120.016,4,grunge,0
40,90117,0,0.379,0.0138,2,-25.238,0,0.0467,0.991,0.948,0.106,0.378,65.14,4,anime,0
63,96053,0,0.778,0.309,8,-16.688,1,0.324,0.915,0.0925,0.343,0.556,80.115,4,sad,1
67,260433,0,0.656,0.798,0,-6.608,1,0.103,0.00862,0.0,0.321,0.573,92.031,4,k-pop,1
23,196000,0,0.515,0.53,10,-8.767,1,0.0444,0.197,0.00012,0.108,0.0764,120.474,4,sad,0
49,116122,0,0.865,0.229,10,-13.292,1,0.0799,0.759,0.916,0.107,0.323,120.018,4,anime,0
33,173400,0,0.483,0.873,11,-6.981,1,0.0458,0.00454,3.02e-06,0.297,0.662,151.276,4,grunge,0
0,206696,0,0.741,0.695,1,-5.341,1,0.0454,0.021,0.0,0.0922,0.861,134.032,4,pop,0
4,203122,0,0.708,0.598,5,-8.365,1,0.0291,0.037,0.0,0.17,0.698,112.027,4,pop,0
35,204705,0,0.232,0.966,0,-3.12,0,0.151,3.98e-05,1.19e-05,0.215,0.572,169.751,4,emo,0
40,293571,0,0.782,0.781,6,-7.409,1,0.0394,0.0258,0.00535,0.0654,0.939,140.054,4,indian,0
35,190266,0,0.489,0.97,6,-3.832,1,0.125,0.00837,0.0,0.163,0.42,102.508,4,emo,0
45,190493,0,0.753,0.245,5,-9.439,1,0.0322,0.757,0.0,0.105,0.407,97.906,3,sertanejo,0
36,205145,0,0.552,0.742,2,-7.801,1,0.118,0.219,2.25e-05,0.21,0.537,200.029,4,pop-film,0
52,203495,0,0.325,0.968,1,-4.47,1,0.156,0.00677,0.0258,0.183,0.364,184.085,4,anime,1
65,387947,0,0.568,0.726,9,-6.087,0,0.0366,0.491,0.000764,0.122,0.564,118.842,4,pop-film,1
55,209690,0,0.815,0.403,6,-9.278,1,0.0641,0.756,0.0018,0.0931,0.622,97.017,4,indian,1
53,243622,0,0.376,0.932,3,-5.342,1,0.0984,4.99e-06,2.13e-05,0.318,0.319,163.956,4,grunge,1
32,287921,0,0.506,0.658,0,-5.649,1,0.0376,0.328,0.0,0.089,0.805,157.938,4,anime,0
57,269295,0,0.627,0.316,3,-15.572,0,0.314,0.962,0.91,0.115,0.124,114.643,4,sad,1
50,105210,1,0.918,0.546,7,-6.022,1,0.248,0.309,0.0,0.19,0.818,130.001,4,emo,1
54,267120,0,0.552,0.804,11,-7.233,0,0.0968,0.00486,2.75e-05,0.414,0.543,127.039,4,anime,1
66,222066,0,0.438,0.864,2,-5.185,1,0.47,0.0118,1.66e-06,0.431,0.594,167.898,4,k-pop,1
60,105142,1,0.774,0.352,6,-13.13,0,0.214,0.105,0.741,0.348,0.258,80.51,4,sad,1
47,289709,0,0.669,0.776,4,-5.496,0,0.0576,0.0163,0.667,0.195,0.504,75.002,4,indian,0
49,242458,0,0.734,0.911,0,-2.466,1,0.059,0.16,0.0,0.303,0.778,141.828,4,sertanejo,0
41,136605,0,0.509,0.209,6,-14.619,0,0.0269,0.209,0.00234,0.0903,0.0382,72.022,4,indian,0
48,123310,0,0.459,0.161,10,-19.988,1,0.0335,0.89,0.0362,0.112,0.157,144.917,4,chill,0
69,175874,0,0.404,0.43,5,-8.313,1,0.0336,0.779,0.000172,0.0941,0.51,106.322,5,pop,1
39,235034,1,0.616,0.593,11,-7.145,0,0.0501,0.0995,2.31e-06,0.324,0.332,144.947,4,emo,0
52,100450,0,0.885,0.301,7,-10.622,1,0.0482,0.73,0.107,0.359,0.488,122.025,4,chill,1
55,248493,0,0.417,0.882,3,-4.319,1,0.0323,9.11e-05,0.0,0.12,0.449,174.015,4,grunge,1
67,233630,0,0.512,0.695,4,-6.349,1,0.0271,0.0265,0.00815,0.146,0.351,145.957,4,pop,1
15,140411,0,0.74,0.687,0,-9.084,0,0.202,0.00935,0.0544,0.117,0.154,145.956,4,indian,0
66,116981,1,0.756,0.551,6,-5.788,0,0.0406,0.706,0.0,0.186,0.59,118.047,4,sad,1
52,225178,0,0.547,0.774,11,-4.448,1,0.0487,0.013,0.0,0.115,0.705,129.414,4,anime,1
66,229840,1,0.552,0.988,1,-2.555,0,0.0787,0.000108,0.309,0.846,0.619,139.941,4,grunge,1
1,194087,0,0.701,0.425,7,-10.965,1,0.375,0.328,0.13,0.1,0.562,135.128,4,pop,0
62,139706,1,0.582,0.414,0,-11.211,1,0.041,0.0491,0.000843,0.393,0.0515,98.017,4,emo,1
0,313124,0,0.652,0.657,3,-4.491,0,0.0306,0.00208,6.93e-05,0.0859,0.0861,127.997,4,pop,0
0,311146,0,0.435,0.623,0,-5.299,1,0.036,0.456,0.0,0.113,0.397,87.794,4,anime,0
4,470251,0,0.663,0.806,0,-7.962,1,0.0623,0.672,1.66e-06,0.904,0.961,93.958,4,pop-film,0
43,206346,0,0.565,0.897,1,-6.319,1,0.111,0.000571,0.000879,0.646,0.601,150.356,4,grunge,0
48,106950,0,0.557,0.416,0,-8.122,0,0.0706,0.448,0.000152,0.0844,0.371,66.303,3,k-pop,0
50,280520,0,0.577,0.821,9,-4.553,1,0.0545,0.331,0.0,0.295,0.536,87.984,4,indian,1
58,225810,0,0.186,0.479,0,-9.437,0,0.034,0.408,0.911,0.0884,0.0361,141.617,4,anime,1
54,222493,1,0.521,0.254,2,-13.554,1,0.407,0.654,0.0,0.427,0.55,115.65,4,sad,1
43,173652,0,0.763,0.871,2,-5.712,1,0.0359,0.429,0.0,0.866,0.904,114.934,4,sertanejo,0
55,163604,0,0.742,0.663,10,-6.506,0,0.0397,0.107,0.000732,0.106,0.411,134.99,4,sad,1
76,170344,0,0.813,0.415,0,-5.926,1,0.0349,0.777,0.0,0.131,0.667,91.921,4,chill,1
0,169756,0,0.601,0.713,4,-3.758,0,0.0449,0.0282,0.0,0.158,0.464,122.872,4,pop,0
74,246380,0,0.583,0.817,9,-5.146,0,0.099,0.118,0.0,0.338,0.437,105.935,4,k-pop,1
42,216500,0,0.478,0.929,0,-5.019,1,0.0701,0.00337,0.0172,0.0939,0.438,90.026,4,emo,0
0,196638,1,0.877,0.607,1,-6.736,1,0.102,0.00181,1.69e-05,0.107,0.131,100.995,4,k-pop,0
69,225012,0,0.72,0.824,10,-5.086,0,0.128,0.0394,0.0,0.0509,0.333,165.996,4,k-pop,1
0,231124,0,0.632,0.773,6,-4.856,1,0.0346,0.0623,0.0,0.0885,0.474,130.033,4,pop,0
56,296840,0,0.755,0.67,8,-11.099,0,0.0426,0.00309,0.0,0.0674,0.856,119.997,4,pop-film,1
30,110097,0,0.462,0.712,7,-3.744,0,0.0407,0.661,6.5e-06,0.29,0.658,83.093,4,pop-film,0
59,148034,0,0.798,0.117,0,-16.003,1,0.0723,0.992,0.821,0.114,0.192,137.83,4,chill,1
57,235391,0,0.721,0.496,4,-8.063,1,0.0508,0.845,0.0,0.11,0.217,131.969,3,pop-film,1
59,157714,0,0.806,0.449,2,-8.933,1,0.104,0.479,0.0,0.31,0.688,140.045,4,chill,1
45,212393,0,0.597,0.665,4,-2.682,1,0.034,0.799,0.0,0.42,0.682,134.346,4,sertanejo,0
54,242733,0,0.444,0.961,6,-3.835,0,0.112,0.000715,0.00577,0.31,0.667,90.036,4,anime,1
68,200146,0,0.402,0.97,2,-4.538,0,0.0668,1.29e-05,2.62e-06,0.189,0.476,75.106,4,grunge,1
0,293692,0,0.373,0.114,5,-13.171,1,0.041,0.937,4.73e-05,0.104,0.172,90.945,1,pop,0
72,341933,0,0.702,0.86,7,-3.969,1,0.0345,0.361,1.33e-06,0.133,0.829,120.042,4,pop,1
59,131201,1,0.671,0.288,1,-14.176,1,0.496,0.468,0.0,0.139,0.42,68.287,5,chill,1
53,206608,0,0.512,0.643,5,-14.806,0,0.0495,0.154,0.823,0.0909,0.0521,194.002,4,chill,1
67,219560,1,0.344,0.309,4,-9.26,0,0.0545,0.0444,0.0111,0.0929,0.0398,97.899,4,emo,1
53,135306,0,0.816,0.226,10,-11.314,1,0.0983,0.739,6.68e-06,0.112,0.141,97.938,4,chill,1
54,156000,0,0.706,0.21,1,-21.867,0,0.0604,0.737,0.817,0.0938,0.246,139.888,4,chill,1
63,158048,1,0.516,0.743,11,-6.107,0,0.282,0.07,0.0,0.107,0.445,81.335,4,pop,1
0,173947,1,0.905,0.563,8,-6.135,1,0.102,0.0254,9.71e-06,0.113,0.324,106.998,4,k-pop,0
63,226321,0,0.639,0.706,7,-7.874,1,0.448,0.0104,0.0,0.132,0.259,105.782,4,k-pop,1
52,212571,0,0.58,0.636,2,-6.649,1,0.0262,0.191,0.0313,0.0915,0.38,105.037,3,indian,1
55,138947,0,0.691,0.323,6,-16.599,1,0.119,0.897,0.942,0.0975,0.382,75.955,4,chill,1
63,191225,0,0.765,0.787,1,-3.647,0,0.0445,0.0156,0.0,0.0736,0.381,124.949,4,k-pop,1
33,811760,0,0.336,2.03e-05,5,-6.783,1,0.0834,0.00786,0.00215,0.094,0.285,128.587,1,emo,0
49,130612,1,0.748,0.662,4,-6.816,0,0.0306,0.155,3.8e-05,0.116,0.487,146.981,4,sad,0
60,218775,0,0.503,0.37,11,-17.502,1,0.0489,0.768,0.599,0.116,0.102,78.963,4,sad,1
39,291093,0,0.422,0.936,5,-3.835,0,0.126,0.00245,1.95e-05,0.231,0.226,159.941,4,emo,0
58,297324,0,0.755,0.719,6,-1.461,0,0.0297,0.654,1.57e-06,0.0984,0.807,104.042,4,pop-film,1
73,192452,0,0.737,0.747,10,-4.818,1,0.0323,0.269,0.0,0.219,0.447,105.943,4,k-pop,1
57,269295,0,0.627,0.316,3,-15.572,0,0.314,0.962,0.91,0.115,0.124,114.643,4,chill,1
59,134844,0,0.841,0.519,8,-9.814,0,0.0475,0.0694,0.0,0.0672,0.132,106.97,4,sad,1
45,144071,0,0.668,0.884,0,-3.239,1,0.0651,0.663,0.0,0.45,0.707,116.993,4,sertanejo,0
56,149017,0,0.779,0.585,5,-8.244,0,0.0556,0.296,1.71e-05,0.0838,0.46,100.021,4,sad,1
54,310333,0,0.511,0.701,1,-7.861,1,0.0252,0.000253,0.563,0.0631,0.189,84.318,4,grunge,1
44,262500,0,0.56,0.314,2,-10.601,1,0.032,0.525,1.48e-05,0.104,0.172,140.044,3,indian,0
69,237680,0,0.702,0.913,11,-2.977,1,0.0374,0.0514,3.72e-06,0.166,0.735,137.981,4,k-pop,1
75,201960,0,0.656,0.932,4,-3.405,0,0.0708,0.00347,0.00147,0.144,0.544,130.936,4,grunge,1
0,207445,0,0.43,0.981,5,-2.929,1,0.0744,0.00014,5.45e-06,0.287,0.585,157.01,4,grunge,0
44,113506,0,0.909,0.237,10,-11.229,0,0.0833,0.721,0.023,0.211,0.079,119.828,4,emo,0
48,75053,0,0.577,0.647,7,-5.773,1,0.0323,0.627,0.0,0.37,0.528,112.979,4,k-pop,0
72,232513,0,0.502,0.425,6,-12.018,0,0.0413,0.664,0.0,0.364,0.72,180.2,3,pop,1
64,278213,0,0.426,0.792,9,-4.709,1,0.0374,0.000495,5.1e-06,0.142,0.557,161.994,4,grunge,1
44,272747,0,0.522,0.665,1,-7.694,0,0.43,0.632,2.86e-06,0.112,0.395,83.077,1,indian,0
42,142163,1,0.855,0.68,8,-8.041,1,0.428,0.0601,0.0,0.0417,0.818,129.843,4,indian,0
46,193973,0,0.374,0.564,7,-6.394,1,0.0415,0.737,0.0,0.915,0.465,208.701,4,sertanejo,0
60,308786,0,0.746,0.803,9,-3.813,1,0.0366,0.275,1.7e-05,0.0741,0.831,144.024,4,pop-film,1
0,192226,0,0.624,0.683,0,-6.188,1,0.0415,0.0129,0.0,0.106,0.492,127.091,4,emo,0
53,122083,0,0.813,0.315,4,-16.954,0,0.0414,0.853,0.706,0.192,0.604,105.116,4,sad,1
63,161270,0,0.725,0.308,10,-14.737,0,0.0417,0.813,0.748,0.573,0.122,124.004,4,anime,1
52,157231,0,0.736,0.145,11,-9.215,1,0.0336,0.855,0.0,0.108,0.235,129.832,4,chill,1
50,112289,0,0.36,0.586,9,-7.536,1,0.036,0.0752,0.0889,0.0835,0.0368,89.831,4,anime,1
72,204973,0,0.599,0.816,11,-3.412,0,0.0556,0.0911,2.17e-06,0.0961,0.399,106.962,4,k-pop,1
45,208777,0,0.355,0.264,0,-10.174,1,0.029,0.539,0.00353,0.0988,0.107,93.021,3,indian,0
43,287258,0,0.498,0.239,0,-12.622,0,0.0327,0.864,0.0089,0.258,0.154,127.965,3,k-pop,0
61,214853,0,0.462,0.89,1,-4.853,1,0.0382,2.99e-05,0.00909,0.0685,0.383,155.008,4,grunge,1
60,140000,1,0.634,0.526,7,-8.21,0,0.036,0.172,0.0373,0.128,0.143,143.998,4,sad,1
42,157101,1,0.646,0.446,11,-13.238,0,0.278,0.225,0.0,0.154,0.105,82.098,4,chill,0
59,295866,1,0.406,0.763,5,-7.246,0,0.0929,0.569,0.0,0.345,0.65,147.986,4,sad,1
56,283346,0,0.706,0.528,7,-7.431,0,0.0312,0.257,0.0019,0.112,0.634,92.021,4,k-pop,1
57,143376,1,0.842,0.7,9,-7.567,1,0.294,0.058,7.54e-06,0.48,0.846,153.969,4,emo,1
50,247960,0,0.641,0.885,10,-3.046,1,0.0403,0.0886,0.0,0.293,0.866,101.99,4,anime,1
40,189864,0,0.711,0.521,10,-6.997,0,0.0312,0.0144,0.0,0.322,0.816,101.016,4,emo,0
62,367446,0,0.823,0.689,10,-7.791,0,0.0639,0.247,0.000139,0.133,0.569,104.996,4,pop-film,1
49,221224,0,0.368,0.845,6,-4.87,0,0.057,0.000243,1.1e-06,0.253,0.314,82.781,4,grunge,0
49,190275,0,0.536,0.0486,4,-17.507,0,0.132,0.92,0.822,0.0821,0.157,128.263,4,anime,0
53,144226,0,0.406,0.0277,2,-28.568,0,0.0542,0.987,0.745,0.0788,0.189,147.966,4,anime,1
0,132732,0,0.464,0.642,5,-3.656,1,0.032,0.0189,0.0,0.0957,0.828,151.592,4,pop,0
68,220480,0,0.528,0.831,8,-3.607,1,0.0429,9.43e-05,0.0,0.141,0.632,131.094,3,emo,1
43,167817,0,0.62,0.24,10,-9.262,1,0.0382,0.878,3.16e-06,0.157,0.556,72.007,4,chill,0
66,243573,0,0.407,0.896,6,-2.935,1,0.063,0.012,0.0,0.196,0.156,138.697,3,grunge,1
62,227625,0,0.718,0.803,6,-4.983,1,0.0318,0.182,1.85e-06,0.111,0.889,110.009,4,anime,1
35,181096,0,0.736,0.683,9,-6.516,0,0.315,0.257,0.0,0.0902,0.276,86.033,4,emo,0
58,101635,0,0.734,0.295,11,-8.598,1,0.889,0.636,0.0,0.0741,0.788,199.99,4,k-pop,1
45,293944,0,0.654,0.85,5,-4.568,0,0.157,0.038,0.0,0.184,0.532,104.859,4,indian,0
61,201600,0,0.581,0.432,1,-10.701,1,0.168,0.799,0.000178,0.0844,0.309,150.185,4,indian,1
54,214821,0,0.731,0.143,2,-16.589,1,0.0334,0.843,3e-05,0.308,0.452,111.881,4,indian,1
41,133725,0,0.771,0.324,1,-20.507,0,0.0455,0.959,0.949,0.328,0.102,114.0,4,anime,0
72,200672,1,0.83,0.583,0,-2.052,1,0.0412,0.0563,0.0005,0.109,0.146,134.0,4,chill,1
41,196744,0,0.489,0.387,5,-11.834,1,0.0341,0.587,4.1e-05,0.121,0.42,172.135,3,indian,0
66,374205,0,0.523,0.557,7,-7.799,1,0.0293,0.813,0.000581,0.0958,0.196,111.766,4,pop-film,1
38,222026,0,0.452,0.873,9,-4.867,1,0.0613,0.000519,0.0,0.0592,0.433,80.473,4,grunge,0
64,177230,0,0.589,0.791,11,-3.443,0,0.0521,0.00717,0.0,0.149,0.387,129.978,4,sad,1
43,129600,0,0.5,0.214,6,-14.635,1,0.079,0.859,0.0,0.124,0.401,74.85,4,indian,0
67,185070,1,0.634,0.658,7,-8.537,0,0.314,0.814,0.0,0.134,0.86,166.05,4,emo,1
37,195000,0,0.765,0.649,0,-6.16,1,0.104,0.00288,0.000259,0.108,0.251,124.043,4,emo,0
54,303750,0,0.403,0.826,6,-5.01,1,0.0721,0.493,0.0,0.139,0.358,73.226,4,k-pop,1
85,172324,1,0.737,0.802,0,-4.771,1,0.0878,0.468,0.0,0.0931,0.682,144.015,4,pop,1
53,144917,1,0.884,0.804,7,-6.923,1,0.15,0.162,0.0,0.151,0.835,105.944,4,anime,1
53,93786,0,0.524,0.815,1,-5.414,1,0.0369,0.0482,0.0,0.122,0.638,136.072,4,anime,1
46,181120,0,0.551,0.687,2,-7.821,1,0.0425,0.278,0.0,0.783,0.577,135.999,4,sertanejo,0
45,163332,0,0.696,0.746,0,-5.278,1,0.181,0.229,0.0,0.627,0.826,75.014,4,sertanejo,0
64,181622,0,0.757,0.393,5,-7.942,1,0.212,0.788,0.000986,0.0501,0.715,77.985,4,chill,1
61,242166,0,0.713,0.606,7,-5.718,0,0.0328,0.315,0.0,0.262,0.492,90.005,4,anime,1
57,94662,0,0.376,0.0555,7,-28.725,1,0.0365,0.764,0.824,0.38,0.106,141.204,3,anime,1
63,101799,0,0.334,0.3,2,-12.359,0,0.0377,0.863,1.62e-06,0.195,0.158,147.076,4,pop-film,1
46,203893,0,0.473,0.785,2,-5.019,1,0.0298,0.0935,0.0,0.0813,0.376,183.991,4,grunge,0
53,292338,0,0.284,0.935,10,-5.555,0,0.13,5.06e-06,0.000153,0.268,0.307,103.92,4,grunge,1
57,123870,0,0.682,0.141,2,-19.345,0,0.0616,0.801,0.886,0.112,0.109,93.099,4,chill,1
36,202718,0,0.607,0.695,0,-9.537,1,0.0567,0.163,4.26e-06,0.109,0.594,150.061,4,pop-film,0
30,157586,0,0.499,0.747,11,-5.476,1,0.0558,0.0187,9.64e-05,0.0932,0.685,123.347,4,grunge,0
52,251821,0,0.512,0.738,6,-9.004,0,0.0356,0.576,0.0418,0.238,0.791,159.95,4,anime,1
47,291134,0,0.854,0.835,8,-4.711,1,0.0476,0.108,7.27e-05,0.0517,0.804,119.992,4,indian,0
71,147579,0,0.605,0.371,1,-10.487,0,0.0431,0.396,0.0,0.147,0.496,149.566,4,pop,1
59,482586,0,0.484,0.898,0,-4.132,1,0.164,0.365,0.0,0.091,0.68,91.975,4,indian,1
13,141290,1,0.681,0.399,10,-11.06,0,0.0507,0.866,1.82e-06,0.137,0.19,124.211,4,sad,0
55,86979,1,0.469,0.35,7,-17.721,1,0.122,0.903,0.668,0.186,0.383,118.325,4,sad,1
57,202500,0,0.663,0.281,8,-17.336,0,0.0285,0.813,0.951,0.0886,0.11,96.01,4,chill,1
44,228853,0,0.385,0.449,5,-9.432,0,0.0379,0.564,0.00101,0.0818,0.172,179.898,3,anime,0
50,239516,0,0.565,0.827,7,-4.911,1,0.0764,0.212,0.0,0.3,0.69,159.816,4,sertanejo,1
33,110886,1,0.598,0.457,9,-6.081,0,0.0602,0.661,0.000331,0.146,0.225,146.052,4,emo,0
64,186893,0,0.373,0.737,1,-5.282,1,0.0297,9.4e-06,0.0,0.0696,0.565,177.9,4,grunge,1
66,207617,0,0.564,0.979,9,-3.102,1,0.104,0.0091,0.0,0.249,0.505,126.059,4,k-pop,1
74,211520,0,0.517,0.906,1,-3.677,1,0.0735,0.00272,9.26e-06,0.113,0.731,172.977,4,emo,1
45,228000,0,0.452,0.616,9,-4.618,1,0.0398,0.732,0.0,0.855,0.27,116.647,4,sertanejo,0
65,121630,1,0.797,0.293,5,-7.479,1,0.08,0.591,0.0724,0.148,0.478,80.035,4,emo,1
56,192533,0,0.31,0.905,0,-4.109,1,0.253,0.000927,3.1e-05,0.431,0.309,187.796,4,emo,1
68,284779,0,0.395,0.397,11,-7.556,1,0.0368,0.735,0.0,0.11,0.303,70.568,4,pop,1
50,162412,0,0.878,0.185,7,-16.199,0,0.0727,0.94,0.339,0.103,0.539,114.594,4,sad,1
51,195945,0,0.619,0.226,4,-13.453,1,0.0641,0.959,4.42e-05,0.106,0.188,124.96,3,chill,1
68,249741,0,0.359,0.972,7,-3.452,1,0.109,0.136,2.52e-06,0.14,0.595,62.914,4,pop,1
45,373000,0,0.912,0.851,8,-3.968,1,0.108,0.184,0.00587,0.0712,0.623,123.028,4,k-pop,0
56,251840,0,0.312,0.934,3,-3.793,0,0.0683,0.000606,6.76e-05,0.115,0.471,201.991,4,grunge,1
1,201666,1,0.548,0.808,10,-5.484,1,0.0398,7.19e-05,0.00341,0.114,0.475,95.207,4,grunge,0
82,179172,1,0.918,0.585,7,-7.781,1,0.0889,0.0627,0.0,0.624,0.519,131.966,4,k-pop,1
58,111560,1,0.779,0.448,0,-12.089,0,0.333,0.0497,0.0,0.114,0.167,122.062,4,sad,1
66,208853,0,0.551,0.885,6,-1.489,1,0.124,0.139,0.0,0.114,0.509,172.95,4,k-pop,1
49,265195,0,0.613,0.361,11,-12.354,1,0.0271,0.624,0.0,0.0999,0.22,105.078,4,indian,0
50,194706,0,0.533,0.574,2,-8.145,1,0.0264,0.176,2.77e-05,0.913,0.488,107.895,3,sertanejo,1
58,219482,1,0.808,0.331,5,-13.457,1,0.0557,0.131,0.0,0.225,0.337,140.035,4,emo,1
57,201136,0,0.401,0.386,9,-11.555,0,0.0865,0.598,0.0891,0.199,0.484,87.989,4,pop-film,1
2,161337,0,0.473,0.724,4,-10.021,1,0.0771,0.0553,0.0,0.423,0.635,185.135,4,anime,0
0,293692,0,0.373,0.114,5,-13.171,1,0.041,0.937,4.73e-05,0.104,0.172,90.945,1,pop,0
3,118492,0,0.627,0.117,8,-21.584,1,0.0376,0.979,0.926,0.264,0.382,68.845,4,chill,0
67,232513,0,0.516,0.409,6,-11.925,0,0.0566,0.718,0.0,0.35,0.731,179.852,3,pop,1
64,279186,0,0.386,0.815,11,-3.395,1,0.0417,0.707,0.0,0.159,0.349,124.293,4,indian,1
49,174006,0,0.639,0.198,11,-16.187,0,0.029,0.883,0.655,0.0999,0.345,89.988,4,chill,0
45,239250,0,0.532,0.326,7,-15.227,0,0.0343,0.917,0.887,0.295,0.265,135.038,4,anime,0
2,238106,0,0.286,0.929,11,-8.494,0,0.091,0.00231,0.00074,0.0946,0.127,99.762,4,emo,0
64,227413,0,0.62,0.778,8,-4.622,0,0.0724,0.116,0.0,0.312,0.386,147.012,4,k-pop,1
51,102947,0,0.654,0.046,8,-17.51,1,0.0409,0.865,0.000651,0.239,0.188,148.532,4,chill,1
42,215283,0,0.589,0.431,11,-11.299,0,0.0266,0.803,0.0383,0.107,0.223,115.918,4,indian,0
53,308253,0,0.485,0.291,9,-15.485,1,0.04,0.616,0.000345,0.238,0.195,139.859,3,indian,1
36,244866,0,0.436,0.332,9,-7.649,1,0.0406,0.00434,0.0,0.109,0.329,174.901,4,emo,0
50,258373,0,0.226,0.599,0,-6.847,1,0.0365,0.326,8.81e-06,0.114,0.0653,95.328,3,emo,1
44,257653,0,0.391,0.861,7,-5.002,1,0.0429,0.0275,0.0,0.136,0.454,105.058,4,anime,0
55,121658,0,0.701,0.311,2,-15.148,1,0.132,0.644,0.928,0.0809,0.0624,150.021,4,sad,1
57,380053,0,0.109,0.335,9,-12.749,0,0.0353,0.386,0.91,0.0992,0.0397,75.475,4,anime,1
64,184617,0,0.823,0.765,2,-1.695,0,0.0633,0.464,0.0,0.0601,0.715,99.96,4,pop,1
47,98412,0,0.633,0.452,7,-9.119,1,0.0531,0.0162,0.151,0.169,0.402,114.058,4,indian,0
60,157648,0,0.551,0.695,0,-9.444,1,0.0336,0.299,0.82,0.108,0.15,100.233,4,emo,1
46,106075,1,0.654,0.754,5,-8.915,0,0.292,0.196,0.0,0.098,0.476,143.15,1,sad,0
49,250600,0,0.339,0.912,11,-2.159,0,0.0765,0.000203,0.0,0.0483,0.458,148.993,4,anime,0
44,226013,0,0.569,0.676,5,-5.988,1,0.0316,0.441,0.0,0.98,0.568,100.033,4,sertanejo,0
44,155320,0,0.711,0.589,8,-5.866,1,0.0431,0.103,0.0,0.161,0.241,87.965,4,chill,0
58,240733,0,0.353,0.464,7,-8.543,1,0.0272,0.0378,0.000969,0.0944,0.148,144.222,3,grunge,1
55,160114,1,0.796,0.495,8,-9.895,0,0.251,0.689,0.0,0.107,0.506,120.001,4,emo,1
60,334331,0,0.567,0.577,11,-6.197,0,0.0264,0.628,0.0,0.132,0.217,101.99,4,pop-film,1
78,231546,1,0.534,0.583,2,-8.672,1,0.0288,0.0262,0.0,0.421,0.145,106.0,4,emo,1
68,218897,0,0.696,0.778,1,-4.653,0,0.0585,0.352,0.0,0.329,0.41,94.996,4,k-pop,1
41,192000,0,0.604,0.496,7,-11.411,1,0.0413,0.643,0.0,0.368,0.196,80.0,4,indian,0
45,263520,0,0.288,0.281,3,-9.876,1,0.029,0.798,0.0,0.0813,0.376,83.211,4,indian,0
48,264685,0,0.622,0.6,7,-4.957,1,0.0283,0.655,0.0,0.302,0.591,108.799,4,sertanejo,0
45,159291,0,0.523,0.888,9,-2.811,1,0.109,0.525,0.0,0.436,0.783,88.137,4,sertanejo,0
66,180833,0,0.751,0.354,10,-14.518,1,0.446,0.885,0.179,0.206,0.781,143.87,4,chill,1
52,330000,0,0.369,0.39,6,-8.315,0,0.0429,0.57,0.0,0.177,0.428,159.255,4,k-pop,1
69,180800,0,0.709,0.861,0,-2.905,1,0.0941,0.106,4.73e-05,0.113,0.779,118.089,4,k-pop,1
0,195368,0,0.615,0.322,1,-10.408,1,0.0282,0.77,3.39e-05,0.11,0.256,113.064,4,chill,0
81,232800,0,0.472,0.671,4,-4.649,1,0.029,0.0129,0.0,0.159,0.0681,82.952,4,grunge,1
1,211733,0,0.529,0.897,2,-5.945,1,0.0586,0.0014,0.0,0.19,0.285,125.003,4,emo,0
54,174093,0,0.635,0.444,7,-11.772,1,0.039,0.656,0.00513,0.105,0.758,159.962,4,chill,1
47,119786,0,0.577,0.905,4,-5.018,0,0.114,0.0404,0.0,0.0685,0.288,80.98,4,grunge,0
51,122212,1,0.901,0.379,5,-8.861,0,0.229,0.324,0.0,0.158,0.627,126.974,4,sad,1
50,320386,0,0.813,0.571,7,-9.816,1,0.133,0.752,3.93e-06,0.0692,0.918,131.318,4,k-pop,1
65,222315,0,0.845,0.241,2,-10.948,0,0.0395,0.513,0.0,0.0722,0.799,94.869,4,chill,1
61,221093,1,0.409,0.761,2,-4.514,1,0.031,0.0175,0.0,0.114,0.271,155.901,4,grunge,1
57,84023,0,0.578,0.172,1,-13.684,1,0.35,0.883,3.32e-06,0.401,0.424,138.717,4,chill,1
62,100586,0,0.901,0.467,10,-9.142,1,0.0586,0.05,0.0153,0.105,0.58,105.586,4,sad,1
0,183066,0,0.623,0.668,6,-7.282,0,0.0531,0.475,0.0,0.0862,0.823,161.948,4,pop,0
58,102857,0,0.323,0.67,4,-7.009,0,0.104,0.0124,0.185,0.168,0.179,84.137,4,emo,1
49,413656,0,0.435,0.653,9,-6.536,1,0.0319,0.339,0.0,0.912,0.274,139.979,4,sertanejo,0
53,244444,0,0.659,0.658,2,-3.928,1,0.0256,0.162,0.0,0.0467,0.538,89.987,4,anime,1
44,229907,0,0.739,0.907,4,-3.839,1,0.0303,0.361,0.0,0.703,0.968,113.051,4,sertanejo,0
55,332240,0,0.464,0.868,6,-5.051,0,0.0502,0.000249,0.00042,0.248,0.512,155.008,4,emo,1
43,262800,0,0.717,0.772,3,-6.544,0,0.0695,0.0154,1.91e-05,0.0584,0.757,149.984,4,k-pop,0
70,238400,0,0.509,0.843,1,-3.318,0,0.0488,0.000671,0.000803,0.348,0.332,140.055,3,grunge,1
45,299771,0,0.703,0.736,2,-5.089,1,0.0286,0.6,6.11e-06,0.2,0.598,129.963,4,indian,0
60,331400,0,0.571,0.802,7,-7.201,1,0.0391,0.28,6.43e-05,0.0497,0.596,85.97,4,pop-film,1
60,246816,0,0.591,0.848,9,-4.396,0,0.0828,0.137,0.0,0.372,0.385,105.924,4,k-pop,1
60,226698,0,0.852,0.791,7,-7.028,0,0.0538,0.228,0.00187,0.139,0.955,109.976,4,pop-film,1
57,265063,0,0.54,0.796,4,-7.538,1,0.0521,0.371,0.00165,0.11,0.636,78.99,4,indian,1
59,167547,0,0.76,0.772,3,-4.08,0,0.0703,0.046,0.00627,0.112,0.683,106.02,4,pop-film,1
65,166757,0,0.712,0.683,10,-6.965,0,0.0926,0.323,6.84e-06,0.171,0.526,83.935,4,pop,1
71,184666,0,0.465,0.551,7,-6.58,1,0.0362,0.619,6.03e-06,0.109,0.415,89.459,4,pop,1
45,188760,0,0.549,0.167,9,-11.491,1,0.0419,0.79,0.0,0.123,0.3,73.001,4,sertanejo,0
0,125217,0,0.835,0.195,1,-11.374,1,0.0741,0.884,0.954,0.11,0.149,92.036,4,chill,0
49,264386,0,0.676,0.86,0,-4.271,0,0.131,0.0804,0.0,0.059,0.665,80.01,4,k-pop,0
65,284573,0,0.599,0.653,0,-7.576,0,0.122,0.362,0.0,0.144,0.678,79.968,4,pop,1
48,192622,0,0.549,0.561,10,-5.477,1,0.0377,0.789,0.0,0.833,0.491,155.885,3,sertanejo,0
65,280161,0,0.659,0.774,7,-7.014,1,0.0372,0.606,0.000333,0.185,0.883,82.995,4,pop-film,1
51,181146,0,0.808,0.597,4,-5.558,1,0.0298,0.685,0.0,0.18,0.613,106.991,4,sertanejo,1
43,282947,1,0.458,0.309,2,-13.958,0,0.0312,0.856,0.288,0.111,0.0987,94.978,4,chill,0
68,210893,0,0.477,0.85,3,-1.486,0,0.0911,0.00108,0.0,0.0675,0.601,163.845,4,k-pop,1
48,165093,0,0.751,0.476,10,-9.372,1,0.0308,0.186,0.0,0.235,0.961,116.535,3,sertanejo,0
54,292960,0,0.639,0.64,0,-8.381,0,0.0321,0.167,0.00116,0.0937,0.366,84.987,4,k-pop,1
72,275931,0,0.829,0.665,2,-8.128,1,0.0868,0.242,1.75e-05,0.123,0.861,122.043,4,pop,1
50,173254,1,0.804,0.473,2,-12.99,1,0.0976,0.051,2.06e-06,0.116,0.774,112.699,5,emo,1
0,182568,0,0.469,0.908,1,-3.15,1,0.0765,0.00223,0.0,0.0711,0.656,94.055,4,emo,0
68,249066,0,0.485,0.911,3,-5.749,1,0.0355,8.67e-05,0.0,0.092,0.568,89.956,4,grunge,1
62,298864,0,0.659,0.353,1,-15.69,0,0.723,0.984,0.807,0.394,0.438,144.03,4,sad,1
61,247282,0,0.622,0.244,6,-11.319,1,0.0293,0.848,5.96e-05,0.0965,0.167,127.89,4,chill,1
49,299200,0,0.472,0.924,7,-3.632,0,0.218,0.0225,0.0,0.111,0.441,144.812,4,anime,0
46,309150,0,0.598,0.814,11,-6.698,0,0.0667,0.453,2.71e-06,0.178,0.613,92.955,4,indian,0
62,122704,0,0.79,0.133,8,-9.365,1,0.0915,0.875,0.808,0.111,0.422,69.997,4,sad,1
7,189613,0,0.735,0.674,6,-5.629,0,0.124,0.18,0.0,0.108,0.561,171.883,4,pop,0
50,171013,0,0.627,0.648,9,-3.987,0,0.0457,0.51,0.0,0.117,0.467,87.6,4,sad,1
66,87133,0,0.638,0.324,0,-7.787,0,0.0321,0.923,3.35e-05,0.151,0.446,129.932,4,pop-film,1
60,214293,1,0.615,0.66,9,-5.55,0,0.032,0.0298,0.0,0.106,0.185,115.037,4,emo,1
43,225626,0,0.546,0.975,8,-3.211,1,0.0609,0.00162,1.69e-06,0.103,0.689,115.917,4,emo,0
47,298788,0,0.746,0.737,7,-7.223,1,0.191,0.19,0.00743,0.088,0.611,94.937,4,indian,0
73,209105,0,0.71,0.82,3,-4.362,0,0.0836,0.00962,0.0,0.0871,0.746,112.005,4,k-pop,1
54,170672,1,0.743,0.551,5,-6.146,0,0.0649,0.0686,0.0,0.111,0.566,84.928,4,sad,1
56,288020,0,0.273,0.588,1,-9.564,0,0.0579,0.265,0.000307,0.178,0.138,88.045,4,k-pop,1
66,371790,0,0.296,0.582,9,-5.18,0,0.0413,0.449,0.0,0.319,0.365,168.4,3,pop,1
61,194426,0,0.615,0.947,8,-3.817,0,0.11,0.0132,0.0,0.366,0.498,108.193,4,grunge,1
64,189546,0,0.683,0.947,8,-1.717,0,0.064,0.00632,7.34e-05,0.123,0.67,100.024,4,k-pop,1
49,216073,0,0.476,0.454,8,-8.334,1,0.0255,0.678,0.00175,0.313,0.344,84.991,4,k-pop,0
70,194080,0,0.764,0.802,0,-4.217,1,0.0351,0.102,0.0,0.189,0.323,132.02,4,k-pop,1
68,173716,0,0.569,0.319,8,-12.85,1,0.0277,0.853,0.000151,0.128,0.32,79.997,4,chill,1
64,142182,0,0.843,0.256,7,-13.565,0,0.0752,0.538,0.114,0.133,0.655,68.997,4,chill,1
56,144960,0,0.515,0.321,4,-9.851,0,0.0742,0.841,5.75e-05,0.338,0.242,153.024,4,chill,1
59,320733,0,0.367,0.299,4,-14.557,1,0.0597,0.941,0.00402,0.423,0.383,147.363,3,pop-film,1
58,216107,0,0.62,0.222,4,-15.676,1,0.0353,0.905,0.000809,0.134,0.339,89.94,4,indian,1
0,184390,0,0.692,0.883,7,-4.698,1,0.0582,0.0512,0.0,0.228,0.614,122.984,4,pop,0
42,257831,0,0.473,0.441,10,-9.205,1,0.0315,0.85,0.000159,0.116,0.265,122.017,4,indian,0
35,182053,0,0.311,0.829,4,-2.099,1,0.0546,0.0208,0.0,0.167,0.562,175.154,4,emo,0
33,108072,0,0.561,0.407,8,-10.254,0,0.111,0.783,0.455,0.472,0.318,165.862,4,chill,0
67,178413,0,0.631,0.748,4,-2.569,0,0.0488,0.212,0.0,0.537,0.351,115.665,4,k-pop,1
64,285857,0,0.554,0.606,1,-12.312,1,0.0722,0.578,0.000183,0.11,0.584,93.922,4,pop-film,1
48,556348,0,0.541,0.627,10,-7.027,0,0.066,0.767,1.96e-05,0.103,0.451,97.676,4,k-pop,0
40,237019,0,0.587,0.394,8,-12.978,0,0.0953,0.278,0.0,0.262,0.211,163.71,4,anime,0
56,129517,1,0.586,0.786,10,-4.892,1,0.0686,0.0177,0.0,0.233,0.463,82.557,4,emo,1
63,147240,0,0.853,0.748,2,-6.218,1,0.049,0.0177,0.000137,0.0698,0.383,103.045,4,k-pop,1
50,168088,0,0.796,0.892,11,-4.421,0,0.12,0.101,0.0,0.675,0.766,136.109,4,sertanejo,1
42,272973,0,0.621,0.859,11,-4.673,1,0.102,0.546,0.0,0.11,0.873,90.047,4,indian,0
47,198000,0,0.853,0.408,7,-13.163,1,0.105,0.457,0.936,0.271,0.548,120.002,4,anime,0
55,148600,0,0.879,0.242,0,-11.847,1,0.0397,0.862,0.0993,0.123,0.283,109.918,4,chill,1
46,115867,0,0.493,0.551,0,-8.73,1,0.04,0.281,7.25e-05,0.121,0.55,86.05,4,sad,0
47,155999,0,0.378,0.167,9,-10.923,1,0.0329,0.989,0.00617,0.0954,0.306,176.731,4,indian,0
62,152500,0,0.81,0.784,10,-7.077,0,0.192,0.037,0.0,0.0631,0.763,88.004,4,pop-film,1
58,329640,0,0.477,0.636,8,-8.334,0,0.0356,0.865,0.00226,0.208,0.707,84.547,4,pop-film,1
45,189430,0,0.678,0.812,11,-2.275,1,0.0538,0.468,0.0,0.561,0.922,125.098,4,sertanejo,0
60,283373,0,0.784,0.629,10,-9.754,0,0.0424,0.364,2.4e-06,0.0941,0.843,101.016,4,pop-film,1
71,209355,0,0.671,0.859,4,-3.922,0,0.0833,0.0313,0.0,0.267,0.39,139.931,4,k-pop,1
52,166605,0,0.471,0.522,0,-6.365,1,0.0313,0.296,0.0,0.322,0.595,176.022,4,sertanejo,1
59,141927,1,0.591,0.488,8,-11.178,1,0.16,0.358,0.0,0.357,0.362,109.9,4,emo,1
75,264840,0,0.488,0.427,6,-7.383,1,0.0382,0.354,0.0,0.0797,0.157,72.035,4,k-pop,1
33,172200,0,0.506,0.981,11,-4.726,1,0.107,0.00962,1.3e-06,0.263,0.509,109.906,4,emo,0
16,276964,0,0.56,0.728,0,-7.151,1,0.0445,0.653,0.00662,0.104,0.393,112.045,4,indian,0
50,177201,0,0.724,0.765,7,-3.793,1,0.0474,0.44,0.0,0.854,0.667,112.003,4,sertanejo,1
38,189080,0,0.632,0.511,11,-12.663,0,0.0326,0.098,0.878,0.101,0.447,153.028,4,anime,0
0,247493,0,0.394,0.17,0,-10.368,1,0.0451,0.889,0.0,0.105,0.315,130.721,3,pop,0
34,205146,0,0.598,0.812,5,-5.638,0,0.0469,0.0236,1.57e-05,0.0886,0.702,134.996,4,emo,0
65,197368,1,0.639,0.446,6,-10.489,1,0.0378,0.295,0.0,0.181,0.363,76.004,4,sad,1
50,184023,0,0.435,0.687,1,-7.887,0,0.235,0.266,0.0,0.343,0.565,167.971,4,sertanejo,1
56,343586,0,0.678,0.547,7,-6.89,1,0.0286,0.232,0.000176,0.0785,0.579,143.892,4,pop-film,1
66,196198,0,0.808,0.903,0,-3.106,1,0.0957,0.0121,0.000248,0.0993,0.473,116.988,4,k-pop,1
44,222080,0,0.389,0.363,11,-7.51,1,0.0279,0.84,0.0,0.12,0.38,176.929,4,sertanejo,0
48,251988,0,0.597,0.627,0,-10.63,0,0.183,0.195,2.68e-05,0.0614,0.711,103.508,3,pop-film,0
32,278377,0,0.555,0.596,0,-7.278,1,0.0298,0.665,1.05e-05,0.108,0.352,94.2,4,indian,0
46,148200,0,0.611,0.298,4,-11.2,1,0.0575,0.695,1.65e-06,0.101,0.507,80.08,4,sertanejo,0
63,177391,0,0.86,0.541,1,-6.51,0,0.0325,0.165,0.163,0.0663,0.952,114.984,4,pop,1
55,235447,0,0.73,0.771,1,-8.041,1,0.221,0.023,0.000128,0.142,0.628,135.972,4,k-pop,1
44,155320,0,0.711,0.589,8,-5.866,1,0.0431,0.103,0.0,0.161,0.241,87.965,4,sad,0
53,161406,0,0.703,0.219,1,-14.361,0,0.0888,0.754,0.863,0.224,0.149,91.963,4,sad,1
58,314207,0,0.441,0.308,11,-10.107,0,0.0407,0.958,0.000231,0.0638,0.292,149.593,3,pop-film,1
69,229773,0,0.645,0.862,11,-4.761,0,0.0845,0.0933,0.0,0.193,0.803,119.947,4,k-pop,1
66,240117,0,0.432,0.614,0,-6.782,1,0.055,0.511,0.0,0.191,0.505,169.633,4,pop,1
49,259360,0,0.54,0.718,2,-6.169,0,0.0429,0.022,0.000119,0.248,0.526,166.003,4,indian,0
53,329693,0,0.694,0.829,5,-7.738,0,0.124,0.52,0.000191,0.0789,0.699,80.018,4,k-pop,1
58,161016,1,0.77,0.621,1,-7.635,1,0.454,0.447,0.0,0.158,0.301,126.289,4,sad,1
74,178285,1,0.813,0.481,1,-6.71,1,0.231,0.217,0.0,0.0931,0.842,140.122,4,chill,1
49,179993,1,0.815,0.711,0,-4.278,1,0.108,0.496,0.0,0.109,0.336,130.102,4,sad,0
59,97050,0,0.751,0.197,2,-11.627,1,0.11,0.958,0.944,0.096,0.324,140.193,4,chill,1
73,223122,0,0.599,0.775,1,-4.018,0,0.0543,0.0217,0.0,0.0678,0.696,129.817,4,k-pop,1
66,178600,0,0.513,0.563,1,-8.689,1,0.0338,0.0701,1.62e-06,0.0956,0.217,160.051,4,chill,1
56,319100,0,0.511,0.816,2,-5.375,0,0.0674,0.466,0.0,0.248,0.688,89.018,4,indian,1
46,203761,0,0.684,0.728,2,-5.735,1,0.0324,0.486,8.42e-06,0.333,0.797,124.072,4,sertanejo,0
4,228573,0,0.706,0.782,2,-4.353,1,0.0278,0.21,4.86e-06,0.0813,0.418,104.983,4,pop,0
88,268164,0,0.577,0.574,0,-6.525,1,0.0278,0.572,0.0,0.1,0.436,94.009,4,indian,1
80,197586,0,0.765,0.777,5,-4.376,0,0.0399,0.0539,2.58e-06,0.338,0.64,111.944,4,k-pop,1
69,149160,1,0.667,0.716,7,-4.463,1,0.0564,0.238,0.0,0.255,0.412,144.943,4,emo,1
59,340254,0,0.641,0.474,2,-8.974,1,0.034,0.457,2.54e-06,0.106,0.588,76.006,4,pop-film,1
84,187973,0,0.444,0.819,10,-4.078,0,0.341,0.106,0.0,0.107,0.747,82.695,4,pop,1
56,328542,0,0.662,0.488,6,-8.983,0,0.0325,0.857,0.000194,0.142,0.561,126.008,4,pop-film,1
45,238333,0,0.393,0.616,8,-5.697,1,0.0459,0.635,0.0,0.38,0.566,169.814,4,sertanejo,0
52,131088,1,0.768,0.618,5,-6.043,0,0.222,0.111,0.0,0.125,0.707,81.014,4,emo,1
53,164533,1,0.56,0.972,7,-3.128,0,0.184,0.00101,0.0,0.0693,0.482,76.053,4,emo,1
50,195120,0,0.506,0.302,7,-18.006,1,0.0506,0.939,0.00545,0.522,0.327,106.752,4,indian,1
58,130057,1,0.728,0.439,11,-10.62,1,0.143,0.193,0.0,0.106,0.34,82.962,4,sad,1
55,158260,1,0.731,0.593,10,-7.953,0,0.279,0.557,0.0,0.168,0.713,137.793,4,chill,1
60,153573,0,0.325,0.0947,2,-20.885,0,0.0333,0.906,0.869,0.571,0.0949,49.034,3,anime,1
54,180213,0,0.325,0.729,1,-3.501,1,0.0457,0.435,0.0,0.405,0.231,163.398,4,sertanejo,1
44,174333,0,0.814,0.741,0,-2.155,1,0.0325,0.463,0.0,0.0661,0.884,96.794,4,sertanejo,0
52,96190,0,0.475,0.395,7,-15.182,0,0.265,0.872,0.86,0.0926,0.202,173.946,3,chill,1
51,291500,0,0.639,0.737,9,-5.026,1,0.0327,0.788,0.0737,0.283,0.719,120.773,4,k-pop,1
86,175933,1,0.395,0.443,6,-9.72,1,0.133,0.765,9.67e-06,0.0839,0.338,168.924,3,pop,1
19,278377,0,0.562,0.595,0,-7.124,1,0.0314,0.715,0.000166,0.108,0.403,93.993,4,indian,0
44,179966,0,0.568,0.543,11,-10.642,1,0.0758,0.434,0.0,0.115,0.271,81.097,4,indian,0
50,207532,0,0.601,0.432,5,-7.12,1,0.0282,0.861,0.0,0.752,0.43,131.784,4,sertanejo,1
77,87560,1,0.433,0.778,4,-7.681,1,0.041,0.843,0.0,0.139,0.764,114.208,4,emo,1
57,235161,0,0.655,0.538,10,-7.991,1,0.0378,0.299,0.393,0.0762,0.329,124.045,4,chill,1
43,150000,0,0.811,0.499,7,-9.37,1,0.0589,0.255,0.00478,0.189,0.373,144.028,4,indian,0
41,203294,0,0.679,0.464,6,-12.91,0,0.0726,0.425,0.803,0.179,0.313,170.047,4,anime,0
66,292746,0,0.442,0.574,2,-6.394,1,0.0828,0.273,0.0,0.094,0.308,167.857,4,pop-film,1
47,167191,0,0.778,0.555,10,-7.097,1,0.0628,0.232,5.4e-06,0.0815,0.898,88.976,4,sad,0
66,173946,1,0.52,0.823,2,-7.069,1,0.0577,0.281,5.9e-06,0.125,0.317,80.035,4,emo,1
48,210973,0,0.694,0.867,4,-5.603,1,0.0793,0.531,0.0,0.189,0.642,169.996,4,sertanejo,0
6,360760,0,0.363,0.67,1,-6.652,0,0.0552,0.000582,0.548,0.317,0.198,150.15,4,emo,0
43,233717,0,0.833,0.952,7,-3.873,1,0.0671,0.224,0.00184,0.172,0.674,104.945,4,indian,0
47,256200,0,0.465,0.938,6,-2.492,0,0.0948,0.0226,0.0,0.294,0.533,160.02,4,anime,0
60,148361,0,0.766,0.426,0,-8.413,1,0.0573,0.812,0.0,0.108,0.436,109.925,4,emo,1
69,149160,1,0.667,0.716,7,-4.463,1,0.0564,0.238,0.0,0.255,0.412,144.943,4,sad,1
64,243346,0,0.308,0.955,4,-3.763,1,0.111,2.39e-05,0.113,0.166,0.237,174.991,4,emo,1
64,158812,0,0.668,0.334,6,-11.776,1,0.0569,0.612,0.0,0.231,0.457,109.604,4,pop,1
52,192640,0,0.263,0.459,6,-8.696,0,0.0349,0.0875,0.00104,0.105,0.152,86.297,4,anime,1
78,164441,0,0.759,0.459,8,-5.187,1,0.0948,0.00323,0.0,0.0906,0.695,109.997,4,k-pop,1
61,137740,1,0.773,0.682,1,-6.329,0,0.054,0.047,0.00317,0.11,0.81,150.974,4,emo,1
66,166391,0,0.802,0.929,7,-2.036,1,0.118,0.608,4.81e-06,0.157,0.828,96.969,4,pop,1
67,239613,0,0.65,0.456,1,-5.742,1,0.0299,0.659,0.0,0.122,0.475,82.063,4,k-pop,1
59,182448,1,0.437,0.639,1,-6.052,1,0.136,0.00383,0.0,0.104,0.186,100.055,5,sad,1
54,173035,0,0.502,0.0242,1,-21.932,1,0.0284,0.969,0.938,0.372,0.0696,56.027,4,anime,1
60,427546,0,0.633,0.691,5,-5.851,1,0.0557,0.329,0.000211,0.134,0.57,80.002,4,pop-film,1
47,289160,0,0.81,0.554,2,-8.727,1,0.0373,0.273,0.0,0.0376,0.796,101.034,4,sertanejo,0
48,144000,0,0.721,0.285,6,-12.696,1,0.0848,0.804,0.0321,0.324,0.258,110.026,4,chill,0
66,212195,0,0.768,0.806,8,-6.277,1,0.0517,0.376,1.65e-06,0.0787,0.925,123.039,4,pop,1
51,280240,0,0.361,0.946,1,-3.516,1,0.0759,0.000504,0.000172,0.343,0.39,161.92,4,anime,1
66,175058,0,0.501,0.828,3,-2.495,0,0.114,0.053,0.0,0.135,0.483,84.659,4,pop,1
55,216760,0,0.398,0.982,2,-3.979,1,0.178,0.00306,0.0243,0.44,0.401,172.822,4,grunge,1
78,184601,0,0.738,0.67,7,-3.766,0,0.0439,0.458,0.0,0.361,0.651,138.055,4,k-pop,1
54,348965,0,0.552,0.769,2,-4.504,0,0.0465,0.497,0.0,0.112,0.702,86.957,4,indian,1
59,266053,0,0.726,0.664,2,-6.674,1,0.0331,0.636,0.0,0.0964,0.831,121.922,4,indian,1
63,254033,0,0.717,0.624,1,-7.096,1,0.0381,0.0754,0.000762,0.0989,0.472,159.926,4,k-pop,1
54,326040,0,0.296,0.563,5,-5.58,1,0.029,0.0936,5.93e-05,0.116,0.267,167.412,3,grunge,1
34,249000,0,0.308,0.889,6,-8.691,0,0.117,0.000812,0.0119,0.271,0.255,182.063,4,grunge,0
60,265333,0,0.643,0.447,3,-6.411,1,0.0256,0.0978,0.0,0.286,0.676,91.019,4,anime,1
50,142499,0,0.754,0.6,0,-7.027,1,0.0446,0.798,0.0149,0.344,0.351,92.02,4,chill,1
65,231133,0,0.396,0.817,6,-7.282,1,0.045,0.00228,0.00417,0.372,0.0992,90.264,4,grunge,1
63,335709,0,0.524,0.52,2,-6.838,0,0.0272,0.643,0.0,0.158,0.259,143.885,3,pop-film,1
37,262580,1,0.688,0.371,10,-12.661,0,0.0767,0.115,1.04e-06,0.347,0.165,117.04,4,emo,0
56,261346,0,0.795,0.755,6,-6.031,0,0.0441,0.281,1.09e-06,0.047,0.606,123.962,4,pop-film,1
0,208573,0,0.45,0.181,10,-11.417,1,0.0406,0.896,1.09e-06,0.11,0.196,115.443,4,pop,0
54,139354,0,0.487,0.384,5,-10.594,1,0.0587,0.24,0.0,0.124,0.224,78.138,4,sad,1
50,183942,0,0.791,0.424,6,-9.757,0,0.0348,0.0416,1.61e-06,0.155,0.331,106.993,4,indian,1
63,195546,0,0.73,0.784,9,-2.62,1,0.0691,0.191,0.0,0.0956,0.673,99.995,4,k-pop,1
71,203426,0,0.781,0.683,0,-4.258,1,0.0325,0.164,1.53e-06,0.16,0.722,100.005,4,k-pop,1
59,320234,0,0.393,0.29,7,-9.136,0,0.0385,0.552,3.84e-06,0.54,0.296,179.779,3,pop-film,1
70,260333,0,0.53,0.768,7,-5.611,1,0.0284,0.00385,0.0,0.103,0.374,148.095,4,grunge,1
56,266920,0,0.525,0.766,4,-8.448,0,0.0438,0.00634,0.00235,0.125,0.383,119.974,4,anime,1
36,291280,0,0.345,0.622,8,-5.065,1,0.0293,0.0272,0.000155,0.0942,0.429,147.943,4,emo,0
28,217400,0,0.482,0.94,9,-3.794,1,0.129,0.00719,6.56e-06,0.48,0.611,152.283,1,grunge,0
76,260026,0,0.398,0.927,9,-4.212,1,0.0567,6.2e-05,0.000177,0.0575,0.311,77.106,4,grunge,1
33,237640,0,0.743,0.889,1,-3.59,1,0.0303,0.282,0.0,0.0833,0.918,131.982,4,anime,0
46,161529,0,0.721,0.782,6,-4.236,1,0.0497,0.755,0.0,0.405,0.727,123.121,4,sertanejo,0
62,281440,0,0.668,0.703,10,-8.192,0,0.199,0.281,0.0029,0.159,0.588,176.889,3,k-pop,1
47,203076,0,0.438,0.797,11,-4.395,0,0.227,0.0173,0.0,0.164,0.71,195.237,3,indian,0
36,192840,1,0.821,0.669,10,-6.258,0,0.31,0.125,0.0,0.092,0.324,79.024,4,emo,0
45,204342,0,0.555,0.602,9,-4.903,1,0.0297,0.709,0.0,0.891,0.688,132.191,4,sertanejo,0
53,96232,0,0.654,0.497,8,-15.684,0,0.117,0.302,0.932,0.0857,0.343,140.002,4,anime,1
56,174750,0,0.564,0.622,11,-6.608,1,0.127,0.796,0.0,0.0986,0.578,160.214,4,sad,1
52,144308,1,0.844,0.891,2,-2.161,1,0.302,0.216,0.0,0.163,0.591,126.98,4,sad,1
84,250546,0,0.413,0.881,11,-5.541,0,0.0367,5.99e-05,0.000308,0.0805,0.364,158.066,4,grunge,1
56,325156,0,0.766,0.382,7,-11.464,0,0.0324,0.698,0.00143,0.157,0.672,119.992,4,pop-film,1
46,297511,0,0.362,0.84,0,-2.331,1,0.0771,0.573,0.0,0.725,0.648,159.951,4,sertanejo,0
65,226926,0,0.485,0.315,4,-11.599,1,0.0946,0.581,0.000349,0.11,0.425,134.714,4,chill,1
73,191100,0,0.566,0.769,7,-4.342,1,0.0872,0.0183,0.0,0.108,0.385,170.036,4,k-pop,1
56,122500,0,0.691,0.45,1,-12.395,1,0.145,0.335,0.000323,0.163,0.65,169.908,4,chill,1
62,91199,1,0.71,0.848,9,-5.01,0,0.194,0.322,0.0,0.159,0.572,134.894,4,anime,1
53,250457,0,0.615,0.58,9,-7.477,0,0.0411,0.332,0.0,0.148,0.498,87.977,4,k-pop,1
79,122221,0,0.845,0.398,5,-15.781,1,0.268,0.872,0.00713,0.159,0.482,109.996,4,chill,1
76,137806,0,0.835,0.381,9,-6.121,1,0.342,0.757,4.59e-06,0.121,0.31,154.973,4,sad,1
47,163157,0,0.638,0.833,4,-3.623,0,0.211,0.39,0.0,0.748,0.704,157.99,4,sertanejo,0
0,186826,0,0.557,0.924,9,-4.341,0,0.064,0.0271,3.32e-06,0.537,0.566,151.988,4,emo,0
65,223636,0,0.544,0.917,1,-3.403,0,0.259,0.00313,0.0,0.26,0.686,176.068,4,pop-film,1
0,262073,0,0.413,0.835,2,-5.727,1,0.0784,0.238,0.0,0.0797,0.513,150.057,4,indian,0
61,100355,0,0.836,0.533,0,-12.215,1,0.44,0.565,0.0,0.0683,0.66,121.862,4,sad,1
50,152182,0,0.496,0.7,9,-5.511,1,0.0604,0.623,0.0,0.763,0.485,122.679,4,sertanejo,1
50,150447,1,0.703,0.51,5,-11.896,0,0.0942,0.214,0.0,0.0802,0.698,134.009,4,chill,1
51,198449,0,0.437,0.468,11,-13.042,0,0.043,0.509,0.00482,0.356,0.184,74.995,4,indian,1
85,177186,0,0.703,0.709,1,-4.169,0,0.0433,0.00379,5.43e-05,0.333,0.538,117.941,4,k-pop,1
46,125123,0,0.749,0.487,6,-10.473,1,0.0943,0.879,0.000225,0.0999,0.756,85.959,4,indian,0
64,285857,0,0.554,0.606,1,-12.312,1,0.0722,0.578,0.000183,0.11,0.584,93.922,4,pop,1
62,188237,1,0.539,0.832,1,-6.53,0,0.256,0.0101,0.00437,0.638,0.287,76.503,4,emo,1
32,389226,0,0.354,0.685,5,-7.805,0,0.0387,0.119,0.0,0.79,0.277,156.008,4,anime,0
55,146053,0,0.604,0.767,5,-5.235,1,0.0567,0.0724,0.0,0.315,0.662,166.912,4,emo,1
54,214373,0,0.32,0.91,9,-5.321,1,0.114,0.000997,0.0,0.16,0.22,165.943,4,grunge,1
71,289942,0,0.546,0.786,4,-9.486,1,0.212,0.349,1.35e-06,0.109,0.434,99.798,3,pop-film,1
57,130951,0,0.802,0.073,6,-18.369,0,0.0778,0.737,0.803,0.0912,0.151,109.989,4,sad,1
87,175889,0,0.813,0.657,0,-6.447,1,0.0372,0.00269,0.0,0.183,0.651,110.053,3,pop,1
67,247453,1,0.522,0.546,3,-9.528,1,0.0514,0.297,0.0,0.7,0.234,96.957,4,emo,1
55,172942,0,0.63,0.376,2,-9.814,1,0.0252,0.416,0.000179,0.0954,0.347,100.969,1,indian,1
51,196493,0,0.506,0.561,0,-5.568,1,0.0261,0.0731,0.0,0.942,0.527,80.512,3,sertanejo,1
45,198212,0,0.551,0.755,7,-5.519,1,0.117,0.234,0.0,0.386,0.44,110.27,4,sertanejo,0
65,227091,0,0.454,0.664,5,-4.471,0,0.0597,0.7,6.57e-06,0.199,0.523,78.052,4,pop-film,1
41,232017,0,0.613,0.306,0,-11.65,0,0.154,0.943,0.902,0.176,0.284,122.915,4,chill,0
33,175104,0,0.562,0.781,9,-5.982,1,0.236,0.544,0.0,0.253,0.611,81.941,4,anime,0
50,223183,0,0.297,0.789,11,-4.398,0,0.0404,0.0017,0.0,0.249,0.533,160.044,4,anime,1
43,202666,0,0.817,0.792,10,-5.99,0,0.153,0.568,0.000619,0.117,0.921,89.964,4,anime,0
62,243870,0,0.43,0.744,11,-5.105,0,0.132,0.498,0.0,0.381,0.736,87.726,4,pop,1
46,250684,0,0.622,0.709,0,-5.061,0,0.0513,0.309,6.38e-06,0.163,0.488,160.03,4,k-pop,0
56,283906,0,0.699,0.496,1,-7.88,0,0.0479,0.74,0.000347,0.112,0.75,82.008,4,pop-film,1
58,225873,0,0.402,0.718,9,-5.407,1,0.045,0.53,0.0,0.454,0.673,84.261,4,pop-film,1
46,165155,0,0.6,0.58,6,-5.865,1,0.0368,0.537,0.0,0.256,0.435,73.613,4,sertanejo,0
59,173133,1,0.482,0.46,4,-12.716,0,0.577,0.357,0.0,0.51,0.434,82.686,4,chill,1
43,233076,0,0.514,0.829,5,-6.04,0,0.0817,0.208,5e-06,0.204,0.308,156.116,4,k-pop,0
0,181365,0,0.639,0.656,7,-6.581,0,0.0421,0.118,2.76e-06,0.0841,0.382,93.129,4,chill,0
1,293692,0,0.373,0.114,5,-13.171,1,0.041,0.937,4.73e-05,0.104,0.172,90.945,1,pop,0
57,269996,0,0.44,0.57,4,-7.101,0,0.0303,0.851,0.00367,0.168,0.202,120.807,4,pop-film,1
47,225522,0,0.493,0.334,4,-14.612,0,0.0552,0.0873,0.000628,0.22,0.119,140.145,4,indian,0
60,382493,0,0.446,0.561,5,-8.987,1,0.0591,0.363,2.4e-05,0.128,0.524,102.669,4,pop-film,1
1,216426,0,0.533,0.426,9,-9.525,0,0.0297,0.46,0.0,0.1,0.152,103.267,3,pop,0
47,171843,0,0.569,0.73,9,-6.588,1,0.043,0.537,4.63e-05,0.2,0.584,174.093,4,sertanejo,0
65,158000,0,0.641,0.436,6,-10.353,0,0.323,0.636,2.68e-05,0.14,0.535,129.08,4,chill,1
65,109295,1,0.732,0.483,6,-13.656,1,0.13,0.742,0.326,0.107,0.464,126.053,4,chill,1
20,209407,0,0.307,0.152,1,-8.566,0,0.0324,0.692,0.0,0.139,0.281,174.17,4,pop-film,0
58,201154,0,0.524,0.238,7,-11.162,1,0.0423,0.657,0.926,0.16,0.12,78.018,4,anime,1
68,122723,0,0.541,0.0836,1,-12.663,1,0.313,0.913,0.00199,0.126,0.452,181.032,4,chill,1
45,241613,0,0.651,0.668,8,-8.194,0,0.0364,0.75,1.08e-05,0.931,0.445,134.053,4,sertanejo,0
49,164400,1,0.431,0.504,8,-10.072,0,0.0641,0.0795,0.000186,0.114,0.292,204.804,4,sad,0
68,172360,0,0.733,0.837,1,-4.537,1,0.0992,0.0671,0.0,0.0939,0.606,76.453,4,k-pop,1
73,195253,0,0.619,0.429,2,-7.867,1,0.028,0.738,1.35e-05,0.136,0.545,90.058,4,pop,1
46,201774,0,0.676,0.607,2,-6.179,1,0.108,0.693,0.0,0.233,0.349,78.013,4,k-pop,0
66,243640,0,0.442,0.855,6,-2.985,0,0.0288,0.00049,0.0137,0.273,0.363,175.543,4,grunge,1
59,198404,0,0.696,0.543,8,-8.73,0,0.0454,0.438,3.29e-05,0.394,0.3,115.983,4,chill,1
0,166346,0,0.628,0.683,7,-5.565,0,0.0467,0.246,0.0,0.176,0.462,99.8,4,pop,0
54,167471,0,0.721,0.676,0,-6.534,1,0.045,0.0052,2.58e-06,0.205,0.394,140.08,4,indian,1
47,237660,0,0.6,0.687,8,-7.939,1,0.326,0.359,0.0,0.245,0.671,164.911,3,pop,0
0,258284,0,0.585,0.222,1,-18.529,1,0.0351,0.659,0.332,0.446,0.0734,90.009,4,indian,0
56,342668,0,0.566,0.634,2,-5.551,1,0.0443,0.145,0.000716,0.0814,0.36,143.89,4,pop-film,1
52,235360,0,0.608,0.835,11,-6.157,0,0.0282,0.24,0.0,0.3,0.68,97.991,4,grunge,1
47,213833,0,0.575,0.306,11,-10.536,1,0.0476,0.885,0.0,0.109,0.338,82.011,4,indian,0
0,217426,0,0.489,0.906,7,-5.825,1,0.0339,9.02e-06,1.16e-06,0.331,0.673,97.056,4,emo,0
62,112920,0,0.292,0.548,2,-4.977,1,0.0363,0.0827,0.0,0.414,0.207,175.053,3,emo,1
36,114000,0,0.553,0.948,0,-9.026,1,0.0549,0.0376,0.826,0.113,0.0985,144.992,4,emo,0
59,152142,0,0.654,0.273,11,-15.547,0,0.0295,0.78,0.907,0.369,0.196,111.988,4,chill,1
48,178699,0,0.68,0.878,2,-3.746,1,0.03,0.206,0.0,0.973,0.704,139.988,4,sertanejo,0
67,190786,0,0.446,0.9,10,-3.541,0,0.0489,0.000102,1.89e-05,0.0404,0.88,187.961,4,grunge,1
35,188035,1,0.886,0.564,6,-7.227,0,0.157,0.793,0.0,0.231,0.439,120.053,4,sad,0
56,224106,0,0.573,0.549,0,-4.448,0,0.0269,0.269,8.97e-05,0.383,0.311,113.99,4,k-pop,1
44,175454,0,0.753,0.51,6,-5.501,1,0.0513,0.249,0.0,0.321,0.702,132.04,4,emo,0
62,100586,0,0.901,0.467,10,-9.142,1,0.0586,0.05,0.0153,0.105,0.58,105.586,4,chill,1
49,221680,1,0.873,0.581,9,-7.525,0,0.369,0.132,0.0,0.0851,0.685,150.939,4,emo,0
58,96296,1,0.67,0.517,1,-6.707,0,0.165,0.0225,0.0,0.148,0.671,162.013,4,sad,1
55,151602,1,0.631,0.605,8,-7.656,1,0.0315,0.0882,0.0,0.147,0.219,141.968,4,emo,1
54,204029,0,0.283,0.677,11,-5.535,0,0.0347,0.0722,0.0,0.19,0.188,81.246,5,grunge,1
69,212413,1,0.649,0.799,2,-4.87,1,0.377,0.0405,0.0,0.452,0.558,173.913,4,pop,1
62,233302,0,0.8,0.904,3,-5.101,1,0.0628,0.238,3.34e-06,0.107,0.714,95.04,4,indian,1
79,311106,0,0.217,0.905,2,-4.103,1,0.0752,0.000289,0.00011,0.222,0.236,96.95,4,emo,1
73,285163,0,0.324,0.539,2,-8.076,1,0.038,0.713,3.15e-05,0.118,0.486,120.526,4,pop-film,1
33,187977,0,0.623,0.8,11,-7.997,0,0.0863,0.0694,0.0,0.0843,0.616,173.168,4,anime,0
2,170964,0,0.438,0.178,5,-9.402,1,0.0414,0.957,1.1e-06,0.316,0.344,75.25,1,pop,0
64,316680,0,0.718,0.361,5,-9.74,0,0.0298,0.565,0.119,0.151,0.446,103.0,4,pop-film,1
56,181636,0,0.724,0.112,11,-24.477,0,0.0349,0.658,0.853,0.116,0.157,109.948,4,anime,1
67,247374,0,0.697,0.66,10,-5.459,0,0.0352,0.472,0.0,0.243,0.301,93.011,4,pop,1
53,57226,0,0.246,0.103,2,-24.539,1,0.0387,0.895,0.903,0.121,0.165,85.744,3,anime,1
75,232453,0,0.645,0.792,4,-7.34,0,0.036,0.0562,0.0121,0.119,0.666,90.565,4,grunge,1
52,258731,0,0.689,0.97,11,-8.789,1,0.0884,0.0918,0.00415,0.154,0.943,138.0,4,anime,1
57,195000,0,0.791,0.808,7,-6.907,1,0.0334,0.347,0.0214,0.0877,0.745,115.0,4,k-pop,1
46,127000,0,0.662,0.324,11,-18.517,1,0.0645,0.312,0.864,0.108,0.0393,80.053,4,chill,0
72,225786,0,0.494,0.723,6,-4.559,0,0.0441,0.0192,0.0322,0.134,0.152,144.036,4,emo,1
65,231136,0,0.791,0.348,10,-9.457,1,0.0434,0.594,1.45e-06,0.097,0.49,131.972,4,pop,1
47,180800,0,0.817,0.712,2,-7.269,1,0.0279,0.64,0.0,0.0625,0.965,102.524,3,sertanejo,0
50,144796,0,0.771,0.729,11,-4.646,0,0.0358,0.415,0.0,0.502,0.771,117.977,4,sertanejo,1
58,259973,0,0.423,0.951,2,-1.726,1,0.118,0.0204,0.000369,0.331,0.768,78.78,4,pop-film,1
58,332626,0,0.66,0.567,4,-6.318,0,0.0289,0.00428,0.0137,0.11,0.182,107.754,4,grunge,1
66,173973,0,0.788,0.605,1,-5.586,1,0.0578,0.00899,0.00275,0.318,0.427,103.94,4,pop,1
44,228207,0,0.366,0.725,7,-6.232,1,0.0447,0.275,4.75e-05,0.937,0.312,121.416,4,sertanejo,0
70,87411,0,0.593,0.275,6,-15.25,0,0.0638,0.816,0.0115,0.108,0.363,114.82,4,chill,1
57,296760,0,0.642,0.493,0,-9.618,0,0.0325,0.163,0.000796,0.111,0.281,120.019,4,pop-film,1
41,187187,1,0.678,0.727,5,-6.534,0,0.0646,0.232,6.74e-05,0.107,0.453,143.003,4,emo,0
53,178208,0,0.705,0.496,11,-6.197,0,0.0634,0.486,0.0,0.168,0.488,79.839,4,sertanejo,1
66,310346,0,0.423,0.954,7,-3.157,0,0.047,0.0021,0.0,0.177,0.5,144.553,4,grunge,1
52,245306,0,0.589,0.365,9,-14.291,1,0.0284,0.874,0.905,0.101,0.192,110.023,4,anime,1
60,312760,0,0.407,0.459,7,-4.837,1,0.0263,0.0455,2.98e-05,0.111,0.113,75.016,4,emo,1
72,249707,0,0.302,0.493,9,-5.038,1,0.0451,0.455,0.0,0.134,0.457,88.904,4,indian,1
58,318093,0,0.433,0.895,2,-5.548,0,0.0587,0.000127,1.7e-05,0.358,0.246,149.896,4,grunge,1
70,255826,0,0.525,0.646,11,-4.963,1,0.0268,0.304,0.0,0.297,0.373,86.957,4,anime,1
44,205586,0,0.583,0.633,4,-5.517,1,0.0287,0.541,0.0,0.769,0.432,103.026,4,sertanejo,0
70,194418,0,0.735,0.839,10,-4.263,0,0.0381,0.129,0.0,0.41,0.609,100.017,4,pop-film,1
47,215269,0,0.49,0.229,4,-12.11,0,0.0273,0.804,0.00489,0.126,0.281,90.205,4,chill,0
64,169939,0,0.634,0.644,11,-3.96,0,0.35,0.0324,0.0,0.644,0.538,163.628,4,pop,1
58,173240,1,0.708,0.543,7,-3.614,0,0.169,0.41,5.15e-05,0.0771,0.639,89.976,4,chill,1
37,107419,0,0.416,0.588,4,-8.596,0,0.0351,0.316,0.886,0.846,0.23,61.97,4,anime,0
60,306511,0,0.568,0.508,9,-7.553,1,0.0333,0.737,0.0,0.103,0.685,86.03,4,pop-film,1
44,179957,0,0.813,0.795,9,-4.984,1,0.0477,0.538,2.19e-06,0.0632,0.879,131.916,4,indian,0
31,245000,0,0.42,0.341,0,-8.075,1,0.0325,0.942,0.00123,0.105,0.193,107.862,4,pop,0
76,272532,0,0.607,0.713,4,-5.105,1,0.03,0.56,4.98e-05,0.101,0.611,124.868,4,pop-film,1
57,156874,1,0.781,0.548,3,-6.749,0,0.0541,0.587,0.000101,0.141,0.5,119.888,4,chill,1
61,209493,0,0.703,0.845,11,-3.479,0,0.0682,0.0296,0.0,0.213,0.428,139.936,4,k-pop,1
66,156364,0,0.465,0.407,5,-7.859,1,0.0819,0.715,0.0,0.0523,0.347,66.802,3,k-pop,1
54,174186,0,0.313,0.757,11,-3.379,1,0.0433,0.375,0.0,0.58,0.37,158.553,4,sertanejo,1
66,253413,0,0.561,0.593,5,-9.362,1,0.0264,0.00327,0.00144,0.0967,0.574,80.282,4,grunge,1
57,251210,0,0.739,0.738,7,-8.241,1,0.249,0.348,0.0,0.161,0.737,139.895,4,pop-film,1
77,309327,1,0.71,0.522,11,-9.102,1,0.36,0.615,0.0,0.11,0.37,96.448,4,k-pop,1
35,196510,0,0.662,0.63,1,-9.64,0,0.0862,0.226,0.0,0.144,0.171,149.046,4,emo,0
56,138047,0,0.443,0.878,8,-6.717,0,0.0418,0.000788,0.56,0.0623,0.683,136.567,4,grunge,1
50,254539,0,0.715,0.885,7,-5.802,1,0.0436,0.0337,1.11e-06,0.223,0.779,134.986,4,anime,1
67,217992,0,0.581,0.424,8,-6.616,1,0.0269,0.723,0.0,0.101,0.352,98.936,4,pop,1
4,183066,0,0.623,0.668,6,-7.282,0,0.0531,0.475,0.0,0.0862,0.823,161.948,4,pop,0
64,240020,0,0.579,0.896,10,-2.781,0,0.225,0.0272,1.02e-06,0.352,0.678,153.991,4,k-pop,1
55,257647,0,0.756,0.426,1,-8.75,0,0.0745,0.504,0.0394,0.0884,0.355,135.96,4,chill,1
43,179684,0,0.623,0.681,2,-6.155,1,0.0407,0.0508,0.0,0.372,0.351,94.969,4,sertanejo,0
56,319686,0,0.799,0.525,7,-5.615,0,0.0276,0.178,1.94e-05,0.19,0.537,119.994,4,pop-film,1
3,167760,0,0.705,0.562,8,-3.378,0,0.0674,0.257,0.0,0.137,0.569,163.893,4,pop,0
72,84741,0,0.328,0.301,0,-13.283,1,0.0366,0.926,0.825,0.118,0.167,147.398,4,emo,1
70,165333,0,0.65,0.462,11,-6.587,0,0.089,0.366,0.0,0.159,0.649,89.887,4,chill,1
55,275413,0,0.658,0.537,0,-7.604,1,0.0281,0.156,2.88e-06,0.176,0.231,121.968,4,indian,1
68,177160,1,0.598,0.683,4,-6.588,0,0.054,0.0152,0.0,0.319,0.122,135.982,5,emo,1
70,214426,0,0.366,0.797,1,-4.923,0,0.0812,0.0157,0.0,0.0694,0.181,169.986,4,emo,1
70,315173,0,0.7,0.343,2,-10.474,1,0.0308,0.767,0.0,0.0789,0.488,137.864,4,pop-film,1
70,160560,1,0.553,0.572,1,-6.703,1,0.039,0.000115,0.0,0.115,0.168,135.036,3,emo,1
68,291462,0,0.563,0.495,2,-10.272,1,0.0362,0.781,0.0,0.0837,0.244,125.998,4,pop,1
59,423613,0,0.452,0.703,6,-6.523,1,0.195,0.484,9.32e-06,0.121,0.813,172.039,4,indian,1
68,157245,0,0.889,0.341,7,-7.909,1,0.0424,0.117,3.7e-06,0.0734,0.942,118.003,4,indian,1
68,214159,0,0.848,0.364,11,-10.058,1,0.0637,0.697,0.00529,0.14,0.569,137.541,4,chill,1
51,124656,1,0.898,0.773,10,-5.588,0,0.0423,0.0419,0.0,0.107,0.6,140.031,4,emo,1
67,230082,0,0.441,0.61,9,-5.182,0,0.0404,0.238,0.0,0.101,0.348,79.736,4,pop-film,1
62,162151,0,0.586,0.501,4,-8.519,1,0.0908,0.0874,0.0,0.0899,0.342,79.366,4,chill,1
48,213680,0,0.475,0.922,11,-5.136,0,0.0452,0.00738,0.0218,0.07,0.535,154.99,4,grunge,0
6,91914,1,0.384,0.587,1,-5.839,0,0.0579,0.627,0.0,0.13,0.258,187.579,4,sad,0
71,243160,0,0.537,0.712,5,-5.597,1,0.0286,0.289,0.00568,0.08,0.704,159.871,4,chill,1
83,166605,1,0.74,0.613,8,-4.88,1,0.145,0.258,0.00372,0.123,0.473,75.023,4,emo,1
2,161920,0,0.459,0.858,4,-3.063,1,0.0626,0.0506,0.0,0.184,0.855,111.682,4,emo,0
64,175807,0,0.548,0.558,1,-4.339,0,0.227,0.46,0.0,0.0788,0.7,80.031,4,chill,1
67,189355,0,0.514,0.736,10,-4.364,1,0.0321,0.483,0.0,0.18,0.495,90.002,4,k-pop,1
55,261588,0,0.552,0.844,1,-9.007,1,0.13,0.244,0.000438,0.0813,0.822,79.493,4,k-pop,1
63,236160,0,0.61,0.963,11,-4.451,1,0.0576,0.075,0.0,0.256,0.839,133.747,4,anime,1
50,194546,0,0.878,0.723,3,-3.334,0,0.102,0.00227,0.0,0.0516,0.619,126.01,4,k-pop,1
54,216800,0,0.555,0.844,3,-6.567,0,0.0553,0.00818,0.0,0.0895,0.464,105.193,4,grunge,1
71,191647,0,0.524,0.515,11,-7.478,0,0.0427,0.674,0.0,0.104,0.368,169.882,4,pop,1
46,497567,0,0.588,0.604,9,-6.754,1,0.0485,0.358,0.0,0.543,0.699,154.282,4,k-pop,0
31,256123,0,0.545,0.988,2,-4.59,1,0.252,0.000119,0.00966,0.197,0.0786,101.504,4,emo,0
45,151817,0,0.817,0.871,6,-2.072,1,0.0798,0.581,0.0,0.275,0.967,155.038,4,sertanejo,0
47,198750,0,0.536,0.92,2,-3.186,1,0.0738,0.284,0.0,0.355,0.657,156.883,4,sertanejo,0
84,204939,0,0.724,0.818,8,-3.747,1,0.168,0.0201,0.0,0.0358,0.696,77.004,4,k-pop,1
65,196186,0,0.281,0.493,7,-9.461,1,0.0284,0.0519,9.15e-06,0.101,0.167,60.772,4,grunge,1
43,282026,0,0.54,0.706,9,-5.235,1,0.0543,0.0171,0.0,0.225,0.385,172.021,4,anime,0
45,491466,0,0.512,0.536,9,-11.832,0,0.048,0.888,0.00353,0.305,0.696,125.734,4,k-pop,0
0,220298,1,0.668,0.394,2,-12.825,1,0.0778,0.124,4.06e-06,0.0805,0.0998,133.855,4,sad,0
45,146870,0,0.301,0.75,0,-7.337,1,0.0663,0.0655,0.734,0.0935,0.328,138.373,4,anime,0
53,101437,0,0.71,0.464,2,-8.171,1,0.0316,0.345,0.915,0.163,0.436,124.061,4,anime,1
56,160682,0,0.633,0.877,1,-5.182,1,0.0526,0.335,0.0,0.128,0.913,162.032,4,sertanejo,1
56,143830,0,0.629,0.287,0,-12.602,1,0.0906,0.972,0.000907,0.107,0.378,112.934,4,sad,1
66,218523,0,0.617,0.392,1,-9.295,1,0.193,0.381,0.0,0.1,0.313,84.499,4,pop,1
64,176692,1,0.845,0.472,2,-10.111,1,0.269,0.114,0.0,0.147,0.209,125.008,4,sad,1
52,147750,0,0.685,0.422,7,-13.139,1,0.429,0.838,0.222,0.451,0.2,82.58,3,sad,1
69,341413,0,0.44,0.983,0,-4.36,1,0.0868,0.22,0.0,0.26,0.203,159.968,4,anime,1
54,192333,1,0.417,0.498,9,-6.077,1,0.0845,0.838,0.0,0.0748,0.37,179.801,4,sad,1
42,228702,0,0.51,0.844,9,-2.321,0,0.335,0.43,0.0,0.0454,0.575,91.2,4,indian,0
57,300400,0,0.529,0.812,1,-9.238,0,0.0706,0.768,1.93e-06,0.311,0.768,138.841,3,k-pop,1
52,132500,0,0.808,0.659,4,-8.357,1,0.148,0.0614,0.0,0.35,0.774,90.02,4,sad,1
46,200240,0,0.512,0.97,8,-3.886,0,0.212,0.03,0.0,0.0994,0.427,94.952,4,grunge,0
43,221807,0,0.324,0.766,9,-8.478,0,0.0776,0.0261,0.844,0.102,0.0399,174.017,4,anime,0
58,302710,0,0.82,0.795,9,-8.285,0,0.225,0.237,0.000297,0.0524,0.779,104.988,4,pop-film,1
57,243903,0,0.502,0.874,1,-5.981,0,0.0677,0.0933,0.000173,0.0638,0.884,199.751,4,anime,1
57,151436,0,0.779,0.648,7,-6.85,1,0.0881,0.0185,0.0,0.0741,0.72,90.292,4,chill,1
59,145095,0,0.757,0.512,7,-10.334,0,0.0663,0.165,0.000399,0.0938,0.523,150.931,4,sad,1
65,257293,0,0.438,0.434,7,-8.37,1,0.0371,0.122,0.0,0.15,0.195,179.913,4,anime,1
67,304088,0,0.647,0.792,2,-9.815,1,0.0373,0.00536,5.82e-05,0.054,0.306,132.032,4,pop,1
59,190500,0,0.65,0.697,0,-9.582,0,0.272,0.13,0.0,0.862,0.551,99.771,4,k-pop,1
69,153210,0,0.658,0.603,2,-6.552,0,0.0676,0.472,0.0,0.124,0.519,146.864,4,pop,1
60,282022,0,0.527,0.469,7,-9.562,0,0.0247,0.856,0.00393,0.121,0.403,90.933,4,k-pop,1
67,178529,0,0.878,0.777,5,-3.702,0,0.163,0.0437,0.0,0.401,0.878,139.989,4,k-pop,1
51,191280,0,0.392,0.515,7,-5.543,0,0.0352,0.728,0.0,0.576,0.299,69.71,4,sertanejo,1
48,182333,0,0.653,0.682,11,-4.503,1,0.0284,0.271,1.67e-06,0.826,0.438,106.969,3,sertanejo,0
54,247862,0,0.567,0.546,4,-8.316,1,0.0405,0.301,1.69e-06,0.129,0.401,113.806,4,indian,1
66,134608,1,0.748,0.694,1,-7.616,1,0.0861,0.0616,0.000167,0.331,0.197,115.044,4,sad,1
59,248081,1,0.587,0.539,1,-7.528,0,0.0978,0.643,0.0,0.147,0.305,145.724,4,emo,1
46,191333,0,0.649,0.811,2,-5.659,1,0.0307,0.443,0.0,0.275,0.725,138.103,4,sertanejo,0
56,354862,0,0.69,0.73,5,-6.587,1,0.0307,0.121,0.0,0.346,0.779,113.967,4,pop-film,1
48,128360,0,0.496,0.519,8,-8.515,1,0.0397,0.49,8.05e-05,0.217,0.0951,140.127,4,indian,0
20,269413,0,0.491,0.962,3,-5.124,0,0.113,0.00347,0.0,0.0871,0.463,116.935,4,anime,0
2,182506,0,0.678,0.698,7,-4.57,1,0.0587,0.00214,4.94e-06,0.0945,0.812,192.005,4,pop,0
45,252382,0,0.468,0.432,0,-7.398,1,0.0242,0.56,0.000111,0.0963,0.273,83.04,4,indian,0
45,244067,0,0.571,0.13,4,-14.136,1,0.0356,0.844,0.0,0.0833,0.385,131.568,3,indian,0
44,184533,0,0.478,0.438,2,-6.49,1,0.0272,0.477,2.06e-06,0.0942,0.57,83.256,3,sertanejo,0
53,228053,0,0.31,0.83,1,-8.527,1,0.0482,1.53e-06,0.146,0.137,0.617,170.568,4,grunge,1
42,263366,0,0.527,0.929,7,-5.582,0,0.161,0.23,4.45e-05,0.28,0.595,155.536,4,k-pop,0
48,99942,0,0.705,0.259,1,-8.796,1,0.374,0.398,5.63e-05,0.0571,0.502,172.476,4,chill,0
64,152560,0,0.486,0.938,1,-6.652,1,0.0704,1.79e-05,0.000103,0.361,0.525,125.816,4,grunge,1
66,202718,0,0.607,0.695,0,-9.537,1,0.0567,0.163,4.26e-06,0.109,0.594,150.061,4,pop-film,1
42,235864,0,0.263,0.586,7,-9.08,1,0.0421,0.209,0.89,0.191,0.125,144.009,4,anime,0
71,193173,0,0.84,0.656,6,-5.162,0,0.0401,0.0287,4.38e-06,0.0714,0.783,121.99,4,k-pop,1
53,183579,0,0.588,0.427,7,-11.255,0,0.0417,0.594,0.252,0.111,0.229,78.926,4,chill,1
33,229503,0,0.81,0.965,3,-5.174,0,0.232,0.187,0.0,0.0928,0.349,114.987,4,anime,0
64,65790,0,0.614,0.277,1,-11.943,0,0.042,0.967,0.891,0.0698,0.236,84.938,4,chill,1
78,157333,0,0.492,0.969,9,-4.419,1,0.0491,0.0014,1.32e-06,0.0787,0.538,95.136,4,grunge,1
70,215752,0,0.541,0.779,6,-5.581,0,0.033,0.00338,0.0,0.177,0.501,94.069,3,k-pop,1
56,207000,0,0.368,0.967,8,-1.199,0,0.15,0.00497,0.0,0.223,0.345,142.887,3,anime,1
41,275080,0,0.417,0.846,2,-3.377,1,0.0594,0.0311,0.0,0.233,0.466,143.994,4,anime,0
60,173415,0,0.56,0.799,1,-3.572,1,0.187,0.362,0.0,0.838,0.661,174.005,4,sertanejo,1
58,178560,0,0.804,0.595,11,-8.65,0,0.0401,0.422,0.000118,0.0808,0.781,125.08,4,chill,1
42,303000,0,0.401,0.272,7,-11.872,0,0.0498,0.311,1.18e-06,0.147,0.0927,179.887,3,pop-film,0
24,270000,0,0.521,0.827,10,-7.225,0,0.0514,0.0412,0.0235,0.0999,0.411,101.99,4,emo,0
56,92160,1,0.942,0.439,0,-8.519,1,0.0864,0.346,0.0,0.107,0.231,125.018,4,sad,1
71,173195,1,0.594,0.625,11,-9.081,0,0.256,0.00521,0.0,0.481,0.517,96.706,4,pop,1
62,180117,0,0.386,0.471,2,-9.65,1,0.0403,0.829,0.0,0.147,0.21,154.039,3,pop-film,1
60,312453,0,0.708,0.325,2,-11.414,1,0.0369,0.819,1.42e-06,0.0827,0.567,137.814,4,pop-film,1
60,107986,0,0.9,0.273,7,-15.653,0,0.0803,0.758,0.0277,0.284,0.348,130.109,4,chill,1
43,212571,0,0.648,0.0665,7,-24.554,1,0.0336,0.984,1.08e-05,0.115,0.38,139.867,4,indian,0
76,208960,0,0.58,0.702,4,-5.565,1,0.0337,0.0466,3.2e-06,0.536,0.299,105.076,4,grunge,1
72,234457,0,0.674,0.641,0,-5.139,0,0.0339,0.149,0.0,0.0925,0.664,99.91,4,k-pop,1
58,239053,0,0.516,0.493,2,-7.285,1,0.0814,0.645,0.0,0.92,0.586,79.435,3,sertanejo,1
55,234736,1,0.719,0.387,10,-9.38,0,0.0643,0.891,0.0,0.114,0.17,135.064,4,sad,1
75,199919,0,0.644,0.867,11,-4.18,0,0.0383,0.001,0.0,0.105,0.687,124.997,4,k-pop,1
36,274591,0,0.764,0.845,10,-5.867,0,0.126,0.495,0.0,0.0899,0.487,98.007,4,anime,0
71,341823,0,0.417,0.433,4,-8.958,1,0.0415,0.0726,0.0,0.123,0.207,169.92,4,pop,1
67,218466,0,0.347,0.868,5,-4.145,0,0.0467,0.00012,0.000273,0.0845,0.313,182.851,4,grunge,1
69,196670,0,0.692,0.835,6,-4.978,0,0.0628,0.0517,0.0,0.134,0.566,80.017,4,k-pop,1
86,176658,0,0.527,0.835,6,-5.298,1,0.0433,0.0166,0.0,0.249,0.654,125.983,4,pop,1
53,179066,0,0.531,0.95,5,-3.926,1,0.0486,0.00362,0.0,0.378,0.525,96.925,4,grunge,1
74,238143,0,0.727,0.879,9,-1.167,1,0.129,0.124,1.17e-05,0.244,0.671,146.959,4,k-pop,1
57,124187,0,0.604,0.767,11,-5.391,0,0.0567,0.335,1.32e-06,0.45,0.439,134.143,4,sad,1
44,178076,0,0.597,0.127,7,-18.746,1,0.0292,0.894,0.192,0.105,0.0574,103.962,4,chill,0
72,199420,0,0.761,0.554,1,-8.119,0,0.0854,0.193,0.00844,0.0802,0.555,92.52,4,pop,1
51,326860,0,0.623,0.298,1,-14.286,1,0.166,0.861,0.0,0.177,0.67,123.281,4,k-pop,1
56,134815,1,0.906,0.349,0,-7.342,1,0.106,0.481,0.000113,0.0925,0.249,109.981,4,sad,1
47,115695,1,0.574,0.411,4,-9.587,1,0.0685,0.925,0.000478,0.144,0.0764,93.934,4,chill,0
46,284101,0,0.465,0.289,0,-12.235,1,0.0563,0.69,0.000213,0.187,0.16,83.299,4,emo,0
67,78214,0,0.608,0.461,11,-13.083,0,0.146,0.828,0.00104,0.107,0.512,114.886,4,sad,1
77,161462,0,0.529,0.353,7,-12.835,1,0.0292,0.788,0.853,0.116,0.0601,104.557,4,emo,1
40,231225,0,0.871,0.428,1,-14.031,0,0.127,0.39,0.0549,0.281,0.403,101.162,4,sad,0
48,130409,1,0.907,0.389,11,-12.132,1,0.303,0.792,0.00024,0.105,0.549,133.084,4,sad,0
50,201152,0,0.566,0.924,6,-2.351,0,0.12,0.522,2.6e-06,0.487,0.64,135.893,4,sertanejo,1
68,290526,0,0.687,0.633,8,-9.552,1,0.141,0.119,0.0,0.291,0.567,151.996,4,pop-film,1
48,190176,0,0.347,0.693,0,-3.473,1,0.0841,0.142,0.0,0.15,0.614,177.918,4,sertanejo,0
64,160000,0,0.683,0.481,8,-9.174,0,0.075,0.191,0.736,0.0907,0.47,120.001,4,chill,1
48,230574,0,0.815,0.918,2,-4.439,0,0.138,0.646,0.0,0.106,0.811,117.971,4,indian,0
57,161333,1,0.839,0.386,0,-10.847,1,0.426,0.425,0.0,0.105,0.675,90.121,4,sad,1
63,340320,0,0.523,0.847,3,-5.888,1,0.028,0.00309,1.21e-05,0.146,0.475,155.032,4,grunge,1
66,177386,1,0.494,0.628,7,-7.615,1,0.0541,0.0814,0.0,0.111,0.101,129.966,3,emo,1
45,255773,0,0.84,0.922,10,-5.354,0,0.197,0.646,2.3e-06,0.118,0.734,112.309,3,k-pop,0
65,221714,0,0.682,0.437,10,-8.655,1,0.0271,0.758,0.00801,0.106,0.233,104.961,4,pop,1
44,277786,0,0.562,0.703,7,-6.413,1,0.0274,0.222,0.000671,0.898,0.475,147.096,4,sertanejo,0
59,208461,1,0.459,0.66,9,-6.963,1,0.208,0.918,0.000147,0.121,0.621,179.75,4,chill,1
43,234986,0,0.69,0.335,11,-15.583,0,0.0336,0.782,0.902,0.0926,0.39,123.973,4,indian,0
43,223093,0,0.61,0.888,4,-4.8,0,0.0435,0.00716,1.17e-05,0.0884,0.548,128.024,4,indian,0
77,350011,0,0.43,0.612,10,-5.534,0,0.0392,0.432,2.29e-06,0.0955,0.241,85.959,4,pop,1
53,186627,0,0.636,0.452,11,-8.298,1,0.0329,0.136,1.97e-06,0.104,0.0678,80.004,4,chill,1
42,211176,0,0.745,0.891,4,-5.572,0,0.0421,0.359,0.0567,0.104,0.906,122.025,4,indian,0
35,209266,1,0.655,0.364,5,-12.275,0,0.0826,0.2,0.00126,0.108,0.179,97.295,4,chill,0
66,134608,1,0.748,0.694,1,-7.616,1,0.0861,0.0616,0.000167,0.331,0.197,115.044,4,emo,1
0,221013,0,0.668,0.522,4,-7.42,1,0.0311,0.696,0.0,0.609,0.718,107.979,4,emo,0
73,205133,0,0.857,0.7,4,-4.189,0,0.074,0.0411,0.0,0.0334,0.773,93.997,4,k-pop,1
46,246413,0,0.513,0.753,0,-9.129,1,0.0384,0.0227,0.876,0.103,0.247,150.004,3,anime,0
56,265853,0,0.691,0.855,7,-6.841,1,0.161,0.503,5.37e-05,0.264,0.847,75.003,4,k-pop,1
58,142364,1,0.683,0.636,7,-12.096,0,0.0978,0.302,0.498,0.0972,0.615,160.012,4,emo,1
47,206506,1,0.818,0.552,9,-6.888,1,0.0426,0.0989,0.0,0.0992,0.166,139.992,4,sad,0
56,373573,0,0.489,0.669,11,-10.788,0,0.0511,0.819,0.0206,0.281,0.713,149.928,4,k-pop,1
62,181986,0,0.59,0.792,7,-5.013,1,0.0603,0.000567,0.0,0.0448,0.663,153.023,4,grunge,1
67,248182,0,0.649,0.458,4,-7.632,0,0.0446,0.574,0.0,0.113,0.748,180.071,4,pop-film,1
57,178464,0,0.609,0.306,1,-9.477,1,0.0269,0.857,0.0,0.696,0.315,92.023,4,sertanejo,1
56,165773,0,0.407,0.497,9,-8.292,1,0.0398,0.45,1.74e-05,0.129,0.764,102.649,4,pop-film,1
43,202425,0,0.582,0.411,8,-9.04,0,0.0372,0.899,2.1e-05,0.106,0.32,134.903,3,k-pop,0
61,165213,1,0.717,0.453,8,-9.394,1,0.0532,0.144,0.0,0.12,0.483,85.005,4,chill,1
40,244879,0,0.564,0.407,8,-10.764,1,0.0402,0.68,4.17e-05,0.0798,0.524,150.261,4,indian,0
55,145429,0,0.574,0.0863,9,-23.725,1,0.0387,0.952,0.919,0.0852,0.193,136.11,4,anime,1
0,309327,1,0.71,0.522,11,-9.102,1,0.36,0.615,0.0,0.11,0.37,96.448,4,k-pop,0
35,166516,0,0.684,0.559,5,-8.556,0,0.101,0.0182,4.05e-05,0.152,0.158,94.995,4,emo,0
40,144065,0,0.458,0.293,2,-10.628,1,0.0426,0.744,4.97e-06,0.111,0.662,160.167,1,sad,0
56,152346,0,0.462,0.9,2,-3.578,0,0.0393,2.93e-05,0.905,0.312,0.366,110.008,4,anime,1
45,187994,0,0.521,0.184,4,-21.421,1,0.0442,0.902,0.924,0.0966,0.0416,110.083,4,sad,0
79,202620,1,0.626,0.88,9,-2.384,0,0.0504,0.205,0.0,0.128,0.534,95.079,4,pop,1
49,215024,0,0.771,0.548,11,-10.241,1,0.127,0.46,0.0,0.151,0.571,152.981,4,indian,0
64,214613,0,0.767,0.631,5,-6.052,0,0.0288,0.132,1.81e-05,0.127,0.675,94.99,4,chill,1
64,217613,0,0.466,0.852,3,-4.487,1,0.0585,0.00774,2.6e-06,0.0989,0.428,164.032,4,grunge,1
64,148807,0,0.839,0.519,7,-5.883,0,0.277,0.253,0.000656,0.11,0.338,170.051,4,sad,1
66,241448,0,0.531,0.431,2,-8.937,0,0.037,0.868,2.47e-05,0.127,0.19,107.99,4,pop,1
52,96190,0,0.475,0.395,7,-15.182,0,0.265,0.872,0.86,0.0926,0.202,173.946,3,sad,1
41,238367,1,0.613,0.23,11,-19.048,1,0.387,0.933,0.929,0.338,0.388,104.882,4,chill,0
41,216600,0,0.538,0.953,8,-3.685,1,0.0562,0.000169,5.49e-06,0.365,0.646,107.983,4,grunge,0
54,172137,0,0.521,0.523,6,-7.621,1,0.0362,0.233,0.0,0.403,0.343,145.156,4,chill,1
80,183624,0,0.45,0.329,9,-12.603,0,0.0441,0.818,0.00109,0.135,0.266,71.884,3,pop,1
35,221400,0,0.443,0.963,11,-4.357,0,0.0632,0.00196,0.0,0.58,0.562,163.979,4,emo,0
40,150674,0,0.306,0.0653,9,-20.226,0,0.0354,0.965,0.93,0.124,0.109,65.195,4,anime,0
53,166213,0,0.459,0.865,9,-3.45,0,0.122,0.0322,0.0,0.913,0.477,137.577,4,sertanejo,1
62,99706,1,0.57,0.285,9,-14.125,0,0.0381,0.737,0.0133,0.108,0.0973,83.485,4,emo,1
58,147461,0,0.558,0.625,7,-5.253,1,0.0359,0.0146,2.87e-05,0.328,0.293,171.934,4,chill,1
50,239280,0,0.299,0.792,7,-7.635,1,0.0567,0.31,3.89e-05,0.445,0.425,147.75,4,sertanejo,1
44,136333,0,0.465,0.873,5,-8.205,1,0.04,4.79e-06,0.873,0.127,0.139,91.986,4,anime,0
65,206680,0,0.466,0.429,8,-4.52,1,0.0445,0.672,0.0,0.0928,0.375,179.462,3,chill,1
67,221341,0,0.618,0.76,6,-4.312,1,0.0596,0.0066,0.0,0.127,0.541,150.0,4,k-pop,1
59,97050,0,0.751,0.197,2,-11.627,1,0.11,0.958,0.944,0.096,0.324,140.193,4,sad,1
37,290306,0,0.498,0.653,7,-5.128,1,0.0308,0.0416,2.41e-05,0.0713,0.363,94.964,4,chill,0
80,228133,0,0.536,0.768,10,-5.948,0,0.0347,0.00433,0.0,0.114,0.545,77.217,4,pop,1
64,214493,0,0.55,0.938,11,-3.556,0,0.0522,0.00171,2.18e-05,0.555,0.433,133.99,4,emo,1
22,220839,0,0.563,0.949,0,-4.568,1,0.13,0.00632,2.06e-06,0.335,0.724,170.022,4,grunge,0
57,261996,0,0.39,0.644,6,-6.97,0,0.0366,0.269,0.0,0.0974,0.439,184.101,4,pop-film,1
61,269000,0,0.389,0.867,1,-3.604,1,0.048,0.000303,0.0,0.347,0.215,94.952,4,anime,1
61,154773,1,0.817,0.534,10,-11.808,1,0.16,0.0341,0.0,0.069,0.47,116.013,5,sad,1
70,249415,0,0.56,0.631,7,-9.032,1,0.0334,0.861,0.0133,0.0985,0.376,107.987,4,indian,1
47,254786,0,0.417,0.559,2,-6.008,1,0.0384,0.619,0.0,0.24,0.601,159.294,3,sertanejo,0
59,234093,0,0.484,0.551,10,-6.6,1,0.0505,0.208,0.0,0.117,0.571,115.163,4,pop-film,1
57,158346,1,0.582,0.397,2,-10.582,0,0.0453,0.379,0.0,0.0759,0.531,170.031,4,sad,1
50,208793,0,0.444,0.236,5,-12.968,0,0.172,0.914,0.494,0.271,0.402,80.795,4,chill,1
66,197853,1,0.576,0.702,8,-5.968,1,0.0534,0.24,1.82e-06,0.114,0.458,146.122,4,emo,1
0,211520,0,0.513,0.906,1,-3.673,1,0.0737,0.00272,8.42e-06,0.113,0.73,173.0,4,emo,0
46,103946,0,0.809,0.126,4,-11.467,0,0.0477,0.831,0.958,0.112,0.29,99.969,4,anime,0
48,225976,0,0.727,0.564,9,-9.797,1,0.0567,0.707,0.0,0.104,0.616,97.008,4,indian,0
60,179017,0,0.441,0.55,1,-11.335,0,0.0792,0.241,0.000202,0.139,0.172,119.953,4,indian,1
48,1240944,0,0.605,0.408,7,-7.678,1,0.495,0.955,0.0,0.419,0.798,85.498,3,indian,0
50,125106,1,0.71,0.78,2,-5.211,1,0.0493,0.0248,0.0,0.239,0.342,94.047,4,sad,1
62,152727,0,0.651,0.205,9,-10.572,1,0.0465,0.719,0.000832,0.122,0.123,110.016,4,sad,1
44,230520,0,0.544,0.95,0,-4.416,1,0.0584,0.0163,1.85e-06,0.3,0.179,122.031,4,grunge,0
69,312892,0,0.488,0.57,9,-5.602,1,0.0775,0.251,0.0,0.107,0.668,169.702,4,pop,1
51,319600,0,0.566,0.683,4,-11.099,1,0.0391,0.616,0.0,0.218,0.964,81.783,3,k-pop,1
52,195760,0,0.676,0.724,0,-5.533,0,0.0496,0.216,0.000211,0.185,0.397,99.999,4,chill,1
65,215039,0,0.616,0.886,6,-5.436,0,0.0416,0.163,0.0517,0.129,0.0694,124.987,4,chill,1
59,321893,0,0.638,0.915,10,-3.272,0,0.151,0.184,0.000129,0.0848,0.59,169.968,4,pop-film,1
54,258144,0,0.707,0.486,9,-8.16,0,0.174,0.973,0.916,0.529,0.519,169.945,4,chill,1
56,247862,0,0.567,0.546,4,-8.316,1,0.0405,0.301,1.69e-06,0.129,0.401,113.806,4,indian,1
43,200920,0,0.598,0.765,2,-3.588,1,0.0365,0.00624,0.778,0.102,0.0395,109.982,4,chill,0
54,117263,0,0.861,0.305,1,-19.138,1,0.155,0.856,0.286,0.172,0.917,113.982,4,sad,1
46,217269,0,0.634,0.667,6,-4.189,1,0.0328,0.281,0.0,0.679,0.685,105.985,4,sertanejo,0
55,230000,0,0.524,0.274,6,-13.931,1,0.295,0.502,0.257,0.0924,0.342,167.998,4,chill,1
52,144757,1,0.577,0.733,1,-8.048,1,0.0688,0.0879,0.0,0.108,0.585,160.103,4,emo,1
63,131666,0,0.206,0.871,8,-5.751,1,0.419,0.0316,6.55e-05,0.0596,0.125,175.6,3,emo,1
65,172750,0,0.573,0.6,0,-7.751,1,0.3,0.586,7.65e-06,0.15,0.706,149.982,4,pop,1
62,151658,1,0.539,0.47,1,-10.013,1,0.389,0.868,0.0,0.0594,0.805,177.087,4,chill,1
50,118036,1,0.723,0.818,10,-2.325,0,0.0382,0.246,0.0,0.0861,0.372,91.469,4,sad,1
55,223846,0,0.669,0.751,5,-5.447,0,0.0299,0.00483,0.0237,0.326,0.833,103.976,4,anime,1
79,159381,0,0.785,0.431,10,-8.756,0,0.0364,0.123,0.0,0.0887,0.236,127.085,4,pop,1
88,153190,0,0.601,0.741,2,-5.569,1,0.0478,0.185,2.91e-05,0.415,0.441,153.96,4,pop,1
46,186759,0,0.565,0.63,0,-6.012,1,0.0398,0.306,0.0,0.744,0.499,112.857,4,sertanejo,0
61,229742,0,0.467,0.967,2,-3.528,1,0.116,4.68e-05,0.0,0.195,0.177,130.175,4,anime,1
75,180360,0,0.621,0.816,11,-5.242,1,0.104,0.0966,0.0,0.134,0.694,163.966,4,k-pop,1
35,198480,0,0.478,0.938,2,-3.556,1,0.0796,0.329,0.0,0.503,0.414,154.624,5,anime,0
51,171166,0,0.472,0.287,6,-11.173,0,0.21,0.83,0.247,0.433,0.481,179.891,3,sad,1
67,295866,0,0.693,0.778,1,-8.087,0,0.248,0.555,0.0,0.094,0.282,125.025,4,indian,1
60,170640,0,0.406,0.959,0,-3.014,1,0.0952,0.000891,0.0,0.327,0.571,94.277,4,anime,1
37,233360,0,0.445,0.638,8,-5.024,1,0.0273,0.00117,0.0528,0.105,0.15,174.045,4,emo,0
54,185166,0,0.447,0.934,5,-1.998,1,0.066,0.00422,0.0,0.337,0.356,94.983,4,anime,1
69,234333,0,0.615,0.702,7,-9.686,1,0.0278,0.00746,0.00431,0.0608,0.734,96.987,4,grunge,1
68,586075,0,0.589,0.885,4,-3.4,1,0.035,0.545,0.0,0.132,0.831,91.01,4,pop,1
31,245000,0,0.42,0.341,0,-8.075,1,0.0325,0.942,0.00123,0.105,0.193,107.862,4,pop-film,0
62,329106,0,0.463,0.84,9,-4.035,0,0.0955,0.736,0.0,0.351,0.385,153.941,4,pop-film,1
67,166600,0,0.838,0.63,9,-5.609,0,0.171,0.242,0.0,0.0719,0.64,100.986,4,pop-film,1
63,251428,0,0.524,0.765,3,-2.625,0,0.184,0.319,0.0,0.332,0.475,157.487,3,pop,1
75,129720,1,0.735,0.197,3,-13.378,0,0.537,0.768,0.000276,0.296,0.383,147.899,4,emo,1
44,246440,0,0.399,0.611,9,-6.285,0,0.0353,0.431,0.00724,0.119,0.125,74.691,4,grunge,0
53,141146,0,0.675,0.775,7,-8.091,1,0.0701,0.0798,0.886,0.073,0.452,106.002,4,anime,1
67,150160,1,0.609,0.661,10,-7.179,1,0.0417,0.0151,0.0,0.077,0.435,141.981,4,emo,1
50,154940,0,0.706,0.925,7,-3.664,1,0.0885,0.141,0.0,0.409,0.678,130.109,4,sertanejo,1
98,175238,1,0.561,0.965,7,-3.673,0,0.0343,0.00383,7.07e-06,0.371,0.304,128.04,4,pop,1
44,163090,0,0.81,0.837,6,-4.235,1,0.0412,0.314,0.0,0.115,0.914,121.933,4,sertanejo,0
40,271973,0,0.548,0.622,0,-13.487,1,0.0983,0.0193,2.66e-06,0.344,0.557,160.278,4,anime,0
64,229575,0,0.701,0.681,9,-6.442,1,0.0466,0.134,0.0,0.064,0.81,122.539,4,pop-film,1
58,154456,0,0.732,0.413,9,-6.353,1,0.0702,0.287,0.0,0.0565,0.761,92.066,4,chill,1
59,217942,0,0.849,0.285,7,-11.58,0,0.041,0.822,2.9e-06,0.116,0.156,125.504,4,emo,1
52,103374,0,0.718,0.385,3,-11.405,0,0.398,0.963,0.000156,0.32,0.466,112.361,4,sad,1
57,254280,0,0.551,0.929,4,-8.051,0,0.229,0.256,0.000536,0.142,0.61,144.427,4,pop-film,1
59,73482,0,0.755,0.204,6,-16.137,0,0.339,0.655,2.2e-05,0.189,0.335,97.041,4,chill,1
0,176320,0,0.613,0.471,1,-6.644,0,0.107,0.316,1.37e-06,0.117,0.406,143.064,4,chill,0
44,150790,0,0.726,0.667,9,-4.757,1,0.0391,0.206,0.0,0.0893,0.288,82.041,3,sertanejo,0
47,173173,0,0.613,0.931,10,-4.46,1,0.0354,0.498,0.0,0.948,0.506,135.027,4,sertanejo,0
67,300196,0,0.574,0.578,9,-3.188,0,0.0343,0.296,0.0,0.114,0.274,85.186,4,pop,1
58,243484,0,0.375,0.312,7,-10.656,0,0.031,0.85,0.00988,0.137,0.22,77.527,4,pop-film,1
47,172778,0,0.887,0.291,8,-11.574,1,0.08,0.885,0.000261,0.105,0.75,123.962,4,indian,0
44,193115,0,0.615,0.944,9,-4.115,1,0.2,0.187,0.0,0.374,0.782,94.69,4,sertanejo,0
73,124498,0,0.69,0.683,5,-7.186,0,0.0968,0.076,0.000113,0.134,0.549,160.088,4,pop,1
53,161406,0,0.703,0.219,1,-14.361,0,0.0888,0.754,0.863,0.224,0.149,91.963,4,chill,1
37,175748,0,0.769,0.542,0,-7.253,0,0.0586,0.182,1.49e-06,0.0954,0.452,126.889,4,chill,0
70,207213,0,0.55,0.952,8,-4.664,1,0.0924,0.000193,0.000666,0.0614,0.391,127.804,4,grunge,1
61,94245,0,0.78,0.492,5,-3.4,0,0.0671,0.0643,0.0313,0.174,0.374,143.983,4,emo,1
60,191624,0,0.675,0.959,7,-1.754,1,0.0835,0.00893,8.48e-05,0.325,0.835,134.017,4,anime,1
59,269200,0,0.703,0.781,8,-6.876,0,0.0468,0.194,0.000368,0.0928,0.679,94.014,4,pop-film,1
69,149466,0,0.159,0.946,9,-5.756,1,0.0629,0.0235,8.06e-06,0.387,0.309,165.014,1,grunge,1
62,178635,1,0.75,0.385,4,-9.109,1,0.123,0.331,1.88e-06,0.147,0.505,68.713,4,chill,1
56,297752,0,0.647,0.537,0,-7.486,1,0.0258,0.368,0.0,0.213,0.185,131.927,4,pop-film,1
0,127346,1,0.731,0.479,9,-6.438,1,0.0464,0.242,0.0,0.143,0.755,97.997,4,sad,0
30,318427,0,0.746,0.649,11,-10.096,0,0.0327,0.587,1.23e-05,0.134,0.654,104.984,4,pop,0
0,148545,0,0.485,0.423,10,-15.535,0,0.207,0.717,0.883,0.0909,0.145,97.814,4,indian,0
64,188307,0,0.66,0.646,9,-5.788,1,0.0469,0.655,0.0,0.188,0.336,130.003,4,chill,1
48,186267,0,0.414,0.416,11,-8.024,0,0.0251,0.1,0.179,0.131,0.196,159.91,4,emo,0
62,325311,0,0.401,0.517,2,-6.618,0,0.0481,0.0661,0.0,0.202,0.471,128.451,4,pop-film,1
45,253544,0,0.624,0.567,2,-6.852,1,0.0276,0.634,0.0,0.288,0.77,146.023,3,sertanejo,0
65,303920,0,0.432,0.936,3,-4.537,0,0.0562,0.00691,0.0,0.14,0.499,157.469,4,grunge,1
55,188541,0,0.552,0.418,2,-4.587,1,0.0345,0.0544,0.45,0.0923,0.298,71.997,4,sad,1
66,153002,0,0.59,0.632,7,-7.996,1,0.0376,0.301,0.0,0.169,0.345,110.0,4,pop-film,1
27,182200,0,0.649,0.823,6,-4.065,1,0.0771,0.00127,4.93e-05,0.0585,0.649,129.188,5,grunge,0
46,192600,0,0.537,0.539,7,-6.911,1,0.0324,0.236,0.0,0.383,0.668,186.037,3,sertanejo,0
38,245139,0,0.41,0.621,6,-8.465,1,0.0366,0.175,0.0,0.915,0.576,164.543,4,emo,0
52,146493,0,0.545,0.962,7,-4.552,1,0.14,0.0133,0.0,0.059,0.539,160.017,4,grunge,1
59,353500,0,0.569,0.45,7,-9.732,1,0.03,0.671,0.000334,0.0907,0.423,143.847,4,pop-film,1
40,248933,0,0.534,0.973,8,-4.274,0,0.0585,0.000866,0.0,0.0585,0.763,125.956,4,emo,0
49,274133,0,0.422,0.616,2,-7.767,1,0.0389,0.643,0.0,0.235,0.343,102.782,4,sertanejo,0
61,281218,0,0.509,0.477,11,-6.571,1,0.0262,0.309,0.0168,0.158,0.283,146.031,3,indian,1
49,247413,0,0.496,0.648,1,-5.796,0,0.0494,0.24,0.00103,0.103,0.115,89.75,4,anime,0
8,155960,0,0.865,0.573,5,-5.501,1,0.0678,0.0863,0.0,0.305,0.563,94.999,4,pop,0
52,151920,0,0.725,0.398,11,-13.445,0,0.0754,0.525,0.000326,0.112,0.148,130.051,4,chill,1
57,146548,0,0.472,0.291,9,-13.512,0,0.0433,0.958,0.569,0.106,0.0701,113.011,4,sad,1
58,360437,0,0.567,0.793,11,-5.715,0,0.052,0.254,4.24e-05,0.0378,0.395,158.083,4,pop-film,1
70,257972,0,0.711,0.295,0,-12.377,0,0.0334,0.534,4.51e-05,0.0782,0.694,135.041,4,pop-film,1
67,205500,0,0.868,0.635,10,-6.352,0,0.227,0.164,0.0,0.0898,0.621,90.019,4,pop,1
61,341780,0,0.471,0.329,0,-11.958,0,0.0312,0.78,0.0021,0.117,0.144,126.107,4,pop-film,1
2,360760,0,0.363,0.67,1,-6.652,0,0.0552,0.000582,0.548,0.317,0.198,150.15,4,emo,0
51,291130,0,0.853,0.344,10,-8.153,1,0.0619,0.356,1.17e-06,0.0578,0.327,115.012,4,chill,1
0,235240,0,0.46,0.293,5,-11.912,1,0.063,0.844,0.0,0.126,0.248,137.552,3,chill,0
64,316680,0,0.718,0.361,5,-9.74,0,0.0298,0.565,0.119,0.151,0.446,103.0,4,pop,1
68,228982,0,0.593,0.967,9,-5.767,1,0.0907,0.166,2.54e-05,0.105,0.452,131.988,4,indian,1
47,158374,0,0.701,0.884,5,-3.209,0,0.0399,0.462,0.0,0.226,0.939,92.02,4,sertanejo,0
49,288040,0,0.649,0.792,5,-5.576,0,0.0453,0.0623,0.028,0.0646,0.733,112.086,4,indian,0
47,293584,0,0.473,0.645,2,-4.82,1,0.06,0.636,0.0,0.777,0.511,159.672,4,sertanejo,0
54,213942,0,0.911,0.255,8,-15.257,1,0.153,0.499,0.000246,0.0937,0.244,137.994,4,sad,1
63,266493,0,0.421,0.335,5,-11.384,1,0.0324,0.0342,0.00236,0.0944,0.0889,114.227,4,grunge,1
66,287000,0,0.402,0.597,2,-9.258,1,0.0327,0.0385,2.09e-06,0.109,0.496,81.806,4,grunge,1
50,239647,0,0.704,0.903,5,-7.384,0,0.0879,0.0159,0.572,0.0818,0.651,131.988,4,indian,1
55,216742,0,0.583,0.8,4,-6.95,0,0.0863,0.0864,0.0,0.115,0.797,159.998,4,indian,1
59,297158,0,0.636,0.701,5,-6.825,1,0.0363,0.414,0.0,0.106,0.352,113.886,4,indian,1
46,225344,0,0.622,0.114,4,-14.821,1,0.0609,0.908,1e-06,0.136,0.237,155.794,3,indian,0
50,195666,0,0.55,0.958,6,-5.292,0,0.0678,0.0227,0.129,0.128,0.595,120.052,4,anime,1
83,221176,0,0.742,0.882,7,-2.862,1,0.117,0.0466,0.0,0.206,0.463,102.04,4,pop,1
57,231555,0,0.467,0.453,8,-8.104,0,0.0405,0.694,0.0,0.111,0.241,135.302,4,k-pop,1
0,169756,0,0.601,0.713,4,-3.758,0,0.0449,0.0282,0.0,0.158,0.464,122.872,4,pop,0
0,217906,0,0.497,0.947,0,-8.802,1,0.0391,8.21e-05,0.000693,0.118,0.588,90.371,4,grunge,0
76,208000,0,0.772,0.649,2,-6.411,1,0.143,0.0724,0.0,0.0761,0.824,90.072,4,pop,1
47,230635,0,0.504,0.628,11,-4.333,0,0.0347,0.159,0.0,0.111,0.257,159.978,4,anime,0
1,195493,0,0.459,0.427,7,-7.733,1,0.0267,0.112,0.0,0.168,0.357,139.898,3,grunge,0
60,114845,1,0.682,0.653,6,-7.043,0,0.0988,0.138,0.0016,0.0554,0.682,92.007,4,emo,1
41,294760,0,0.405,0.733,2,-4.017,1,0.0876,0.593,0.0,0.383,0.468,77.56,4,indian,0
25,110733,0,0.4,0.872,1,-5.666,1,0.0434,0.000119,1.15e-06,0.373,0.924,175.666,4,grunge,0
70,193976,0,0.661,0.776,8,-5.054,1,0.0366,0.125,0.000152,0.119,0.17,145.993,4,chill,1
52,155088,0,0.876,0.422,7,-8.237,0,0.173,0.75,0.84,0.102,0.459,124.971,4,sad,1
64,266279,0,0.732,0.466,0,-8.403,1,0.0383,0.239,0.025,0.149,0.444,125.003,4,pop-film,1
69,146895,1,0.683,0.187,10,-13.185,1,0.0347,0.983,0.00246,0.107,0.101,117.92,4,chill,1
54,267506,0,0.584,0.854,8,-3.491,1,0.0443,0.0927,0.000252,0.0964,0.341,133.954,4,anime,1
45,182068,0,0.554,0.764,9,-3.69,0,0.0305,0.613,0.0,0.157,0.446,144.872,4,sertanejo,0
41,234946,0,0.488,0.811,2,-5.196,1,0.041,0.00276,0.0,0.315,0.436,133.961,4,grunge,0
73,192441,0,0.558,0.526,0,-4.686,0,0.033,0.431,0.0,0.126,0.202,124.709,4,k-pop,1
67,273272,0,0.612,0.78,1,-5.123,0,0.0814,0.0781,0.0,0.0593,0.554,92.059,4,k-pop,1
67,108000,0,0.788,0.446,6,-9.812,1,0.0693,0.545,0.694,0.273,0.545,80.009,4,chill,1
51,207213,0,0.396,0.796,5,-3.253,1,0.0357,0.0597,0.0,0.407,0.362,154.037,3,grunge,1
66,212412,0,0.73,0.58,0,-7.976,1,0.124,0.0399,2.48e-05,0.0703,0.55,167.915,4,pop-film,1
61,142582,1,0.885,0.641,1,-4.455,1,0.351,0.175,0.0,0.234,0.201,91.167,4,emo,1
65,207071,0,0.528,0.739,0,-6.32,0,0.0314,0.687,5.17e-05,0.168,0.542,128.1,4,pop,1
46,346093,0,0.589,0.871,2,-4.124,1,0.0553,0.567,0.0,0.127,0.82,90.017,4,indian,0
66,166134,0,0.549,0.6,7,-4.008,0,0.0494,0.32,0.0,0.108,0.625,80.634,4,pop,1
0,216426,0,0.533,0.426,9,-9.525,0,0.0297,0.46,0.0,0.1,0.152,103.267,3,pop,0
0,217426,0,0.489,0.906,7,-5.825,1,0.0339,9.02e-06,1.16e-06,0.331,0.673,97.056,4,emo,0
64,232013,0,0.551,0.574,10,-6.265,0,0.0263,0.0203,0.0,0.186,0.308,143.734,4,grunge,1
50,197500,0,0.445,0.328,2,-14.203,1,0.0281,0.846,0.866,0.075,0.175,99.989,4,indian,1
45,218103,0,0.278,0.666,2,-5.287,0,0.0397,0.148,0.0,0.466,0.512,170.029,3,sertanejo,0
0,260693,0,0.538,0.919,8,-3.395,1,0.0389,0.00262,0.000175,0.178,0.658,134.014,4,anime,0
5,214190,0,0.629,0.763,0,-4.279,0,0.0453,0.244,0.0,0.312,0.809,93.023,4,pop,0
48,278520,0,0.434,0.654,8,-4.697,1,0.0295,0.538,0.0,0.924,0.502,116.415,4,sertanejo,0
64,289942,0,0.546,0.786,4,-9.486,1,0.212,0.349,1.35e-06,0.109,0.434,99.798,3,pop-film,1
59,189360,0,0.427,0.913,6,-5.545,0,0.0804,0.00636,0.0,0.471,0.471,124.419,4,grunge,1
48,281503,0,0.646,0.707,1,-7.498,1,0.199,0.28,3.19e-05,0.136,0.602,177.014,3,k-pop,0
47,227293,0,0.701,0.82,0,-4.499,1,0.0246,0.333,0.0,0.25,0.664,107.958,4,sertanejo,0
42,199741,0,0.369,0.615,3,-6.394,1,0.058,0.385,0.00647,0.337,0.195,77.566,4,indian,0
50,196520,0,0.794,0.24,1,-13.289,1,0.0576,0.782,0.0866,0.125,0.191,120.029,4,indian,1
51,159928,1,0.85,0.556,6,-7.284,0,0.0385,0.159,2.64e-06,0.0536,0.202,114.998,4,emo,1
58,135789,1,0.721,0.366,2,-10.601,0,0.132,0.724,2.08e-05,0.119,0.798,76.051,4,chill,1
25,230261,0,0.32,0.932,8,-5.221,1,0.0677,0.000189,0.0035,0.263,0.0814,119.516,4,grunge,0
58,200906,0,0.376,0.967,3,-3.277,0,0.166,0.000248,2.64e-06,0.0575,0.226,91.582,4,grunge,1
60,273493,0,0.507,0.875,7,-7.697,1,0.0389,0.00257,0.0,0.346,0.647,160.079,4,grunge,1
57,213707,0,0.42,0.872,4,-2.221,0,0.0397,0.243,0.0,0.346,0.397,108.006,4,pop-film,1
43,278850,0,0.497,0.922,9,-3.51,1,0.0622,0.00532,0.00118,0.137,0.691,149.957,4,emo,0
58,274285,0,0.435,0.725,1,-6.969,1,0.0609,0.0424,3.89e-06,0.105,0.397,174.989,4,chill,1
55,204853,0,0.423,0.922,3,-2.602,1,0.0411,0.017,0.0,0.102,0.567,156.063,4,grunge,1
45,355498,0,0.496,0.444,9,-4.642,1,0.0362,0.806,0.0,0.157,0.495,141.709,4,sertanejo,0
62,321056,0,0.583,0.46,4,-11.509,0,0.035,0.751,0.000147,0.146,0.534,129.904,4,k-pop,1
63,249215,0,0.502,0.91,7,-2.769,1,0.107,0.04,0.0,0.319,0.588,176.084,4,k-pop,1
38,206132,0,0.58,0.823,6,-7.548,1,0.0456,0.0134,0.0867,0.558,0.466,93.713,4,anime,0
62,173143,0,0.732,0.303,4,-13.575,1,0.057,0.75,0.828,0.141,0.601,82.555,4,anime,1
50,184500,0,0.766,0.267,1,-9.254,1,0.0361,0.882,3.86e-06,0.1,0.312,119.973,3,indian,1
50,95027,0,0.607,0.466,3,-11.051,0,0.0631,0.0751,0.0,0.229,0.175,97.025,4,sad,1
57,258586,0,0.311,0.76,0,-6.301,1,0.0364,0.000962,0.0,0.104,0.189,177.592,3,grunge,1
75,230253,0,0.585,0.972,9,-4.45,0,0.0534,0.0143,0.0,0.0707,0.585,110.006,4,grunge,1
1,307014,0,0.71,0.625,6,-9.008,0,0.0295,0.029,1.1e-05,0.108,0.784,140.994,4,pop,0
77,180750,0,0.658,0.9,9,-3.479,0,0.264,0.0364,0.0,0.0771,0.526,156.096,4,anime,1
51,182760,0,0.501,0.975,2,-3.361,1,0.0941,0.000422,1.53e-06,0.364,0.348,127.964,4,grunge,1
46,184826,0,0.245,0.329,10,-7.482,0,0.0357,0.848,1.17e-06,0.164,0.126,78.394,5,k-pop,0
47,152000,0,0.879,0.438,0,-15.566,1,0.0464,0.68,0.805,0.0864,0.433,120.007,4,anime,0
60,238760,0,0.537,0.692,10,-4.159,1,0.0315,0.00193,0.0,0.114,0.286,125.037,3,grunge,1
39,153670,0,0.617,0.26,5,-14.363,1,0.0373,0.986,0.871,0.115,0.104,94.023,4,anime,0
0,222738,0,0.416,0.964,9,-2.967,1,0.112,2.35e-05,0.000875,0.473,0.212,157.925,4,grunge,0
63,331676,0,0.525,0.46,1,-8.594,0,0.0246,0.826,0.00202,0.139,0.33,98.007,4,indian,1
57,289196,0,0.69,0.427,4,-6.831,1,0.0269,0.866,0.0,0.11,0.459,110.938,4,indian,1
0,183066,0,0.623,0.668,6,-7.282,0,0.0531,0.475,0.0,0.0862,0.823,161.948,4,pop,0
52,224825,1,0.609,0.394,0,-10.142,1,0.209,0.757,0.00034,0.127,0.191,172.031,4,sad,1
48,216680,0,0.523,0.671,1,-5.427,0,0.112,0.242,0.23,0.872,0.174,163.938,4,indian,0
80,162569,1,0.647,0.723,5,-6.214,1,0.0491,0.00503,0.0,0.176,0.443,105.001,4,pop,1
36,227280,1,0.628,0.43,2,-7.471,1,0.0992,0.276,0.0,0.658,0.155,113.478,5,emo,0
26,233986,0,0.328,0.939,2,-1.654,0,0.0423,4.93e-05,0.0065,0.337,0.329,185.971,4,grunge,0
65,185142,0,0.75,0.637,1,-8.473,1,0.0673,0.303,0.0042,0.0621,0.33,139.983,4,sad,1
59,228760,0,0.537,0.864,4,-5.049,1,0.0369,0.000318,0.123,0.108,0.727,153.035,4,emo,1
20,392053,0,0.555,0.455,4,-9.457,1,0.0383,0.29,0.0,0.551,0.0884,108.022,4,anime,0
51,247920,1,0.514,0.784,6,-6.217,1,0.0413,0.413,0.0,0.164,0.567,150.326,4,grunge,1
55,411794,0,0.663,0.405,5,-11.244,0,0.098,0.485,0.000265,0.094,0.526,191.985,4,pop-film,1
65,116920,0,0.796,0.0617,7,-22.034,0,0.0754,0.768,0.895,0.111,0.166,96.44,4,chill,1
33,117500,0,0.356,0.433,1,-12.637,0,0.12,0.88,0.959,0.169,0.106,72.928,4,chill,0
63,240723,0,0.515,0.508,4,-6.66,0,0.0297,0.633,0.0,0.203,0.235,131.731,4,pop-film,1
70,123891,0,0.671,0.275,6,-11.185,0,0.056,0.796,0.000339,0.0657,0.159,124.007,4,sad,1
61,140156,1,0.774,0.668,1,-6.79,1,0.316,0.137,0.0,0.424,0.507,140.099,4,emo,1
58,232142,0,0.382,0.688,7,-4.767,1,0.0401,0.464,0.0,0.0857,0.468,83.227,4,pop-film,1
62,366560,0,0.38,0.797,8,-9.091,1,0.057,0.00184,1.42e-05,0.208,0.206,118.64,4,emo,1
51,177864,0,0.727,0.0501,0,-22.997,1,0.0543,0.676,0.629,0.0878,0.218,109.988,4,sad,1
50,183198,1,0.718,0.673,0,-7.766,0,0.37,0.294,0.0,0.107,0.625,72.236,4,anime,1
45,182493,0,0.63,0.945,3,-2.354,1,0.0487,0.0282,0.0,0.255,0.715,109.092,4,anime,0
57,162500,0,0.671,0.515,1,-16.738,1,0.0388,0.815,0.932,0.11,0.0984,105.001,4,chill,1
65,99583,0,0.346,0.495,8,-8.276,1,0.0718,0.273,0.0,0.165,0.33,203.983,4,pop,1
57,92250,0,0.857,0.146,4,-10.946,1,0.33,0.838,0.954,0.109,0.776,82.9,4,chill,1
68,218418,0,0.832,0.962,7,-5.859,1,0.0959,0.517,0.00239,0.0857,0.359,130.006,4,pop,1
63,326960,0,0.837,0.351,11,-14.189,1,0.049,0.192,1.48e-06,0.35,0.466,124.009,4,pop-film,1
51,138181,0,0.781,0.605,4,-3.485,1,0.0321,0.00344,0.000283,0.264,0.662,98.962,4,emo,1
53,165000,0,0.847,0.441,5,-10.717,1,0.0865,0.571,0.892,0.0877,0.183,80.038,5,chill,1
59,256440,0,0.621,0.512,7,-11.074,0,0.0547,0.634,0.0,0.0803,0.926,114.802,4,pop-film,1
54,108840,0,0.271,0.741,0,-6.481,1,0.146,4.22e-05,0.000276,0.14,0.0623,150.267,4,emo,1
27,135849,0,0.792,0.744,11,-4.744,1,0.0554,0.0766,4.55e-05,0.0548,0.65,105.981,4,chill,0
7,138222,0,0.541,0.636,8,-10.779,0,0.0387,0.177,0.114,0.149,0.749,115.999,4,anime,0
56,165333,1,0.585,0.269,0,-10.474,1,0.0354,0.894,6.99e-05,0.229,0.0996,140.389,4,emo,1
0,168839,0,0.854,0.446,1,-8.957,0,0.198,0.313,0.215,0.156,0.57,92.545,4,pop,0
60,153704,0,0.683,0.738,8,-6.455,1,0.127,0.122,0.0,0.315,0.519,178.98,4,sad,1
58,357186,0,0.649,0.525,10,-11.94,1,0.0665,0.245,1.2e-05,0.17,0.494,101.987,4,pop-film,1
60,197293,0,0.575,0.746,9,-6.524,1,0.0695,0.667,8.7e-06,0.352,0.731,107.875,4,pop-film,1
55,147733,0,0.593,0.849,2,-4.121,1,0.1,0.454,0.0,0.446,0.786,150.028,4,sertanejo,1
25,276626,0,0.443,0.721,5,-5.36,1,0.0311,0.0165,0.0,0.986,0.305,149.025,3,grunge,0
20,276964,0,0.559,0.709,0,-7.219,1,0.0396,0.664,0.000119,0.117,0.417,112.01,4,indian,0
0,183066,0,0.623,0.668,6,-7.282,0,0.0531,0.475,0.0,0.0862,0.823,161.948,4,pop,0
53,272639,0,0.462,0.217,4,-11.436,0,0.0466,0.873,0.0,0.339,0.388,120.971,3,k-pop,1
49,130013,1,0.593,0.731,2,-8.73,1,0.0353,0.00319,0.00728,0.123,0.629,159.918,4,chill,0
58,132120,0,0.61,0.709,0,-5.575,1,0.0305,0.141,0.0,0.352,0.456,88.971,4,sad,1
45,223146,0,0.498,0.74,1,-3.931,0,0.0359,0.231,0.0,0.51,0.461,166.07,4,sertanejo,0
48,193921,1,0.813,0.9,6,-5.012,0,0.282,0.297,0.0,0.232,0.316,95.0,4,anime,0
48,178085,0,0.815,0.763,11,-4.838,1,0.0365,0.0967,0.0,0.0863,0.858,129.951,4,sertanejo,0
57,267280,0,0.514,0.475,0,-5.202,1,0.0249,0.608,0.0,0.313,0.164,92.374,5,k-pop,1
58,133547,1,0.76,0.492,9,-6.802,1,0.0824,0.269,0.0,0.305,0.677,104.987,4,chill,1
56,76800,0,0.679,0.188,11,-15.979,1,0.144,0.928,0.737,0.115,0.284,75.072,3,sad,1
8,201373,0,0.449,0.499,10,-10.375,0,0.0342,0.77,0.821,0.0981,0.395,82.008,4,chill,0
45,164748,0,0.698,0.849,4,-3.125,1,0.0343,0.32,0.0,0.541,0.585,110.953,4,sertanejo,0
44,171008,0,0.785,0.757,2,-4.726,0,0.0599,0.389,0.0,0.184,0.734,115.028,4,sertanejo,0
62,307000,0,0.527,0.447,6,-12.014,1,0.0311,0.243,0.0,0.255,0.536,94.051,4,pop-film,1
42,131666,0,0.207,0.835,8,-5.451,1,0.403,0.0258,9.22e-06,0.0588,0.193,178.044,4,emo,0
55,174005,1,0.722,0.476,1,-4.974,0,0.0342,0.39,0.0,0.102,0.291,129.96,4,chill,1
68,136695,0,0.96,0.36,10,-16.192,0,0.155,0.673,0.0177,0.293,0.639,114.927,4,chill,1
59,326112,0,0.543,0.665,9,-8.295,1,0.0623,0.505,6.41e-06,0.144,0.495,81.97,4,pop-film,1
58,56305,0,0.572,0.108,0,-26.102,0,0.0468,0.898,0.828,0.1,0.469,74.998,4,anime,1
74,211631,0,0.818,0.723,11,-4.82,1,0.114,0.00561,0.0,0.0866,0.607,102.945,4,k-pop,1
3,161920,0,0.459,0.858,4,-3.063,1,0.0626,0.0506,0.0,0.184,0.855,111.682,4,emo,0
47,187595,0,0.668,0.819,5,-5.859,1,0.117,0.284,0.0,0.967,0.796,171.911,4,sertanejo,0
55,208346,0,0.411,0.863,5,-3.867,0,0.0904,0.0743,0.0,0.359,0.625,155.18,4,sertanejo,1
65,135416,0,0.768,0.606,9,-7.075,1,0.214,0.085,0.0,0.117,0.681,95.958,5,chill,1
39,209866,0,0.624,0.767,1,-6.251,0,0.0316,0.0166,0.149,0.097,0.812,109.977,4,indian,0
52,120000,0,0.507,0.43,5,-9.826,0,0.0824,0.13,0.0,0.517,0.336,131.508,4,chill,1
68,174545,0,0.776,0.223,8,-13.686,1,0.0379,0.721,3.8e-06,0.119,0.196,109.966,4,indian,1
46,258088,0,0.717,0.743,10,-9.092,1,0.0439,0.184,0.000771,0.0984,0.46,135.963,4,k-pop,0
46,212530,0,0.593,0.112,1,-16.506,1,0.0322,0.924,1.39e-06,0.116,0.296,97.118,4,indian,0
71,302935,0,0.695,0.727,6,-6.274,0,0.0323,0.0744,0.000175,0.533,0.864,118.034,4,pop-film,1
47,90102,0,0.416,0.922,8,-4.044,1,0.162,0.238,0.0,0.059,0.161,162.167,4,anime,0
70,209333,0,0.433,0.778,2,-4.68,0,0.0371,0.00838,0.0,0.163,0.217,149.864,4,grunge,1
45,186546,0,0.608,0.566,0,-6.405,1,0.0278,0.136,0.0,0.261,0.57,149.927,4,sertanejo,0
59,378560,0,0.613,0.396,10,-14.281,0,0.0391,0.209,0.000674,0.189,0.459,172.016,4,pop-film,1
68,352710,0,0.261,0.603,0,-6.733,1,0.0367,0.558,0.0,0.184,0.207,158.125,4,pop,1
56,272772,0,0.299,0.436,3,-7.013,1,0.101,0.738,5.8e-05,0.112,0.269,76.11,4,pop-film,1
62,288647,0,0.678,0.622,5,-7.988,0,0.0695,0.138,2.32e-06,0.122,0.535,100.005,4,pop-film,1
68,258319,0,0.662,0.394,2,-14.407,1,0.0361,0.789,0.124,0.111,0.326,119.938,4,pop-film,1
73,299827,0,0.684,0.771,8,-5.353,1,0.0307,0.548,0.0,0.112,0.539,119.982,4,pop-film,1
58,374760,0,0.747,0.532,4,-8.897,1,0.0365,0.286,0.0016,0.103,0.634,136.962,4,pop-film,1
57,260400,0,0.546,0.746,5,-9.557,0,0.0928,0.86,0.0225,0.385,0.791,118.081,4,pop-film,1
93,244360,1,0.445,0.537,4,-8.532,0,0.04,0.695,1.65e-05,0.0944,0.131,122.769,4,pop,1
31,245000,0,0.42,0.341,0,-8.075,1,0.0325,0.942,0.00123,0.105,0.193,107.862,4,k-pop,0
67,202075,0,0.641,0.438,5,-7.029,1,0.132,0.905,0.000134,0.108,0.343,67.529,4,chill,1
57,214510,0,0.746,0.782,6,-6.192,0,0.0397,0.277,4.7e-06,0.108,0.665,98.976,4,pop-film,1
56,281525,0,0.566,0.597,0,-7.889,1,0.0407,0.809,0.0117,0.297,0.654,151.872,4,pop-film,1
45,104000,0,0.548,0.34,9,-12.659,0,0.029,0.877,0.861,0.139,0.238,82.026,4,anime,0
63,261918,0,0.567,0.526,8,-5.029,1,0.0251,0.153,2.34e-06,0.103,0.231,91.999,4,pop,1
50,187150,0,0.697,0.723,7,-4.68,1,0.0616,0.35,0.0,0.76,0.68,113.14,4,sertanejo,1
68,156291,0,0.785,0.807,0,-3.877,1,0.178,0.198,0.0,0.326,0.228,96.981,4,k-pop,1
54,177420,0,0.819,0.652,2,-8.466,1,0.0515,0.124,0.000752,0.527,0.967,126.01,4,chill,1
57,171520,1,0.602,0.491,5,-6.764,1,0.0308,0.661,0.0,0.113,0.176,119.964,4,chill,1
61,225880,0,0.451,0.973,8,-2.611,1,0.0514,0.00428,7.36e-06,0.0924,0.628,151.885,4,grunge,1
49,305000,0,0.483,0.174,1,-15.192,1,0.0317,0.944,0.0546,0.12,0.0963,155.99,4,indian,0
42,156631,0,0.766,0.745,7,-4.173,1,0.0395,0.139,0.33,0.321,0.517,95.034,4,indian,0
64,252653,0,0.536,0.89,0,-5.222,1,0.0601,0.000354,0.00165,0.133,0.205,115.998,4,grunge,1
62,256920,0,0.54,0.608,2,-8.498,1,0.0508,0.00182,0.76,0.106,0.0389,125.01,4,anime,1
53,177586,0,0.883,0.451,11,-5.214,0,0.0902,0.0707,0.0,0.517,0.772,109.995,4,chill,1
63,136329,0,0.807,0.343,1,-18.298,1,0.205,0.89,0.77,0.145,0.342,109.996,4,chill,1
61,291148,0,0.526,0.63,7,-6.46,1,0.0557,0.487,4.85e-06,0.102,0.614,158.063,4,pop-film,1
34,146667,0,0.726,0.589,5,-11.084,0,0.0576,0.421,0.00142,0.11,0.0398,134.969,4,emo,0
46,310085,0,0.592,0.703,2,-9.091,1,0.0572,0.717,2.54e-06,0.082,0.702,76.75,4,k-pop,0
49,156723,0,0.546,0.684,3,-6.571,1,0.033,0.625,0.0,0.105,0.507,133.423,4,sertanejo,0
51,348986,0,0.808,0.402,11,-16.804,0,0.392,0.731,0.153,0.197,0.633,100.012,4,indian,1
61,313028,0,0.626,0.414,0,-9.245,1,0.0426,0.416,2.14e-05,0.117,0.15,61.016,4,pop-film,1
66,197902,0,0.777,0.32,9,-11.824,0,0.0847,0.927,2.45e-06,0.256,0.407,80.992,4,sad,1
56,177026,1,0.62,0.709,2,-5.081,1,0.0384,0.295,0.0,0.22,0.566,138.98,4,emo,1
0,183066,0,0.623,0.668,6,-7.282,0,0.0531,0.475,0.0,0.0862,0.823,161.948,4,pop,0
41,180186,0,0.68,0.865,9,-3.14,1,0.0394,0.107,0.0,0.279,0.848,128.138,4,anime,0
65,108034,1,0.712,0.374,0,-10.215,0,0.511,0.795,0.0,0.187,0.779,133.952,4,emo,1
48,284133,0,0.359,0.949,6,-0.413,0,0.0841,0.0124,0.00511,0.0352,0.302,180.025,4,anime,0
46,240960,0,0.564,0.737,6,-6.878,0,0.0406,0.00541,0.00977,0.288,0.49,135.045,4,anime,0
56,168510,0,0.685,0.233,1,-17.854,0,0.0309,0.464,0.765,0.35,0.0407,93.968,4,chill,1
56,266066,0,0.616,0.714,0,-7.02,1,0.0385,0.00481,0.0,0.133,0.53,117.422,4,grunge,1
58,206586,0,0.623,0.342,0,-8.694,1,0.038,0.0134,0.00412,0.106,0.101,115.032,4,grunge,1
49,328384,0,0.653,0.554,5,-8.156,1,0.0243,0.157,1.23e-06,0.172,0.455,99.974,4,k-pop,0
58,83169,0,0.501,0.168,4,-9.675,0,0.0313,0.944,0.0,0.118,0.131,79.968,4,k-pop,1
65,140571,0,0.732,0.304,0,-13.086,0,0.111,0.747,6.13e-05,0.143,0.185,139.965,4,sad,1
69,159130,1,0.735,0.501,11,-11.257,0,0.167,0.627,0.0013,0.104,0.551,92.031,4,chill,1
50,203525,0,0.672,0.67,7,-4.534,1,0.0298,0.503,0.0,0.78,0.787,117.887,3,sertanejo,1
48,379906,0,0.681,0.242,9,-18.064,0,0.0333,0.597,0.000192,0.105,0.549,90.635,4,k-pop,0
69,212546,0,0.529,0.931,4,-1.538,1,0.0581,0.00955,0.0,0.465,0.695,92.466,4,anime,1
51,98995,0,0.785,0.3,11,-9.348,1,0.0709,0.779,6.83e-06,0.165,0.528,96.986,4,sad,1
80,179080,0,0.498,0.235,1,-16.541,0,0.188,0.72,0.0,0.144,0.0895,118.917,4,sad,1
80,192120,0,0.73,0.703,0,-5.672,0,0.0369,0.109,0.0,0.0657,0.595,138.113,4,pop,1
50,275018,0,0.706,0.639,8,-4.429,1,0.0317,0.187,0.0,0.589,0.497,132.113,4,sertanejo,1
69,254653,0,0.673,0.714,9,-8.042,1,0.039,0.111,0.0,0.0858,0.78,112.941,4,pop,1
67,209392,1,0.613,0.668,8,-6.867,1,0.267,0.245,0.0,0.0735,0.509,96.176,4,k-pop,1
56,162901,1,0.802,0.579,6,-4.12,0,0.0325,0.189,0.0,0.219,0.647,111.994,4,chill,1
59,150298,1,0.794,0.454,4,-7.848,1,0.0477,0.445,0.0,0.127,0.913,144.926,4,chill,1
58,212253,0,0.566,0.905,0,-5.093,1,0.0646,0.0045,0.0,0.21,0.792,83.0,4,grunge,1
70,398799,0,0.223,0.359,0,-7.569,1,0.0312,0.845,0.0,0.133,0.193,73.059,4,pop-film,1
63,232762,0,0.63,0.528,9,-8.574,0,0.0311,0.0284,2.63e-06,0.107,0.551,124.0,4,k-pop,1
51,174117,0,0.556,0.874,0,-2.651,1,0.0497,0.316,4.55e-06,0.753,0.48,117.849,4,sertanejo,1
38,237193,0,0.601,0.68,2,-4.638,1,0.0317,0.0154,0.0,0.101,0.656,104.023,4,anime,0
65,182028,0,0.619,0.271,5,-12.467,1,0.0304,0.96,0.00124,0.164,0.309,128.09,4,chill,1
51,247989,1,0.834,0.517,7,-9.095,1,0.0603,0.77,0.0,0.0873,0.147,131.934,4,emo,1
43,297253,0,0.764,0.711,2,-7.262,1,0.181,0.138,0.0,0.033,0.761,100.061,4,indian,0
51,183737,0,0.698,0.666,10,-4.511,1,0.033,0.575,0.0,0.0902,0.714,114.872,4,sertanejo,1
75,125812,1,0.685,0.76,2,-7.813,1,0.0512,0.0199,0.151,0.0866,0.781,160.035,4,sad,1
45,157714,0,0.496,0.496,2,-9.186,1,0.0318,0.641,0.0014,0.114,0.263,139.946,4,sad,0
51,199735,0,0.739,0.39,11,-12.118,0,0.0918,0.0475,0.132,0.0732,0.285,91.961,4,indian,1
39,199862,1,0.502,0.581,5,-6.553,0,0.428,0.127,0.0,0.111,0.661,177.614,4,sad,0
42,216000,0,0.77,0.849,1,-3.483,1,0.298,0.373,0.0,0.059,0.402,150.143,4,anime,0
59,234929,0,0.66,0.411,4,-9.356,0,0.0308,0.719,0.000218,0.0956,0.275,107.895,4,pop-film,1
74,197031,1,0.873,0.575,10,-7.284,0,0.0702,0.0891,0.0,0.108,0.872,103.005,4,k-pop,1
42,206896,1,0.662,0.728,1,-8.928,1,0.407,0.442,0.0,0.121,0.386,145.059,4,anime,0
46,180640,0,0.449,0.611,0,-4.698,1,0.072,0.836,0.0,0.916,0.422,76.233,4,sertanejo,0
68,211399,0,0.631,0.762,11,-4.208,1,0.105,0.049,0.0,0.0926,0.668,167.14,4,k-pop,1
61,227275,0,0.608,0.47,8,-6.73,1,0.0428,0.226,0.0,0.0963,0.241,81.0,4,k-pop,1
56,337386,0,0.521,0.424,5,-7.392,1,0.0347,0.852,1.08e-06,0.301,0.484,91.351,4,pop-film,1
54,150066,0,0.53,0.0858,10,-22.967,1,0.0293,0.935,0.943,0.119,0.0386,63.973,4,anime,1
58,183620,0,0.405,0.765,3,-5.163,1,0.1,0.585,0.0,0.799,0.679,157.943,4,sertanejo,1
50,175150,1,0.379,0.354,3,-12.425,1,0.0435,0.685,0.0603,0.0699,0.118,143.601,4,sad,1
45,256146,0,0.476,0.688,8,-5.089,1,0.0415,0.505,0.0,0.289,0.463,92.078,3,sertanejo,0
49,72121,0,0.594,0.304,6,-10.817,1,0.0291,0.869,0.00035,0.167,0.718,113.873,4,indian,0
3,182506,0,0.678,0.698,7,-4.57,1,0.0587,0.00214,4.94e-06,0.0945,0.812,192.005,4,pop,0
61,203206,0,0.614,0.842,6,-4.109,1,0.0745,0.00814,1.33e-05,0.212,0.915,156.051,4,pop-film,1
66,274853,0,0.803,0.426,3,-11.54,1,0.0742,0.418,2.23e-05,0.11,0.556,114.945,4,pop,1
64,171250,0,0.741,0.447,2,-9.609,1,0.104,0.568,0.0,0.127,0.619,89.993,4,pop,1
83,228482,0,0.597,0.45,8,-6.658,1,0.0418,0.223,0.0,0.382,0.537,178.765,3,pop,1
56,329320,0,0.611,0.794,7,-6.813,1,0.0415,0.3,0.00184,0.0471,0.705,85.986,4,pop-film,1
65,236239,0,0.523,0.768,0,-4.953,0,0.0566,0.447,0.000226,0.0833,0.669,75.03,4,pop,1
59,129144,0,0.885,0.246,7,-12.96,0,0.0663,0.655,0.0424,0.134,0.457,106.034,4,sad,1
2,194087,0,0.701,0.425,7,-10.965,1,0.375,0.328,0.13,0.1,0.562,135.128,4,pop,0
69,279026,1,0.236,0.799,4,-5.167,0,0.0939,0.0136,0.0,0.0948,0.303,208.951,4,emo,1
70,163201,1,0.731,0.204,9,-11.314,0,0.0369,0.307,0.0109,0.0989,0.191,142.141,4,emo,1
50,160173,0,0.581,0.836,2,-6.043,0,0.0815,0.206,0.0,0.346,0.804,151.995,4,sertanejo,1
54,131333,0,0.634,0.784,5,-5.297,1,0.0677,0.0359,0.0,0.161,0.434,90.041,4,emo,1
83,177391,0,0.86,0.541,1,-6.51,0,0.0325,0.165,0.163,0.0663,0.952,114.984,4,pop,1
54,205893,0,0.538,0.96,5,-3.493,1,0.0534,0.000598,0.000836,0.0893,0.495,99.11,4,grunge,1
41,277840,0,0.433,0.854,9,-3.868,1,0.0483,0.000336,0.000177,0.162,0.368,89.4,4,grunge,0
47,237660,0,0.6,0.687,8,-7.939,1,0.326,0.359,0.0,0.245,0.671,164.911,3,pop-film,0
50,80930,0,0.52,0.529,2,-14.395,1,0.128,0.463,0.69,0.194,0.144,172.11,4,chill,1
57,375706,0,0.64,0.743,5,-6.612,1,0.0524,0.0616,2.01e-05,0.25,0.727,94.972,4,pop-film,1
54,138151,1,0.785,0.5,8,-8.498,1,0.261,0.635,0.0,0.159,0.564,140.061,4,sad,1
51,324193,0,0.534,0.901,5,-2.401,0,0.0494,0.483,6.61e-06,0.178,0.716,154.875,4,k-pop,1
60,226698,0,0.852,0.791,7,-7.028,0,0.0538,0.228,0.00187,0.139,0.955,109.976,4,k-pop,1
64,123445,0,0.703,0.653,11,-3.969,0,0.0376,0.0543,1.27e-05,0.345,0.414,148.02,4,emo,1
42,230569,0,0.685,0.755,1,-6.231,0,0.0912,0.727,0.0,0.271,0.889,89.985,4,indian,0
54,216672,0,0.671,0.76,8,-2.852,1,0.057,0.0639,0.0,0.124,0.796,107.007,4,anime,1
61,109741,0,0.476,0.36,2,-11.396,0,0.0494,0.96,1.92e-05,0.118,0.0341,140.575,4,emo,1
57,207160,1,0.458,0.239,11,-15.877,0,0.0599,0.0346,0.0,0.0815,0.31,94.993,4,chill,1
43,259591,0,0.637,0.357,0,-9.917,0,0.0246,0.584,0.0151,0.15,0.313,98.004,3,k-pop,0
64,219973,0,0.578,0.76,5,-2.307,1,0.0329,0.00188,0.0,0.142,0.7,127.904,4,emo,1
51,122253,1,0.718,0.474,0,-7.171,1,0.32,0.0837,0.0,0.119,0.813,115.494,4,sad,1
55,361666,0,0.536,0.328,1,-18.843,0,0.0647,0.387,9.94e-05,0.367,0.546,175.975,4,pop-film,1
46,250105,0,0.553,0.846,10,-5.146,0,0.0673,0.0283,0.000319,0.0616,0.488,95.046,4,indian,0
59,120027,1,0.708,0.213,7,-8.266,1,0.0396,0.924,0.00118,0.111,0.109,80.02,4,sad,1
45,86539,1,0.728,0.575,4,-12.309,0,0.125,0.5,0.0,0.546,0.546,135.095,4,anime,0
61,111386,0,0.785,0.672,8,-4.379,1,0.0306,0.119,0.0,0.0554,0.754,114.996,4,anime,1
82,165746,0,0.556,0.798,7,-3.331,1,0.254,0.0848,0.0,0.33,0.628,131.096,4,k-pop,1
56,227840,0,0.398,0.292,0,-12.256,1,0.041,0.898,1.49e-05,0.112,0.154,127.339,4,pop-film,1
60,224466,0,0.508,0.88,5,-6.441,0,0.0448,0.0621,9.43e-05,0.15,0.337,140.065,1,grunge,1
67,268586,0,0.445,0.671,2,-7.937,1,0.0387,0.165,1.56e-05,0.0791,0.267,125.712,4,grunge,1
0,184390,0,0.692,0.883,7,-4.698,1,0.0582,0.0512,0.0,0.228,0.614,122.984,4,pop,0
71,132303,1,0.611,0.688,1,-5.688,1,0.341,0.0264,0.0,0.251,0.393,178.462,4,emo,1
57,93913,1,0.774,0.681,10,-5.313,0,0.283,0.397,0.0,0.106,0.55,138.149,4,emo,1
72,206586,0,0.308,0.873,8,-4.542,1,0.0533,0.00022,0.000729,0.0974,0.686,143.519,4,emo,1
52,181413,0,0.597,0.7,5,-9.284,0,0.0615,0.242,0.0,0.101,0.478,160.432,4,anime,1
47,141290,0,0.7,0.415,1,-12.962,0,0.0371,0.346,0.941,0.0967,0.35,124.009,4,anime,0
60,203413,0,0.552,0.915,4,-3.713,1,0.0559,0.0013,3.74e-05,0.206,0.606,90.013,4,emo,1
44,191680,0,0.622,0.506,2,-6.488,1,0.0325,0.719,0.0,0.124,0.781,140.069,4,sertanejo,0
58,148474,0,0.71,0.251,0,-16.993,0,0.0295,0.763,0.937,0.379,0.412,118.017,4,chill,1
45,249160,0,0.633,0.616,9,-7.395,1,0.0288,0.126,0.0,0.078,0.7,131.072,4,indian,0
69,470500,0,0.362,0.378,1,-11.008,1,0.0329,0.679,0.0,0.091,0.575,87.549,4,pop-film,1
60,214159,0,0.849,0.361,11,-10.057,1,0.0641,0.692,0.00673,0.14,0.553,137.539,4,chill,1
46,212291,0,0.727,0.765,6,-5.036,0,0.12,0.207,0.0,0.0726,0.813,66.484,4,k-pop,0
43,143333,1,0.461,0.193,11,-16.321,0,0.0431,0.958,0.783,0.12,0.232,110.065,4,sad,0
56,368333,0,0.467,0.662,4,-5.783,0,0.112,0.462,0.0,0.0994,0.45,93.743,4,pop-film,1
54,224666,0,0.442,0.746,1,-5.411,1,0.0309,0.00197,0.0,0.123,0.332,131.957,4,grunge,1
54,150322,1,0.645,0.579,4,-9.137,1,0.1,0.524,1.78e-05,0.161,0.525,92.977,4,sad,1
57,216317,0,0.422,0.251,4,-14.488,1,0.0308,0.756,0.843,0.137,0.0664,139.671,4,anime,1
44,196773,0,0.498,0.655,4,-7.365,1,0.0325,0.708,0.0,0.251,0.764,72.899,4,sertanejo,0
59,266069,0,0.383,0.422,5,-8.219,0,0.0288,0.755,4.15e-06,0.119,0.247,188.109,4,pop-film,1
75,222732,0,0.733,0.855,9,-3.211,1,0.118,0.00481,0.0,0.123,0.42,126.035,4,k-pop,1
71,302935,0,0.695,0.727,6,-6.274,0,0.0323,0.0744,0.000175,0.533,0.864,118.034,4,pop,1
63,132571,0,0.773,0.624,2,-7.615,0,0.052,0.0106,3.86e-06,0.0541,0.431,105.044,4,pop-film,1
43,152142,0,0.777,0.449,0,-7.259,1,0.0684,0.894,6.19e-06,0.0964,0.352,140.005,4,sad,0
43,260746,0,0.641,0.902,1,-7.068,1,0.18,0.181,0.0,0.654,0.524,133.273,4,grunge,0
64,150415,0,0.706,0.297,3,-13.652,1,0.132,0.468,0.0,0.0725,0.123,104.049,4,sad,1
0,196723,0,0.165,0.434,0,-8.163,1,0.0288,0.316,0.171,0.213,0.186,77.983,3,grunge,0
60,248738,0,0.734,0.541,7,-8.86,1,0.131,0.454,0.000851,0.132,0.501,140.044,4,chill,1
47,156107,0,0.77,0.273,0,-14.931,1,0.0311,0.497,0.0726,0.121,0.447,100.032,4,indian,0
57,222826,0,0.372,0.975,0,-2.856,1,0.126,0.0493,0.0,0.331,0.3,181.017,4,emo,1
51,241846,0,0.607,0.536,9,-7.285,1,0.0336,0.287,0.0,0.461,0.436,129.97,4,k-pop,1
64,245131,0,0.785,0.903,11,-3.628,0,0.0752,0.309,0.0,0.0417,0.705,96.98,4,pop-film,1
78,184601,0,0.738,0.67,7,-3.766,0,0.0439,0.458,0.0,0.361,0.651,138.055,4,anime,1
58,261825,0,0.605,0.469,6,-10.606,1,0.0571,0.572,0.000948,0.59,0.934,110.457,4,pop-film,1
56,76800,0,0.679,0.188,11,-15.979,1,0.144,0.928,0.737,0.115,0.284,75.072,3,chill,1
52,256866,0,0.519,0.99,1,-3.805,0,0.0985,1.7e-05,0.000251,0.0849,0.285,118.033,4,grunge,1
0,210600,0,0.29,0.936,1,-3.876,0,0.211,0.000481,0.0275,0.0573,0.432,167.818,3,grunge,0
58,139357,0,0.76,0.207,11,-13.359,0,0.0809,0.523,0.11,0.103,0.199,124.955,4,sad,1
65,149360,1,0.634,0.54,8,-7.002,1,0.0777,0.0223,0.0,0.302,0.543,143.968,4,emo,1
72,278973,0,0.423,0.845,11,-3.509,0,0.0559,0.143,5.07e-06,0.213,0.317,116.602,4,grunge,1
0,181640,0,0.706,0.644,11,-6.055,0,0.297,0.125,0.0,0.108,0.624,149.452,4,pop,0
59,82698,0,0.576,0.291,2,-13.178,1,0.051,0.825,0.493,0.11,0.344,119.717,4,pop-film,1
67,273272,0,0.612,0.78,1,-5.123,0,0.0814,0.0781,0.0,0.0593,0.554,92.059,4,pop,1
50,189560,0,0.578,0.809,11,-4.325,1,0.0464,0.557,0.0,0.845,0.749,154.94,4,sertanejo,1
59,270003,0,0.413,0.232,9,-11.87,1,0.0371,0.928,3.15e-05,0.155,0.134,93.661,1,chill,1
63,323520,0,0.447,0.6,4,-3.718,0,0.0332,0.324,0.0,0.0962,0.434,80.044,3,pop-film,1
0,183066,0,0.623,0.668,6,-7.282,0,0.0531,0.475,0.0,0.0862,0.823,161.948,4,pop,0
67,234374,0,0.48,0.615,2,-6.006,0,0.0328,0.547,0.0,0.139,0.33,79.948,4,pop,1
85,169353,0,0.652,0.557,1,-5.714,0,0.0318,0.74,0.0,0.124,0.483,150.073,4,pop,1
54,127378,0,0.517,0.311,1,-4.994,1,0.0373,0.985,0.697,0.108,0.747,98.734,4,indian,1
59,256399,0,0.71,0.783,10,-6.739,1,0.075,0.269,3.31e-05,0.0842,0.624,112.503,3,pop-film,1
1,204187,0,0.483,0.669,4,-5.787,0,0.0501,0.0968,0.0,0.0911,0.273,159.795,4,emo,0
59,173350,1,0.732,0.38,2,-11.402,1,0.152,0.107,9.53e-05,0.163,0.162,143.897,4,sad,1
59,165967,0,0.629,0.459,11,-8.846,1,0.0303,0.38,4.1e-06,0.205,0.435,138.059,4,chill,1
51,171149,0,0.619,0.277,11,-11.771,1,0.0322,0.892,0.0542,0.116,0.435,111.576,4,indian,1
53,156042,0,0.757,0.956,10,-3.277,0,0.131,0.0221,0.00012,0.227,0.627,104.921,3,indian,1
52,329640,0,0.477,0.636,8,-8.334,0,0.0356,0.865,0.00226,0.208,0.707,84.547,4,k-pop,1
42,192066,0,0.497,0.885,9,-3.769,1,0.0405,0.00522,0.0032,0.0905,0.437,123.899,4,emo,0
53,207026,0,0.561,0.678,2,-4.79,1,0.0295,0.648,0.0,0.48,0.388,111.879,3,sertanejo,1
74,198260,0,0.719,0.757,2,-5.167,0,0.0849,0.137,0.0,0.129,0.489,147.024,4,k-pop,1
52,138410,0,0.792,0.825,11,-5.302,1,0.158,0.399,0.0,0.643,0.787,129.93,4,sertanejo,1
76,242142,0,0.684,0.605,10,-8.678,0,0.0634,0.216,0.941,0.103,0.768,104.647,4,k-pop,1
62,68466,0,0.743,0.441,2,-10.273,1,0.0462,0.611,0.00267,0.123,0.697,134.168,4,indian,1
70,232966,0,0.813,0.876,1,-2.92,0,0.0922,0.024,0.0,0.287,0.757,98.989,4,k-pop,1
7,208546,0,0.594,0.935,0,-2.018,1,0.0357,0.243,2.36e-06,0.102,0.602,113.99,4,pop,0
40,255912,1,0.254,0.898,1,-4.782,1,0.119,0.000134,3.67e-06,0.254,0.567,168.88,4,emo,0
44,99636,0,0.763,0.434,0,-12.659,1,0.16,0.69,5.7e-05,0.105,0.417,76.81,4,sad,0
37,154723,1,0.643,0.727,9,-5.23,1,0.124,0.102,0.0,0.103,0.406,165.873,4,sad,0
43,133370,0,0.702,0.425,5,-12.442,1,0.09,0.266,0.243,0.135,0.376,135.001,4,sad,0
53,193853,0,0.686,0.436,1,-8.865,1,0.0336,0.574,0.0,0.0955,0.162,119.959,4,emo,1
46,163928,0,0.605,0.552,11,-9.279,0,0.0837,0.628,0.0,0.0685,0.65,168.085,4,sertanejo,0
4,247147,0,0.674,0.205,2,-14.173,1,0.0403,0.895,0.0275,0.114,0.352,95.987,4,pop,0
67,160225,0,0.684,0.512,11,-8.715,1,0.0525,0.544,0.0,0.097,0.466,119.901,4,chill,1
56,165034,1,0.708,0.667,4,-5.854,1,0.0356,0.16,0.000683,0.183,0.616,145.976,4,sad,1
52,139480,0,0.728,0.234,7,-22.589,1,0.0464,0.906,0.955,0.0687,0.336,154.013,4,chill,1
51,166958,0,0.661,0.374,9,-7.561,1,0.0605,0.0171,0.0,0.0938,0.349,92.011,3,indian,1
49,217000,0,0.768,0.335,10,-8.132,1,0.0378,0.784,0.0,0.105,0.65,120.011,1,k-pop,0
50,234187,0,0.309,0.479,4,-5.956,1,0.0359,0.411,0.0,0.225,0.129,159.77,4,grunge,1
2,183066,0,0.623,0.668,6,-7.282,0,0.0531,0.475,0.0,0.0862,0.823,161.948,4,pop,0
0,183066,0,0.623,0.668,6,-7.282,0,0.0531,0.475,0.0,0.0862,0.823,161.948,4,pop,0
63,229877,0,0.569,0.297,6,-8.639,1,0.0292,0.879,0.0,0.0938,0.466,89.96,4,pop-film,1
72,187490,0,0.727,0.863,1,-3.181,1,0.0879,0.0298,0.0,0.334,0.72,94.952,4,anime,1
0,170964,0,0.438,0.178,5,-9.402,1,0.0414,0.957,1.1e-06,0.316,0.344,75.25,1,pop,0
61,250633,0,0.514,0.601,0,-8.046,1,0.0677,0.302,0.0,0.075,0.452,92.648,4,pop-film,1
46,232280,0,0.552,0.692,2,-6.83,1,0.055,0.322,0.0,0.771,0.446,80.005,4,sertanejo,0
1,211573,0,0.623,0.961,4,-2.616,0,0.0869,0.102,0.000171,0.264,0.668,149.963,4,emo,0
76,272000,0,0.709,0.454,9,-7.843,0,0.167,0.445,0.0,0.136,0.548,90.038,4,pop,1
26,199093,0,0.44,0.984,11,-4.715,0,0.0816,0.00395,0.00108,0.897,0.417,108.256,4,grunge,0
40,169506,0,0.339,0.978,3,-2.116,1,0.0579,0.00766,1.56e-06,0.0681,0.609,192.678,4,emo,0
45,303000,0,0.604,0.853,10,-8.256,1,0.263,0.129,0.0,0.0267,0.846,79.85,4,k-pop,0
59,231562,0,0.799,0.929,0,-3.231,0,0.0668,0.253,0.000462,0.24,0.952,127.999,4,indian,1
52,227033,0,0.634,0.9,11,-4.149,1,0.0748,0.164,0.0,0.147,0.766,182.04,4,sertanejo,1
60,264210,0,0.799,0.542,0,-7.142,1,0.0308,0.0858,1.5e-06,0.126,0.673,107.993,4,pop-film,1
66,70434,0,0.711,0.346,7,-10.162,1,0.0291,0.766,0.0,0.212,0.771,91.993,4,pop,1
44,136438,0,0.506,0.33,6,-12.362,1,0.0892,0.782,0.0,0.132,0.696,72.871,4,sad,0
67,177220,1,0.567,0.517,8,-7.548,1,0.0708,0.000292,0.0,0.141,0.627,179.959,4,emo,1
44,200600,0,0.521,0.616,6,-6.11,1,0.0288,0.377,5.85e-06,0.11,0.469,169.038,4,emo,0
60,304307,0,0.706,0.919,8,-5.21,1,0.174,0.223,0.0,0.319,0.701,101.94,4,indian,1
50,261399,0,0.53,0.787,1,-4.505,1,0.057,0.347,0.0,0.179,0.784,158.095,4,anime,1
36,215562,0,0.457,0.814,7,-4.431,1,0.0528,0.053,0.0,0.341,0.514,158.077,4,anime,0
41,168000,0,0.695,0.221,7,-19.067,0,0.0415,0.951,0.806,0.356,0.183,104.996,4,anime,0
0,239560,0,0.612,0.58,0,-8.572,0,0.0419,0.525,0.000414,0.26,0.534,130.045,4,pop,0
62,218493,0,0.457,0.877,1,-4.229,1,0.0504,0.0353,0.0,0.106,0.387,136.03,4,anime,1
61,60000,0,0.582,0.718,4,-6.826,1,0.0378,0.556,0.497,0.191,0.074,138.028,4,indian,1
50,143258,0,0.654,0.914,5,-3.106,1,0.129,0.127,0.0,0.277,0.888,174.088,4,sertanejo,1
85,193593,0,0.559,0.885,1,-4.515,1,0.189,0.0432,0.0,0.333,0.683,172.029,4,k-pop,1
38,233194,1,0.335,0.567,9,-9.699,1,0.0416,0.276,0.000354,0.197,0.126,103.987,4,grunge,0
73,240133,0,0.436,0.934,2,-2.685,1,0.0507,1.03e-05,0.14,0.321,0.384,91.481,4,anime,1
39,146933,1,0.8,0.5,6,-9.64,0,0.179,0.018,0.000199,0.115,0.776,167.906,4,emo,0
57,334344,0,0.465,0.631,10,-5.434,0,0.0295,0.111,0.0,0.043,0.464,97.836,4,pop-film,1
45,230720,0,0.767,0.78,2,-5.347,1,0.0314,0.426,0.0,0.3,0.917,109.814,4,sertanejo,0
58,282686,0,0.591,0.462,5,-9.77,1,0.0281,0.64,6.44e-05,0.108,0.323,114.02,4,pop-film,1
23,279453,0,0.542,0.927,6,-3.971,0,0.0752,0.167,0.00927,0.446,0.369,135.002,4,grunge,0
68,220943,0,0.77,0.51,10,-5.469,0,0.192,0.137,0.000106,0.0346,0.533,188.067,4,pop,1
4,191506,0,0.736,0.569,8,-3.559,0,0.0779,0.144,5.27e-05,0.112,0.433,171.973,4,pop,0
44,246906,0,0.618,0.703,2,-3.832,1,0.0313,0.0182,0.0,0.0892,0.418,90.001,4,anime,0
75,150475,1,0.8,0.526,8,-5.153,1,0.0716,0.334,0.00174,0.0571,0.746,129.874,4,emo,1
43,278440,0,0.415,0.533,0,-8.445,1,0.0308,0.0037,0.000732,0.176,0.126,138.929,4,grunge,0
3,201573,0,0.512,0.796,1,-4.075,1,0.0645,0.00147,0.000209,0.0938,0.344,171.014,4,pop,0
65,251000,0,0.55,0.246,0,-12.503,0,0.03,0.834,0.00279,0.0977,0.218,119.836,3,pop,1
0,230461,1,0.676,0.588,7,-7.025,1,0.275,0.137,8.47e-06,0.137,0.484,186.012,4,pop,0
61,336962,0,0.709,0.535,9,-8.152,0,0.0357,0.164,0.0,0.0877,0.749,99.965,4,pop-film,1
42,174750,0,0.564,0.622,11,-6.608,1,0.127,0.796,0.0,0.0986,0.578,160.214,4,sad,0
73,299827,0,0.684,0.771,8,-5.353,1,0.0307,0.548,0.0,0.112,0.539,119.982,4,pop,1
71,217404,0,0.643,0.667,0,-6.947,0,0.151,0.0432,0.0,0.0904,0.478,145.999,4,k-pop,1
47,188154,0,0.625,0.664,4,-5.993,1,0.0406,0.661,0.0,0.176,0.432,141.917,4,sertanejo,0
62,229439,0,0.687,0.871,0,-5.531,1,0.0689,0.00225,0.00708,0.134,0.539,115.0,4,grunge,1
59,350617,0,0.679,0.421,7,-9.13,0,0.0344,0.685,6.81e-06,0.244,0.65,81.012,4,pop-film,1
47,113197,1,0.779,0.464,2,-12.449,1,0.093,0.49,0.000829,0.141,0.379,119.961,4,sad,0
77,236266,0,0.617,0.741,2,-3.97,1,0.0311,0.131,0.0,0.0772,0.306,118.984,4,pop,1
26,72857,0,0.525,0.707,4,-13.787,0,0.0667,0.812,0.878,0.432,0.221,140.016,3,anime,0
55,283951,0,0.755,0.894,4,-8.544,0,0.0993,0.54,1.55e-05,0.141,0.799,104.985,4,indian,1
61,326008,0,0.662,0.4,9,-11.244,1,0.0651,0.568,5.99e-05,0.0682,0.541,91.936,4,pop-film,1
49,318511,0,0.535,0.285,4,-14.143,1,0.0307,0.836,0.00572,0.118,0.206,92.033,4,indian,0
67,173933,0,0.466,0.965,1,-2.597,0,0.0904,0.042,0.0,0.101,0.453,95.028,3,grunge,1
64,274687,0,0.512,0.752,4,-4.857,0,0.0534,0.305,0.0,0.708,0.428,127.965,4,indian,1
54,345133,0,0.48,0.384,10,-12.705,1,0.0304,0.181,0.105,0.124,0.194,152.184,4,grunge,1
52,240213,0,0.43,0.703,10,-5.52,1,0.0342,0.0465,0.0,0.0809,0.328,149.873,4,grunge,1
48,129973,0,0.406,0.671,6,-9.169,0,0.0387,0.0897,0.964,0.121,0.232,94.942,3,anime,0
60,215960,0,0.619,0.294,2,-13.019,1,0.0305,0.83,5.18e-05,0.103,0.311,100.075,4,chill,1
35,226216,0,0.655,0.734,3,-7.488,0,0.0342,0.0818,2.12e-06,0.105,0.69,108.001,4,anime,0
41,153000,1,0.72,0.352,2,-12.092,1,0.0333,0.895,0.043,0.0875,0.727,80.011,4,chill,0
45,205240,1,0.568,0.519,1,-5.227,1,0.0268,0.0484,0.0,0.108,0.451,159.988,3,emo,0
29,329333,0,0.283,0.872,2,-3.75,1,0.0615,0.0221,0.0,0.972,0.501,149.905,3,grunge,0
66,109986,0,0.61,0.258,0,-12.758,1,0.0331,0.883,0.0145,0.103,0.164,127.08,4,emo,1
48,275503,0,0.442,0.235,4,-13.808,0,0.0421,0.89,3.86e-06,0.106,0.249,171.137,4,k-pop,0
60,116924,0,0.77,0.393,2,-9.345,1,0.0651,0.98,0.154,0.145,0.35,115.051,4,sad,1
2,183066,0,0.623,0.668,6,-7.282,0,0.0531,0.475,0.0,0.0862,0.823,161.948,4,pop,0
56,165333,0,0.537,0.251,0,-9.533,1,0.0276,0.899,5.76e-05,0.0857,0.288,89.916,4,indian,1
45,255633,0,0.598,0.611,11,-5.116,1,0.0227,0.231,0.0,0.152,0.452,82.98,3,anime,0
68,84176,0,0.546,0.179,1,-19.623,0,0.23,0.611,0.00211,0.107,0.272,95.037,4,sad,1
63,361533,0,0.741,0.489,11,-9.428,0,0.0472,0.0386,0.0,0.162,0.667,113.028,4,pop,1
44,221354,0,0.635,0.402,6,-12.091,0,0.0672,0.00389,0.0,0.33,0.356,90.009,4,indian,0
50,279987,0,0.427,0.553,2,-9.728,1,0.175,0.0996,4.34e-06,0.0705,0.137,170.144,4,indian,1
50,291017,0,0.383,0.699,4,-3.961,1,0.089,0.147,0.0,0.855,0.372,77.347,4,sertanejo,1
59,219240,0,0.833,0.639,5,-6.964,1,0.0676,0.152,0.0,0.101,0.448,102.989,4,indian,1
0,163449,0,0.693,0.643,4,-5.867,0,0.0828,0.138,0.0,0.108,0.477,95.055,4,pop,0
46,237108,0,0.538,0.624,1,-5.651,1,0.0322,0.684,0.00403,0.0776,0.255,82.992,4,indian,0
26,273626,0,0.202,0.843,8,-6.009,1,0.0622,0.000539,0.103,0.992,0.31,116.619,4,grunge,0
69,169061,1,0.632,0.946,0,-2.784,0,0.277,0.192,0.0,0.495,0.324,125.061,3,emo,1
60,173725,1,0.801,0.591,2,-5.18,1,0.143,0.0186,0.0,0.108,0.231,87.509,4,emo,1
50,256573,0,0.738,0.929,11,-3.257,1,0.0362,0.0546,0.0,0.318,0.862,116.996,4,anime,1
0,134239,0,0.707,0.955,10,-4.593,0,0.222,0.127,0.0,0.203,0.575,125.993,4,pop,0
49,180129,1,0.859,0.728,5,-6.71,0,0.214,0.0972,0.0,0.104,0.66,150.09,4,indian,0
67,177040,1,0.567,0.624,11,-7.033,0,0.0472,0.00851,0.000522,0.0954,0.289,131.983,4,emo,1
43,221400,0,0.556,0.218,10,-11.923,0,0.0305,0.788,0.0,0.0964,0.289,139.775,3,indian,0
67,198626,1,0.532,0.422,10,-8.512,1,0.0443,0.0964,0.000251,0.0955,0.114,125.013,4,emo,1
53,280496,0,0.482,0.694,0,-5.368,1,0.042,0.452,0.0,0.11,0.573,90.196,4,indian,1
0,199813,0,0.676,0.699,9,-5.984,1,0.0375,0.139,0.0,0.147,0.79,134.966,4,emo,0
1,309327,1,0.71,0.522,11,-9.102,1,0.36,0.615,0.0,0.11,0.37,96.448,4,k-pop,0
66,197320,0,0.384,0.868,6,-3.226,0,0.0711,0.0458,5.82e-06,0.0797,0.233,95.027,4,k-pop,1
39,405520,0,0.412,0.418,9,-6.142,1,0.034,0.269,0.0,0.102,0.265,141.341,4,emo,0
65,180413,1,0.904,0.654,11,-9.292,1,0.345,0.468,0.0,0.0617,0.805,144.966,4,chill,1
56,207466,0,0.465,0.456,4,-6.603,0,0.0282,0.554,0.0,0.111,0.293,138.78,4,grunge,1
45,260253,0,0.691,0.732,5,-5.254,0,0.0532,0.197,7.32e-06,0.158,0.561,79.961,4,k-pop,0
45,439492,0,0.782,0.732,9,-4.749,0,0.317,0.454,0.0,0.105,0.786,80.018,4,anime,0
71,230185,0,0.758,0.57,6,-8.645,0,0.0462,0.00374,2.47e-06,0.184,0.567,126.966,4,pop,1
29,354000,0,0.623,0.331,1,-8.933,1,0.0262,0.546,0.000743,0.104,0.228,109.803,4,pop-film,0
0,184771,0,0.497,0.351,1,-9.048,0,0.0648,0.777,0.0,0.167,0.234,171.719,4,chill,0
49,113142,0,0.644,0.337,1,-10.94,1,0.183,0.389,0.0,0.16,0.206,139.966,4,chill,0
56,193047,0,0.713,0.421,11,-8.692,1,0.0362,0.657,2.32e-06,0.139,0.59,79.005,3,chill,1
62,218930,0,0.517,0.443,9,-8.946,1,0.0529,0.88,0.000141,0.0989,0.538,176.035,4,pop-film,1
51,297158,0,0.636,0.701,5,-6.825,1,0.0363,0.414,0.0,0.106,0.352,113.886,4,indian,1
44,302293,0,0.642,0.6,0,-4.884,1,0.026,0.542,0.0,0.149,0.45,82.992,4,sertanejo,0
56,167820,0,0.441,0.59,0,-5.615,1,0.0514,0.242,0.0,0.349,0.411,84.633,4,anime,1
56,252173,0,0.382,0.949,11,-2.985,0,0.121,0.000375,9.62e-06,0.196,0.543,174.132,4,anime,1
49,265840,0,0.578,0.579,0,-9.922,1,0.151,0.0771,0.000524,0.0815,0.64,105.279,3,k-pop,0
58,127925,1,0.817,0.505,1,-9.26,1,0.119,0.216,2.03e-06,0.231,0.735,76.029,4,sad,1
53,317066,0,0.316,0.807,5,-3.345,0,0.0382,0.0101,0.0,0.23,0.33,102.333,3,anime,1
70,246412,0,0.636,0.425,6,-11.722,0,0.0453,0.591,0.0,0.0908,0.548,170.013,4,pop,1
25,222466,0,0.393,0.896,1,-4.902,1,0.0671,0.000443,0.0,0.0774,0.793,177.981,4,grunge,0
80,290400,0,0.429,0.614,4,-6.573,0,0.0709,0.513,0.000316,0.0922,0.743,149.966,3,k-pop,1
0,227240,0,0.486,0.843,7,-6.085,1,0.0635,7.21e-05,0.682,0.0709,0.412,90.016,4,grunge,0
51,167124,0,0.764,0.764,4,-3.226,1,0.0369,0.345,0.0,0.837,0.718,104.952,4,sertanejo,1
36,245093,0,0.586,0.791,0,-5.107,0,0.0482,0.0145,1.15e-05,0.178,0.42,128.132,4,anime,0
62,276244,0,0.358,0.252,11,-9.51,1,0.0346,0.604,0.0,0.0915,0.284,145.549,4,k-pop,1
53,291841,0,0.71,0.907,8,-4.274,1,0.0817,0.39,4.91e-06,0.685,0.729,131.989,4,indian,1
61,215125,0,0.794,0.571,11,-6.436,0,0.0521,0.836,0.0174,0.0918,0.632,90.033,4,chill,1
68,240339,0,0.511,0.84,11,-2.781,0,0.103,0.00852,0.0,0.346,0.303,87.605,4,k-pop,1
56,267666,0,0.814,0.663,6,-7.802,0,0.0565,0.121,0.0,0.587,0.815,125.03,4,pop-film,1
56,287213,0,0.576,0.735,11,-5.811,0,0.0352,0.0233,0.00118,0.188,0.301,105.058,4,pop-film,1
67,222025,0,0.439,0.352,0,-9.632,1,0.057,0.587,0.0,0.14,0.548,181.517,3,k-pop,1
47,270001,0,0.382,0.453,5,-10.023,1,0.0455,0.00819,0.000201,0.0913,0.121,157.807,4,grunge,0
34,169097,0,0.642,0.849,0,-7.165,1,0.423,0.467,0.0,0.0888,0.807,89.856,4,anime,0
61,295800,0,0.626,0.774,4,-11.298,0,0.0473,0.185,0.0,0.117,0.782,123.006,4,pop-film,1
0,136906,0,0.53,0.438,3,-7.564,1,0.0372,0.811,0.0,0.212,0.694,117.148,4,pop,0
45,205240,1,0.568,0.519,1,-5.227,1,0.0268,0.0484,0.0,0.108,0.451,159.988,3,sad,0
46,190223,0,0.649,0.898,9,-7.04,1,0.047,0.517,1.48e-06,0.384,0.961,182.054,4,sertanejo,0
41,217120,0,0.291,0.249,9,-10.955,1,0.031,0.889,2.37e-06,0.0934,0.402,146.876,3,indian,0
54,164597,1,0.853,0.591,7,-5.583,1,0.179,0.174,0.0,0.0993,0.433,119.088,4,emo,1
49,104736,0,0.636,0.293,8,-10.486,1,0.0277,0.826,0.578,0.116,0.286,76.01,4,anime,0
48,239052,0,0.757,0.566,10,-5.455,1,0.0346,0.817,0.0,0.136,0.691,105.079,3,sertanejo,0
42,198573,0,0.298,0.536,7,-10.784,0,0.0358,0.00849,0.901,0.247,0.128,132.107,3,anime,0
58,233471,0,0.464,0.391,6,-9.884,1,0.0384,0.755,9.64e-05,0.105,0.418,106.887,4,pop-film,1
4,193143,0,0.887,0.388,8,-14.505,1,0.349,0.739,0.143,0.106,0.205,120.035,4,pop,0
48,122586,0,0.601,0.33,3,-13.346,1,0.0336,0.981,0.0159,0.355,0.461,116.058,4,sad,0
64,159466,1,0.67,0.366,1,-12.021,1,0.229,0.415,0.0,0.337,0.649,63.116,4,sad,1
51,261269,0,0.706,0.614,10,-10.284,0,0.299,0.294,0.0,0.16,0.558,82.84,4,anime,1
46,231897,0,0.731,0.317,6,-13.775,1,0.0358,0.812,0.149,0.106,0.33,114.078,4,indian,0
62,314522,0,0.483,0.781,4,-5.926,1,0.0445,0.349,0.0,0.126,0.801,83.782,4,pop-film,1
47,209411,0,0.762,0.822,0,-2.758,1,0.0425,0.0284,0.0,0.367,0.467,101.998,4,indian,0
58,149333,0,0.782,0.293,11,-10.533,0,0.0496,0.142,0.782,0.0387,0.203,89.958,4,chill,1
46,236800,0,0.565,0.455,7,-13.877,1,0.0303,0.258,3.17e-05,0.0706,0.43,137.997,4,sertanejo,0
70,209230,0,0.73,0.748,6,-4.371,0,0.152,0.0936,0.0,0.282,0.694,155.861,4,pop,1
55,171940,0,0.67,0.242,3,-17.378,1,0.0544,0.912,0.33,0.0796,0.135,134.081,4,chill,1
60,294680,0,0.447,0.781,11,-4.801,0,0.0314,0.0047,3.4e-05,0.0976,0.102,96.004,4,emo,1
46,178000,0,0.482,0.652,9,-10.592,0,0.0331,0.0047,0.821,0.117,0.293,135.015,4,anime,0
63,127058,0,0.701,0.415,0,-17.812,1,0.0663,0.442,0.886,0.109,0.326,74.989,4,anime,1
2,286714,0,0.583,0.134,4,-15.024,0,0.0362,0.927,0.00367,0.133,0.149,140.047,4,chill,0
44,220701,0,0.522,0.916,0,-3.773,1,0.0447,0.00614,0.0,0.369,0.281,170.992,4,anime,0
46,284101,0,0.465,0.289,0,-12.235,1,0.0563,0.69,0.000213,0.187,0.16,83.299,4,sad,0
66,193333,0,0.636,0.726,10,-8.205,0,0.0456,0.341,0.00727,0.105,0.542,162.035,4,pop,1
59,383213,0,0.507,0.519,9,-11.197,1,0.0451,0.325,0.00062,0.0566,0.584,179.461,4,pop-film,1
41,215173,0,0.596,0.358,0,-12.993,1,0.0255,0.9,0.0503,0.108,0.43,94.932,4,indian,0
47,271373,0,0.475,0.493,4,-6.848,0,0.0267,0.51,4.06e-06,0.116,0.142,147.425,4,grunge,0
62,160500,0,0.785,0.27,5,-14.457,1,0.0892,0.255,0.00132,0.0953,0.12,131.894,4,chill,1
59,276252,0,0.588,0.198,0,-13.095,1,0.0306,0.727,0.0,0.169,0.427,117.096,4,pop-film,1
51,117203,0,0.604,0.203,0,-16.073,0,0.0439,0.502,0.837,0.135,0.454,79.998,4,anime,1
53,270640,0,0.508,0.823,3,-3.711,1,0.031,0.00741,0.0,0.104,0.152,95.98,4,grunge,1
45,171560,0,0.523,0.827,2,-7.975,1,0.0406,0.553,0.0,0.798,0.443,93.026,4,sertanejo,0
57,254228,0,0.722,0.415,9,-10.069,1,0.0406,0.738,1.6e-05,0.0903,0.439,117.971,4,indian,1
58,273577,0,0.796,0.94,7,-6.858,1,0.0804,0.17,0.000168,0.249,0.699,117.008,4,pop-film,1
42,219375,0,0.79,0.772,6,-5.235,0,0.263,0.382,0.0,0.0805,0.39,128.006,4,anime,0
0,203782,1,0.663,0.308,7,-12.169,0,0.0577,0.613,0.00403,0.112,0.146,119.795,4,chill,0
52,173196,0,0.558,0.843,7,-6.465,1,0.0995,0.444,0.0,0.288,0.719,114.772,4,sertanejo,1
60,218614,0,0.77,0.817,0,-4.092,0,0.0339,0.0265,0.000103,0.084,0.866,139.979,4,k-pop,1
63,331676,0,0.525,0.46,1,-8.594,0,0.0246,0.826,0.00202,0.139,0.33,98.007,4,pop-film,1
72,307675,0,0.606,0.85,11,-3.952,1,0.183,0.0114,1.01e-06,0.206,0.542,170.01,4,k-pop,1
56,168038,0,0.708,0.356,3,-11.53,1,0.0501,0.907,0.0607,0.125,0.132,80.036,4,sad,1
44,237906,0,0.449,0.902,1,-3.293,1,0.0447,0.000195,0.0,0.0926,0.36,80.086,4,emo,0
60,284723,0,0.594,0.757,11,-5.381,1,0.0504,0.606,0.0,0.251,0.597,127.894,4,indian,1
49,179383,0,0.527,0.38,4,-9.9,1,0.0864,0.0993,0.0,0.065,0.489,159.772,4,sad,0
63,171273,0,0.739,0.474,9,-5.803,1,0.0915,0.0584,2.93e-06,0.128,0.513,96.03,4,k-pop,1
59,357931,0,0.568,0.622,4,-6.548,1,0.109,0.063,0.0018,0.56,0.109,76.984,4,indian,1
53,175693,0,0.682,0.186,7,-13.673,1,0.0821,0.799,0.697,0.0924,0.074,133.438,4,chill,1
53,292594,1,0.406,0.687,10,-7.062,0,0.254,0.174,0.0,0.512,0.446,92.009,4,emo,1
0,235524,0,0.423,0.258,7,-18.83,0,0.0884,0.453,0.801,0.109,0.217,199.768,3,indian,0
0,185813,0,0.859,0.575,6,-6.845,1,0.0798,0.0941,0.00018,0.105,0.607,93.007,4,pop,0
64,131437,0,0.564,0.596,3,-5.909,1,0.0273,0.798,0.787,0.118,0.308,135.014,4,emo,1
42,232800,0,0.666,0.456,9,-9.429,1,0.0262,0.617,0.00166,0.127,0.276,100.008,4,indian,0
57,291066,0,0.354,0.272,2,-13.642,1,0.0293,0.907,0.615,0.0848,0.262,90.566,4,pop-film,1
51,292280,0,0.383,0.689,9,-8.44,1,0.0526,0.682,0.0,0.727,0.563,163.795,4,sertanejo,1
70,250287,0,0.709,0.929,5,-1.583,0,0.061,0.0431,0.00648,0.125,0.477,103.01,4,pop,1
57,279240,0,0.809,0.768,8,-6.186,1,0.132,0.54,0.0129,0.0573,0.565,128.037,4,pop-film,1
79,253520,0,0.489,0.597,5,-6.633,0,0.0292,0.27,0.0,0.105,0.324,95.012,4,pop,1
55,121521,0,0.737,0.241,9,-16.034,0,0.0882,0.51,0.00572,0.108,0.345,100.0,4,chill,1
48,297413,0,0.49,0.335,2,-10.603,1,0.0305,0.624,0.0,0.717,0.266,137.818,4,sertanejo,0
54,210839,0,0.592,0.672,2,-5.161,1,0.0455,0.263,0.0,0.554,0.586,132.031,4,sertanejo,1
62,117747,0,0.901,0.108,0,-19.516,0,0.129,0.844,0.00473,0.108,0.716,106.044,4,sad,1
49,220520,0,0.352,0.693,7,-6.612,1,0.0628,0.000142,2.3e-05,0.12,0.151,175.914,4,grunge,0
33,254489,0,0.366,0.989,5,-5.431,1,0.1,0.000546,7.63e-06,0.733,0.541,92.345,4,emo,0
46,210000,0,0.371,0.276,9,-14.304,1,0.0441,0.878,0.0051,0.129,0.126,45.664,4,chill,0
0,173947,1,0.905,0.563,8,-6.135,1,0.102,0.0254,9.71e-06,0.113,0.324,106.998,4,k-pop,0
64,254841,0,0.445,0.615,0,-7.714,1,0.0852,0.422,0.0,0.116,0.235,123.984,4,pop,1
54,181289,0,0.882,0.368,2,-8.742,1,0.0504,0.043,0.0436,0.109,0.111,130.027,4,sad,1
40,197312,1,0.919,0.585,11,-9.301,0,0.0921,0.153,0.0,0.102,0.179,125.008,4,emo,0
58,385226,0,0.712,0.439,5,-11.056,1,0.0332,0.49,0.000179,0.0873,0.491,120.016,4,pop-film,1
54,319906,0,0.825,0.669,5,-9.117,0,0.0475,0.0761,0.169,0.329,0.767,119.993,4,k-pop,1
46,247590,0,0.311,0.224,11,-10.918,1,0.032,0.878,1.27e-05,0.0932,0.194,165.559,4,k-pop,0
56,426400,0,0.776,0.5,0,-12.22,1,0.0418,0.201,0.00189,0.0538,0.232,109.981,4,pop-film,1
52,194218,0,0.475,0.855,9,-3.036,1,0.306,0.307,0.0,0.921,0.623,165.141,4,sertanejo,1
28,343400,0,0.329,0.658,9,-5.57,1,0.0373,0.00108,1.56e-06,0.0805,0.288,141.123,4,grunge,0
48,224200,0,0.634,0.939,8,-2.638,1,0.0428,0.0847,0.0,0.0776,0.638,124.974,4,emo,0
58,312826,0,0.627,0.884,7,-4.619,1,0.0484,0.0116,0.0,0.103,0.456,130.061,4,anime,1
71,103400,0,0.55,0.143,3,-15.685,1,0.241,0.956,0.0,0.195,0.224,74.918,4,chill,1
62,155250,0,0.706,0.632,1,-7.172,1,0.0705,0.00713,0.0,0.129,0.625,87.993,4,pop-film,1
55,235106,0,0.262,0.688,4,-4.949,0,0.0443,0.472,0.0,0.36,0.394,186.227,3,grunge,1
60,215840,0,0.448,0.84,1,-3.939,0,0.0362,0.0012,0.0,0.0891,0.234,157.975,4,grunge,1
2,223613,0,0.409,0.57,6,-10.54,0,0.0711,0.687,0.0,0.173,0.336,128.657,4,pop,0
63,120000,1,0.698,0.183,8,-20.188,1,0.299,0.462,0.000424,0.335,0.244,143.96,4,sad,1
49,145312,0,0.795,0.294,10,-12.49,1,0.219,0.71,0.0,0.145,0.468,127.93,4,sad,0
0,325312,0,0.68,0.884,1,-5.146,0,0.0501,0.000408,0.00304,0.0738,0.827,124.04,4,emo,0
66,189858,0,0.483,0.795,8,-4.338,0,0.181,0.00258,0.0,0.0912,0.685,171.853,4,anime,1
56,239078,0,0.566,0.743,0,-5.377,1,0.0361,0.0265,0.0,0.329,0.649,94.973,4,anime,1
37,218021,0,0.401,0.975,11,-4.16,1,0.17,0.00044,1.26e-05,0.145,0.449,165.041,4,emo,0
68,193732,0,0.74,0.255,10,-7.293,1,0.0534,0.275,0.894,0.105,0.231,142.568,4,chill,1
0,222738,0,0.416,0.964,9,-2.967,1,0.112,2.35e-05,0.000875,0.473,0.212,157.925,4,grunge,0
54,152400,1,0.623,0.636,8,-8.088,0,0.0521,0.488,0.0,0.103,0.126,99.884,4,emo,1
41,299041,0,0.699,0.339,6,-13.51,1,0.0323,0.601,0.368,0.0932,0.439,104.993,4,indian,0
54,100623,0,0.802,0.294,1,-14.638,1,0.0836,0.747,0.00612,0.158,0.58,120.725,4,chill,1
44,132075,0,0.61,0.979,0,-4.5,1,0.156,0.239,0.000243,0.955,0.743,172.476,4,sertanejo,0
47,244800,0,0.311,0.944,7,-1.734,1,0.14,0.0116,0.0,0.383,0.398,177.948,4,anime,0
40,201535,0,0.643,0.827,0,-4.531,1,0.0357,0.223,0.0,0.0848,0.731,103.434,4,anime,0
62,230400,0,0.576,0.872,8,-5.293,1,0.0471,0.00599,0.0,0.188,0.559,115.042,4,emo,1
46,191020,0,0.807,0.0977,0,-15.128,1,0.0427,0.97,4.16e-05,0.0863,0.462,147.127,4,indian,0
51,156038,0,0.505,0.0239,9,-27.412,0,0.0445,0.994,0.956,0.123,0.193,155.588,3,anime,1
3,187720,0,0.764,0.685,8,-5.548,0,0.0599,0.27,0.0,0.318,0.925,82.027,4,pop,0
26,253105,0,0.45,0.592,2,-8.936,1,0.0472,6.92e-05,0.684,0.211,0.517,161.15,4,grunge,0
42,112533,0,0.51,0.942,2,-7.227,1,0.0368,0.00544,0.707,0.0649,0.514,159.922,4,anime,0
53,180871,0,0.41,0.506,3,-6.98,1,0.0685,0.802,0.0,0.963,0.422,188.14,4,sertanejo,1
46,160653,0,0.505,0.237,3,-12.785,1,0.0352,0.956,0.00573,0.103,0.239,129.613,4,chill,0
49,286293,0,0.463,0.971,7,-3.373,1,0.136,0.0014,0.0,0.306,0.448,91.035,4,anime,0
22,243760,0,0.522,0.882,7,-6.189,1,0.0525,0.0425,0.0,0.397,0.633,103.972,4,anime,0
66,81037,0,0.864,0.482,8,-16.789,0,0.225,0.664,1.68e-05,0.269,0.964,133.234,4,sad,1
54,126798,1,0.867,0.403,6,-8.996,0,0.274,0.0535,7.73e-06,0.185,0.38,138.001,4,emo,1
63,381706,0,0.637,0.774,7,-9.327,1,0.056,0.522,0.0001,0.0901,0.731,121.108,4,pop-film,1
49,232733,0,0.747,0.921,0,-3.851,1,0.0859,0.0956,0.000164,0.0367,0.671,129.945,4,indian,0
62,89340,0,0.643,0.417,4,-10.155,1,0.186,0.809,0.0147,0.168,0.355,94.435,4,chill,1
53,127080,0,0.482,0.281,4,-12.289,0,0.134,0.913,0.108,0.109,0.0537,82.829,4,chill,1
50,218730,0,0.519,0.724,0,-4.015,0,0.0353,0.269,0.0,0.869,0.527,116.013,4,sertanejo,1
55,243622,0,0.376,0.932,3,-5.342,1,0.0984,4.99e-06,2.13e-05,0.318,0.319,163.956,4,grunge,1
57,138007,1,0.789,0.685,9,-10.596,1,0.914,0.635,0.0,0.0843,0.533,160.04,4,emo,1
64,225171,0,0.406,0.446,9,-4.306,1,0.0335,0.739,0.0,0.194,0.214,138.66,4,k-pop,1
54,132010,1,0.894,0.355,5,-11.128,1,0.102,0.596,0.0,0.146,0.527,120.097,4,sad,1
53,335213,0,0.458,0.51,11,-8.287,0,0.0331,0.715,6.37e-05,0.0814,0.526,142.993,4,k-pop,1
0,234626,0,0.544,0.848,11,-6.804,0,0.0288,0.00395,5.22e-05,0.134,0.489,99.039,4,grunge,0
57,85693,0,0.512,0.047,1,-25.408,0,0.0326,0.847,0.96,0.343,0.0837,96.002,4,anime,1
57,198360,0,0.493,0.885,1,-4.531,1,0.0479,0.00545,0.0,0.111,0.496,81.781,4,grunge,1
70,191239,0,0.786,0.727,9,-5.028,0,0.051,0.0818,0.0,0.0824,0.697,93.97,4,pop,1
48,205533,0,0.706,0.729,0,-8.979,1,0.103,0.222,0.0,0.0928,0.905,94.488,4,sertanejo,0
48,139105,1,0.735,0.619,8,-9.24,1,0.519,0.729,0.0,0.0946,0.902,72.0,4,emo,0
43,183720,0,0.402,0.301,7,-12.467,1,0.032,0.786,0.902,0.102,0.0896,79.723,4,indian,0
73,350324,0,0.612,0.495,7,-6.699,1,0.0383,0.726,0.0,0.125,0.433,154.03,3,pop,1
71,205766,0,0.655,0.487,6,-7.988,1,0.033,0.0347,0.897,0.271,0.0454,139.914,4,chill,1
62,136620,1,0.434,0.656,10,-6.063,1,0.0375,0.614,0.00127,0.107,0.185,115.877,4,emo,1
60,230853,0,0.521,0.824,5,-4.498,0,0.287,0.197,0.0,0.124,0.502,112.614,3,chill,1
58,234475,0,0.377,0.858,11,-4.9,0,0.148,0.134,0.00185,0.0985,0.117,174.751,4,chill,1
71,192346,0,0.659,0.718,7,-5.607,0,0.0507,0.202,1.01e-06,0.2,0.297,136.96,4,k-pop,1
70,287573,0,0.78,0.46,6,-7.516,1,0.0851,0.455,0.000141,0.061,0.788,124.007,4,indian,1
59,205440,0,0.656,0.728,1,-5.004,1,0.111,0.18,0.0,0.177,0.603,154.087,4,pop-film,1
49,90000,0,0.509,0.965,11,-3.007,1,0.129,0.257,0.0,0.4,0.755,97.006,4,anime,0
57,215400,0,0.415,0.781,1,-6.947,1,0.0357,0.00401,0.0,0.126,0.261,142.966,4,grunge,1
48,193000,0,0.716,0.545,11,-4.234,1,0.0281,0.799,0.0,0.0724,0.74,95.03,3,sertanejo,0
56,109000,0,0.295,0.0622,0,-24.878,1,0.0393,0.936,0.89,0.0771,0.046,81.17,4,anime,1
29,212024,0,0.572,0.668,7,-11.602,1,0.0424,0.384,0.0,0.878,0.671,117.589,4,grunge,0
54,97134,0,0.61,0.362,0,-13.224,0,0.0242,0.161,0.0219,0.394,0.152,93.989,4,indian,1
53,204275,1,0.689,0.586,1,-6.522,0,0.141,0.0643,0.0,0.12,0.49,160.037,4,emo,1
58,203750,0,0.647,0.792,11,-5.103,0,0.0372,0.389,1.65e-05,0.147,0.499,96.073,4,pop-film,1
48,245510,0,0.666,0.442,10,-6.993,1,0.0272,0.603,0.0,0.108,0.558,98.094,4,sertanejo,0
47,198870,1,0.881,0.575,0,-8.106,1,0.246,0.116,0.0,0.318,0.396,123.989,4,indian,0
44,329142,0,0.285,0.207,1,-13.217,1,0.0324,0.858,1e-05,0.254,0.274,139.901,4,indian,0
46,250706,0,0.489,0.256,11,-10.147,1,0.174,0.792,0.0,0.0495,0.425,199.149,3,sertanejo,0
53,104600,1,0.789,0.613,1,-6.627,1,0.216,0.0729,0.000194,0.101,0.425,147.946,4,emo,1
76,195493,0,0.459,0.427,7,-7.734,1,0.0267,0.114,0.0,0.168,0.354,139.902,3,grunge,1
55,215411,0,0.554,0.488,5,-8.079,1,0.0307,0.589,0.0,0.136,0.539,95.949,4,pop-film,1
51,183451,0,0.627,0.575,4,-7.38,1,0.232,0.78,0.0,0.336,0.494,78.546,4,sad,1
49,275626,0,0.672,0.711,5,-8.798,0,0.206,0.198,0.0,0.102,0.791,180.037,4,k-pop,0
67,181622,0,0.757,0.393,5,-7.942,1,0.212,0.788,0.000986,0.0501,0.715,77.985,4,chill,1
44,100506,0,0.15,0.194,4,-15.769,0,0.0381,0.932,0.0185,0.162,0.113,93.858,4,anime,0
47,198971,0,0.78,0.739,9,-8.896,0,0.0567,0.0292,1.18e-06,0.0799,0.593,91.99,4,k-pop,0
34,102000,0,0.635,0.533,2,-9.47,0,0.0349,0.946,0.574,0.0614,0.32,132.144,4,anime,0
49,471013,0,0.37,0.909,10,-5.688,1,0.0907,0.252,0.0,0.133,0.706,117.51,4,indian,0
65,245016,0,0.531,0.79,10,-7.213,1,0.234,0.281,0.0,0.301,0.339,79.942,4,pop,1
68,261946,0,0.516,0.405,7,-12.327,1,0.0424,0.152,3.44e-06,0.154,0.267,160.047,3,pop,1
49,127716,0,0.542,0.157,10,-23.085,1,0.223,0.97,0.86,0.181,0.4,118.93,4,sad,0
86,233712,0,0.825,0.652,1,-3.183,0,0.0802,0.581,0.0,0.0931,0.931,95.977,4,pop,1
42,71293,0,0.645,0.511,6,-12.383,0,0.176,0.0336,0.00627,0.14,0.511,89.932,4,indian,0
49,153466,0,0.555,0.918,7,-2.873,1,0.107,0.0807,0.0,0.89,0.861,171.968,4,sertanejo,0
73,200689,0,0.804,0.652,8,-6.282,1,0.0898,0.0267,0.000782,0.118,0.854,150.076,4,k-pop,1
51,150680,1,0.653,0.757,9,-7.083,1,0.0489,0.014,5.36e-06,0.138,0.539,90.007,4,sad,1
55,215000,0,0.826,0.735,5,-4.198,0,0.105,0.319,5.01e-06,0.086,0.892,89.999,4,k-pop,1
49,290037,0,0.536,0.857,11,-4.574,0,0.044,0.354,3.82e-06,0.079,0.568,89.652,4,k-pop,0
54,90090,0,0.408,0.943,0,-4.579,0,0.0913,0.226,0.0,0.352,0.807,178.076,4,anime,1
48,232933,0,0.638,0.818,8,-5.524,1,0.0334,0.0136,0.0103,0.191,0.47,97.021,4,grunge,0
57,268826,0,0.69,0.48,0,-8.435,0,0.0554,0.134,0.0,0.26,0.449,133.986,4,pop-film,1
36,210966,0,0.495,0.295,2,-13.18,0,0.0296,0.0351,0.159,0.321,0.06,129.93,4,anime,0
57,88528,1,0.874,0.608,8,-9.031,1,0.408,0.0189,0.0,0.102,0.594,159.936,4,sad,1
45,176173,0,0.66,0.828,9,-4.753,1,0.0329,0.154,0.0,0.944,0.793,137.946,4,sertanejo,0
49,172947,0,0.593,0.512,2,-5.081,1,0.0254,0.563,0.0,0.937,0.383,101.968,4,sertanejo,0
65,224213,0,0.534,0.941,8,-2.561,1,0.077,0.00204,0.00615,0.102,0.573,95.008,4,anime,1
40,167500,1,0.807,0.452,11,-9.636,1,0.0752,0.461,0.0,0.0969,0.391,80.007,4,emo,0
5,155960,0,0.865,0.573,5,-5.501,1,0.0678,0.0863,0.0,0.305,0.563,94.999,4,pop,0
2,183066,0,0.623,0.668,6,-7.282,0,0.0531,0.475,0.0,0.0862,0.823,161.948,4,pop,0
2,242096,0,0.586,0.616,5,-7.964,1,0.0324,0.182,0.0,0.0927,0.719,148.088,4,pop,0
0,212496,1,0.671,0.336,10,-8.494,0,0.241,0.705,0.00751,0.0577,0.518,75.051,4,pop,0
57,257440,0,0.823,0.754,11,-5.03,1,0.0706,0.386,0.000142,0.131,0.973,100.014,4,pop-film,1
35,158499,0,0.584,0.567,2,-10.01,1,0.249,0.657,0.00122,0.216,0.397,104.819,4,emo,0
37,278666,0,0.643,0.741,10,-4.635,1,0.0305,0.395,0.0,0.0652,0.862,75.994,4,anime,0
59,80570,0,0.489,0.0806,9,-27.124,0,0.0286,0.927,0.881,0.109,0.161,94.01,4,anime,1
54,231118,0,0.25,0.765,11,-4.154,0,0.0414,0.0618,2.39e-06,0.118,0.219,165.207,4,grunge,1
49,300719,0,0.586,0.524,1,-8.576,1,0.0436,0.74,2.98e-06,0.136,0.529,98.077,4,indian,0
49,149647,0,0.349,0.363,4,-11.718,1,0.0394,0.537,0.000282,0.0824,0.103,169.928,4,chill,0
66,157278,0,0.524,0.643,7,-7.623,0,0.0302,0.505,0.000215,0.127,0.201,113.67,4,indian,1
45,169986,0,0.45,0.922,4,-8.178,1,0.0583,0.557,0.0,0.688,0.605,117.294,4,sertanejo,0
44,121886,0,0.669,0.308,11,-10.068,1,0.029,0.883,0.0,0.0984,0.52,64.934,4,emo,0
49,137948,0,0.507,0.803,0,-6.978,0,0.0695,0.00632,0.877,0.0693,0.202,116.896,4,anime,0
44,193733,0,0.611,0.525,7,-9.683,1,0.0354,0.767,0.799,0.112,0.299,113.946,4,indian,0
62,254400,0,0.174,0.781,6,-7.066,1,0.0406,0.0452,0.00346,0.0822,0.276,81.37,4,grunge,1
55,110687,1,0.828,0.32,0,-15.465,1,0.503,0.389,0.0,0.338,0.559,95.484,4,sad,1
42,182040,0,0.429,0.853,8,-5.067,0,0.0298,0.217,0.934,0.125,0.345,134.983,4,anime,0
59,179544,0,0.797,0.512,5,-7.315,0,0.143,0.318,8.98e-06,0.352,0.691,100.029,4,chill,1
43,201093,0,0.701,0.388,9,-11.006,1,0.0825,0.393,1.29e-05,0.123,0.295,106.948,4,chill,0
58,351085,0,0.567,0.603,7,-13.25,0,0.0589,0.0899,0.0,0.138,0.464,149.995,3,pop-film,1
66,87408,0,0.795,0.385,7,-13.526,0,0.329,0.851,5.98e-05,0.234,0.55,109.996,4,chill,1
51,280576,0,0.618,0.731,9,-3.387,1,0.0248,0.112,0.0,0.111,0.356,103.924,4,sertanejo,1
67,315013,0,0.53,0.701,9,-4.54,1,0.0823,0.536,8.09e-06,0.118,0.818,171.856,4,pop-film,1
46,342026,0,0.516,0.28,4,-11.833,0,0.0275,0.76,0.00582,0.0616,0.175,111.381,1,indian,0
0,223613,0,0.409,0.57,6,-10.54,0,0.0711,0.687,0.0,0.173,0.336,128.657,4,pop,0
54,276964,0,0.559,0.709,0,-7.219,1,0.0396,0.664,0.000119,0.117,0.417,112.01,4,indian,1
62,227026,0,0.544,0.802,4,-4.152,1,0.0282,0.00155,7.34e-05,0.122,0.59,130.022,4,grunge,1
48,270000,0,0.391,0.55,6,-7.384,0,0.0391,0.561,1.07e-05,0.0915,0.657,82.834,4,indian,0
49,227000,0,0.648,0.749,5,-7.734,0,0.191,0.0175,1.43e-05,0.0413,0.682,150.027,4,k-pop,0
62,242720,0,0.324,0.931,9,-6.803,1,0.0837,0.0155,0.0252,0.277,0.313,82.748,4,grunge,1
56,160666,0,0.497,0.836,9,-6.41,1,0.0962,0.0518,2.44e-06,0.192,0.542,173.94,4,emo,1
47,234092,0,0.633,0.812,5,-3.992,0,0.0965,0.0112,0.0,0.431,0.485,95.077,4,indian,0
60,354240,0,0.805,0.742,0,-6.366,0,0.0396,0.0578,0.000482,0.361,0.717,111.981,4,pop-film,1
43,144393,1,0.411,0.555,9,-9.304,1,0.0513,0.221,0.0,0.146,0.287,82.463,4,sad,0
54,208744,0,0.609,0.389,5,-11.675,0,0.0341,0.527,0.113,0.11,0.144,138.037,4,chill,1
86,212000,1,0.736,0.704,3,-7.409,0,0.0615,0.0203,0.0,0.0501,0.894,149.995,4,pop,1
44,239989,0,0.73,0.904,7,-4.223,1,0.247,0.18,0.000348,0.121,0.464,160.07,4,k-pop,0
58,197933,0,0.497,0.348,9,-10.593,1,0.0285,0.879,0.796,0.722,0.227,82.176,4,chill,1
6,153190,0,0.604,0.741,2,-5.571,1,0.0475,0.178,3.49e-05,0.409,0.473,153.947,4,pop,0
45,133374,0,0.576,0.255,9,-16.446,1,0.0624,0.637,0.00474,0.101,0.1,143.987,4,sad,0
0,221013,0,0.668,0.522,4,-7.42,1,0.0311,0.696,0.0,0.609,0.718,107.979,4,emo,0
67,315013,0,0.53,0.701,9,-4.54,1,0.0823,0.536,8.09e-06,0.118,0.818,171.856,4,pop,1
32,144363,1,0.515,0.665,5,-7.536,1,0.0363,0.0958,0.0,0.227,0.54,82.446,4,emo,0
36,206897,0,0.724,0.954,4,-6.122,0,0.125,0.24,0.0,0.0928,0.489,90.02,4,anime,0
58,282626,0,0.401,0.978,7,-1.875,1,0.147,0.0578,1.87e-06,0.331,0.446,190.083,4,anime,1
47,221506,0,0.614,0.368,7,-7.507,1,0.0366,0.777,0.0,0.0911,0.346,119.873,4,sertanejo,0
68,181176,0,0.786,0.667,5,-8.272,1,0.054,0.0112,0.053,0.074,0.688,102.046,4,pop-film,1
67,252160,0,0.659,0.665,8,-8.181,0,0.0266,0.456,0.000486,0.0898,0.692,93.012,4,pop,1
57,232066,0,0.541,0.677,0,-6.211,1,0.0271,0.0244,0.0,0.0854,0.237,131.922,4,grunge,1
41,264444,0,0.531,0.399,11,-9.089,1,0.0294,0.704,0.0,0.115,0.21,107.506,1,indian,0
64,258773,1,0.515,0.698,2,-5.572,0,0.0279,5.71e-05,8.64e-05,0.0827,0.194,139.96,4,grunge,1
69,152480,1,0.719,0.265,2,-12.782,1,0.0754,0.296,0.0865,0.108,0.273,80.021,4,chill,1
61,310426,0,0.364,0.687,0,-7.967,1,0.0571,0.656,0.0,0.175,0.663,161.008,3,pop-film,1
66,279026,0,0.651,0.708,4,-12.389,1,0.0512,0.0819,0.00301,0.0782,0.734,90.037,4,pop-film,1
55,103800,0,0.303,0.931,4,-9.306,0,0.0574,0.00101,0.0294,0.114,0.555,101.936,4,grunge,1
56,265853,0,0.691,0.855,7,-6.841,1,0.161,0.503,5.37e-05,0.264,0.847,75.003,4,pop-film,1
64,242677,0,0.6,0.678,11,-6.894,1,0.0372,0.0311,0.0,0.338,0.326,123.991,4,k-pop,1
57,196363,0,0.689,0.246,4,-13.33,1,0.0379,0.933,0.0534,0.113,0.18,87.985,4,chill,1
60,196386,0,0.76,0.668,7,-6.0,1,0.0546,0.165,0.0,0.0917,0.913,114.075,4,anime,1
4,238940,1,0.847,0.59,7,-6.301,1,0.133,0.059,0.0,0.0822,0.595,97.014,4,pop,0
55,148966,0,0.632,0.689,1,-6.033,1,0.11,0.454,0.0,0.236,0.584,158.055,4,sertanejo,1
57,220879,0,0.366,0.743,10,-7.899,1,0.066,0.622,0.0,0.411,0.586,170.21,4,k-pop,1
46,162208,0,0.643,0.827,0,-7.83,1,0.0986,0.571,0.0,0.176,0.769,146.048,4,sertanejo,0
70,197549,0,0.558,0.497,8,-7.175,1,0.0256,0.0285,5.36e-06,0.0799,0.444,107.047,4,pop,1
59,142946,0,0.285,0.979,2,-4.428,1,0.175,0.000144,0.0,0.334,0.108,182.7,4,grunge,1
58,207187,0,0.645,0.371,6,-13.141,0,0.0586,0.782,0.882,0.633,0.131,128.002,4,chill,1
40,273933,0,0.398,0.962,6,-3.741,1,0.106,0.0111,0.0,0.298,0.199,135.107,4,emo,0
77,187931,0,0.522,0.128,4,-18.717,1,0.0357,0.894,0.026,0.0941,0.124,109.986,4,sad,1
72,200672,1,0.83,0.583,0,-2.052,1,0.0412,0.0563,0.0005,0.109,0.146,134.0,4,sad,1
62,189120,1,0.478,0.971,7,-2.729,1,0.0858,3.83e-05,2.77e-05,0.295,0.284,90.526,4,grunge,1
50,169800,1,0.59,0.671,9,-6.098,1,0.0706,0.0484,0.0,0.0604,0.438,149.982,4,grunge,1
75,208106,0,0.644,0.939,11,-3.486,0,0.0456,0.157,0.0,0.233,0.861,106.031,4,grunge,1
71,84875,0,0.719,0.63,5,-7.142,1,0.0853,0.255,0.557,0.141,0.4,170.103,4,emo,1
59,197758,1,0.568,0.636,11,-4.265,1,0.204,0.00671,0.0,0.105,0.879,113.497,5,emo,1
46,197693,0,0.675,0.807,7,-4.627,1,0.197,0.204,0.0,0.307,0.762,105.009,4,sertanejo,0
1,191778,0,0.764,0.776,11,-5.329,0,0.0329,0.124,0.000512,0.327,0.772,119.92,4,k-pop,0
42,154571,0,0.74,0.691,0,-7.437,1,0.0726,0.0216,0.000144,0.109,0.469,104.996,4,k-pop,0
55,203000,0,0.658,0.493,9,-9.253,1,0.0267,0.374,0.0,0.287,0.557,95.94,3,sertanejo,1
0,185560,0,0.658,0.679,10,-8.606,0,0.0361,0.0207,3.15e-06,0.198,0.42,94.489,4,pop,0
63,144370,0,0.656,0.761,10,-5.112,0,0.092,0.00647,3.35e-06,0.169,0.549,85.149,4,anime,1
83,146520,1,0.797,0.533,0,-9.74,0,0.0412,0.0172,0.000152,0.103,0.329,131.036,4,emo,1
60,181594,0,0.399,0.723,11,-4.507,1,0.0681,0.124,0.0,0.352,0.22,137.032,4,anime,1
71,238533,0,0.593,0.935,10,-3.853,0,0.0684,0.00221,0.0,0.315,0.618,100.003,4,anime,1
66,295157,0,0.484,0.788,4,-7.625,0,0.0565,0.69,0.0132,0.0939,0.741,171.973,4,pop-film,1
56,278400,0,0.495,0.925,7,-3.193,1,0.0417,0.000129,0.0,0.139,0.587,136.977,4,anime,1
62,199643,0,0.707,0.501,4,-7.389,1,0.0372,0.387,1.81e-06,0.095,0.542,93.978,4,pop-film,1
52,243214,0,0.722,0.699,8,-4.169,0,0.0274,0.196,0.00462,0.111,0.613,112.033,4,sad,1
48,175559,0,0.702,0.604,4,-7.767,1,0.0352,0.78,0.0,0.923,0.605,110.777,3,sertanejo,0
58,231963,0,0.507,0.973,6,-2.905,1,0.176,2.1e-05,0.0329,0.346,0.706,143.075,4,grunge,1
43,121575,1,0.541,0.849,5,-6.773,0,0.146,0.00487,5.09e-06,0.126,0.498,150.285,4,sad,0
44,191428,0,0.712,0.764,1,-7.024,1,0.357,0.325,0.0,0.0819,0.577,168.06,4,indian,0
58,157760,0,0.796,0.681,5,-6.067,1,0.0464,0.352,0.0,0.105,0.795,111.995,4,pop-film,1
57,250325,0,0.626,0.525,10,-7.417,1,0.0338,0.675,0.0,0.0645,0.45,114.921,3,pop-film,1
46,213173,0,0.651,0.766,4,-1.833,1,0.0818,0.57,0.0,0.629,0.686,134.172,4,sertanejo,0
44,181016,0,0.517,0.481,1,-7.393,1,0.0391,0.792,0.0,0.0805,0.382,117.554,4,indian,0
36,257693,0,0.214,0.819,6,-3.577,1,0.0484,0.000279,1.06e-06,0.0828,0.405,156.812,4,grunge,0
58,133333,0,0.73,0.639,0,-5.942,1,0.0993,0.669,0.0,0.824,0.661,143.956,4,sad,1
88,242013,1,0.561,0.431,10,-8.81,1,0.0578,0.768,1.42e-05,0.106,0.137,143.875,4,pop,1
67,277500,0,0.69,0.406,5,-9.41,0,0.106,0.232,1.88e-06,0.145,0.507,160.14,4,chill,1
23,241173,0,0.562,0.484,5,-14.558,1,0.0293,0.642,0.000185,0.69,0.458,94.94,4,anime,0
38,203766,1,0.66,0.646,1,-8.056,0,0.341,0.0652,0.0,0.336,0.321,100.976,4,emo,0
83,245493,0,0.6,0.663,3,-5.802,1,0.0477,0.225,0.0,0.119,0.286,121.07,4,pop,1
52,204771,0,0.704,0.566,10,-10.917,0,0.346,0.258,0.0,0.0564,0.323,118.142,4,sad,1
46,250466,0,0.758,0.638,0,-12.249,1,0.0272,0.34,0.0,0.108,0.924,110.006,4,sertanejo,0
77,235293,0,0.465,0.919,4,-4.025,1,0.0408,1.83e-05,2.07e-05,0.262,0.537,135.997,4,grunge,1
85,258986,0,0.614,0.379,4,-10.48,1,0.0476,0.607,0.000464,0.0986,0.201,107.989,4,pop,1
46,298905,0,0.549,0.432,1,-9.741,0,0.0295,0.655,0.227,0.0907,0.229,118.941,3,indian,0
57,192783,0,0.465,0.708,11,-6.299,0,0.0327,0.0286,1.34e-05,0.108,0.388,97.532,4,grunge,1
42,235133,0,0.423,0.899,9,-4.617,0,0.0676,0.0032,6.06e-05,0.362,0.314,175.911,4,grunge,0
62,295600,0,0.379,0.69,4,-4.79,1,0.0549,0.0286,0.0,0.335,0.288,173.716,4,emo,1
48,128058,0,0.495,0.942,0,-2.77,1,0.129,0.00526,0.00883,0.0874,0.404,176.058,4,anime,0
65,208626,0,0.599,0.927,5,-3.115,0,0.112,0.0347,0.0,0.348,0.856,134.979,4,anime,1
45,286426,0,0.642,0.747,7,-5.163,1,0.0492,0.104,0.0,0.104,0.592,172.037,4,indian,0
46,247590,0,0.311,0.224,11,-10.918,1,0.032,0.878,1.27e-05,0.0932,0.194,165.559,4,indian,0
32,141710,0,0.771,0.692,1,-6.558,0,0.0635,0.339,0.0,0.632,0.767,115.038,4,anime,0
15,175200,0,0.647,0.695,4,-8.923,0,0.0649,0.202,1.63e-05,0.0669,0.224,99.987,4,indian,0
64,191373,0,0.31,0.94,6,-3.395,1,0.106,0.000106,2.21e-06,0.205,0.454,128.682,5,grunge,1
59,266066,0,0.462,0.375,4,-13.184,1,0.0309,0.642,0.0,0.189,0.612,145.35,3,pop-film,1
54,187933,0,0.594,0.636,10,-8.512,0,0.372,0.572,0.0,0.104,0.474,84.908,4,indian,1
53,92402,0,0.515,0.399,4,-13.534,1,0.039,0.695,4.21e-05,0.372,0.451,90.463,4,indian,1
57,83432,0,0.29,0.0778,10,-24.414,0,0.0314,0.938,0.901,0.0981,0.13,56.458,5,anime,1
52,71111,0,0.775,0.345,1,-9.911,0,0.372,0.591,0.409,0.105,0.872,81.046,4,chill,1
63,127750,1,0.807,0.396,11,-5.285,1,0.345,0.00122,0.0,0.32,0.639,174.861,4,sad,1
64,272537,0,0.442,0.928,7,-4.096,1,0.207,0.0257,0.0,0.1,0.601,169.847,4,k-pop,1
0,194087,0,0.701,0.425,7,-10.965,1,0.375,0.328,0.13,0.1,0.562,135.128,4,pop,0
77,148750,1,0.62,0.62,1,-6.322,0,0.0375,0.0388,0.000213,0.129,0.459,144.835,4,pop,1
60,64245,0,0.235,0.449,4,-15.966,1,0.0649,0.836,0.956,0.413,0.382,86.153,4,indian,1
50,283202,0,0.498,0.564,7,-5.047,1,0.132,0.554,0.0,0.109,0.54,166.142,4,sertanejo,1
62,183259,0,0.623,0.9,8,-3.944,0,0.236,0.0486,0.0,0.266,0.773,156.889,4,anime,1
65,342023,0,0.523,0.674,8,-4.832,0,0.0328,0.771,0.0,0.139,0.239,114.058,4,pop-film,1
57,257613,0,0.312,0.452,8,-11.872,1,0.0391,0.796,0.000874,0.286,0.391,132.485,3,pop-film,1
61,254300,0,0.451,0.449,0,-6.702,0,0.0293,0.261,0.0,0.143,0.217,149.768,4,pop-film,1
89,200185,0,0.351,0.296,4,-10.109,0,0.0333,0.934,0.0,0.095,0.12,115.284,4,pop,1
75,253153,0,0.749,0.85,10,-5.39,0,0.126,0.203,0.0,0.18,0.912,117.968,4,anime,1
14,269624,0,0.521,0.298,8,-10.272,1,0.159,0.974,0.909,0.234,0.487,105.178,1,sad,0
53,231053,0,0.346,0.846,1,-4.796,0,0.0621,1.88e-05,0.000858,0.117,0.28,143.152,4,grunge,1
50,373186,0,0.329,0.515,9,-11.252,0,0.0431,0.196,3.13e-06,0.0512,0.961,176.143,3,k-pop,1
49,162217,0,0.518,0.605,5,-7.032,0,0.181,0.1,3.47e-06,0.219,0.319,79.641,4,chill,0
66,171627,0,0.722,0.716,8,-4.089,1,0.0696,0.132,1.05e-05,0.0997,0.626,171.96,4,pop,1
56,236160,0,0.594,0.548,9,-7.588,0,0.0267,0.611,0.00146,0.117,0.374,98.014,4,pop-film,1
47,217681,0,0.322,0.378,2,-8.655,0,0.0304,0.512,0.22,0.169,0.107,75.853,4,anime,0
61,307373,0,0.455,0.418,1,-8.018,1,0.0319,0.648,0.0,0.0809,0.284,130.787,3,pop-film,1
44,377160,0,0.609,0.666,4,-9.812,1,0.0377,0.477,0.000112,0.255,0.599,93.175,4,k-pop,0
60,259133,0,0.276,0.658,7,-5.418,1,0.0329,0.0836,0.000553,0.161,0.16,172.326,4,grunge,1
59,121624,1,0.662,0.61,7,-10.946,1,0.0432,0.0676,0.0,0.268,0.63,144.074,4,sad,1
58,140445,0,0.585,0.51,7,-8.056,1,0.0705,0.818,5.81e-06,0.28,0.622,78.324,4,chill,1
58,226874,0,0.541,0.803,5,-4.725,1,0.033,0.0134,0.0,0.101,0.442,146.0,4,anime,1
45,237893,0,0.395,0.537,0,-4.594,1,0.0357,0.452,0.0,0.125,0.466,185.869,4,sertanejo,0
62,89340,0,0.643,0.417,4,-10.155,1,0.186,0.809,0.0147,0.168,0.355,94.435,4,sad,1
55,243333,0,0.497,0.89,5,-4.027,1,0.0887,0.0155,0.0,0.201,0.391,117.939,4,emo,1
41,235066,1,0.245,0.715,7,-6.192,1,0.0372,0.0814,0.0,0.341,0.367,75.028,4,grunge,0
0,191506,0,0.736,0.569,8,-3.559,0,0.0779,0.144,5.27e-05,0.112,0.433,171.973,4,pop,0
41,222140,1,0.88,0.602,0,-5.89,1,0.255,0.115,8.97e-06,0.144,0.815,89.031,4,emo,0
40,290454,0,0.411,0.924,7,-2.292,1,0.0445,0.00463,0.000306,0.296,0.275,176.154,4,emo,0
65,199534,0,0.765,0.948,6,-2.816,0,0.199,0.298,0.0,0.0784,0.647,172.038,4,pop,1
0,239426,0,0.684,0.487,5,-5.887,1,0.0367,0.495,4.57e-06,0.0821,0.456,81.997,4,pop,0
72,333583,0,0.382,0.632,8,-6.393,1,0.0411,0.391,0.000486,0.0922,0.716,78.936,4,pop,1
49,224160,0,0.508,0.971,8,-3.027,1,0.0788,0.00145,0.0,0.62,0.325,130.023,4,grunge,0
59,156000,0,0.687,0.201,7,-9.523,0,0.301,0.619,0.917,0.0896,0.32,158.7,4,chill,1
4,213436,0,0.825,0.345,9,-6.018,0,0.0372,0.601,0.0,0.121,0.506,116.072,4,pop,0
49,128571,0,0.782,0.492,3,-12.049,0,0.0537,0.665,0.786,0.203,0.137,140.115,4,chill,0
72,291462,0,0.563,0.495,2,-10.272,1,0.0362,0.781,0.0,0.0837,0.244,125.998,4,pop,1
2,153190,0,0.604,0.741,2,-5.571,1,0.0475,0.178,3.49e-05,0.409,0.473,153.947,4,pop,0
42,288496,0,0.547,0.62,11,-8.601,1,0.062,0.408,0.0002,0.0996,0.2,83.997,4,indian,0
57,210966,0,0.493,0.967,8,-2.177,1,0.0577,0.00142,0.0,0.348,0.514,97.488,4,anime,1
45,246786,0,0.35,0.975,3,-3.242,1,0.129,8.65e-05,1.36e-05,0.216,0.267,160.069,4,grunge,0
44,170823,1,0.729,0.679,5,-5.107,1,0.34,0.463,0.0014,0.142,0.508,170.041,4,emo,0
58,309143,0,0.546,0.639,7,-7.94,1,0.0291,0.151,0.0,0.29,0.414,100.026,4,k-pop,1
41,272281,0,0.647,0.405,4,-11.187,0,0.0514,0.807,0.000555,0.206,0.288,163.992,4,indian,0
48,254511,0,0.742,0.943,4,-3.726,0,0.0421,0.31,0.000374,0.0188,0.881,130.02,4,indian,0
47,265400,0,0.499,0.82,2,-6.163,0,0.0301,0.0495,0.0,0.345,0.593,144.949,4,grunge,0
59,140487,1,0.628,0.602,2,-6.64,1,0.0444,0.0654,1.57e-06,0.112,0.197,164.028,4,emo,1
56,202240,1,0.692,0.257,11,-17.159,0,0.0924,0.564,0.0435,0.25,0.204,91.983,4,sad,1
63,187933,0,0.488,0.995,1,-3.096,0,0.108,0.00153,0.0,0.911,0.679,90.058,4,grunge,1
64,325706,0,0.595,0.739,5,-6.733,1,0.0359,0.0716,6.98e-06,0.134,0.722,87.834,4,pop-film,1
48,291240,0,0.569,0.609,2,-10.547,0,0.0307,0.611,0.000166,0.351,0.816,95.184,4,k-pop,0
47,260500,1,0.71,0.256,8,-13.311,0,0.047,0.638,0.00528,0.0886,0.148,120.018,4,emo,0
67,158474,0,0.615,0.743,7,-6.569,1,0.041,0.237,0.00431,0.148,0.528,162.22,4,chill,1
44,118400,0,0.523,0.325,2,-14.126,1,0.0707,0.537,0.00444,0.0992,0.0794,149.488,4,sad,0
70,194253,0,0.202,0.886,11,-3.805,0,0.0816,0.0286,0.0,0.643,0.192,145.781,4,emo,1
66,207436,0,0.39,0.661,9,-6.68,1,0.0604,0.556,0.0,0.264,0.487,79.56,4,chill,1
66,134204,0,0.697,0.271,0,-11.507,1,0.093,0.923,0.0,0.101,0.773,119.835,4,pop,1
47,176520,0,0.708,0.688,4,-3.571,1,0.0415,0.786,0.0,0.961,0.759,106.871,4,sertanejo,0
58,121951,1,0.481,0.335,7,-17.999,0,0.223,0.977,0.000142,0.18,0.514,78.721,4,chill,1
58,172946,0,0.671,0.281,5,-15.427,0,0.0357,0.827,0.85,0.108,0.115,128.02,4,chill,1
56,346026,0,0.554,0.515,6,-8.534,1,0.024,0.0883,2.7e-05,0.883,0.432,95.125,4,grunge,1
53,283760,0,0.595,0.945,4,-6.259,0,0.0859,0.00459,0.00277,0.129,0.542,124.022,4,anime,1
0,206696,0,0.741,0.695,1,-5.341,1,0.0454,0.021,0.0,0.0922,0.861,134.032,4,pop,0
53,181894,1,0.6,0.537,5,-9.81,0,0.0258,0.112,8.19e-05,0.109,0.446,94.992,4,sad,1
48,256971,0,0.635,0.486,11,-11.857,0,0.0698,0.707,0.0854,0.422,0.343,130.088,4,indian,0
48,190624,0,0.793,0.868,0,-2.249,0,0.0822,0.146,0.000331,0.179,0.876,130.055,4,sertanejo,0
70,244906,1,0.607,0.45,0,-8.507,1,0.0338,0.0663,1.12e-05,0.107,0.121,105.992,4,emo,1
62,201173,0,0.457,0.825,8,-7.611,1,0.0268,3.29e-05,0.578,0.0548,0.414,82.539,4,grunge,1
39,128000,0,0.5,0.94,6,-4.162,1,0.163,0.124,3.7e-05,0.206,0.538,144.244,4,emo,0
36,266562,0,0.436,0.552,1,-8.938,0,0.189,0.518,0.0,0.0979,0.541,174.676,4,anime,0
49,134857,1,0.832,0.751,8,-3.845,1,0.0599,0.263,6.33e-05,0.104,0.748,104.983,4,sad,0
49,180813,0,0.842,0.336,5,-10.937,1,0.0878,0.61,0.00112,0.11,0.705,153.989,4,sad,0
30,333493,0,0.214,0.976,0,-4.772,0,0.0566,1.72e-05,0.0019,0.107,0.336,157.007,4,grunge,0
62,170322,0,0.424,0.557,7,-10.873,0,0.084,0.836,0.746,0.204,0.329,123.421,4,chill,1
49,282613,0,0.611,0.493,1,-8.365,0,0.0289,0.603,1.92e-05,0.159,0.425,95.995,4,emo,0
71,205373,0,0.634,0.928,1,-1.609,1,0.0514,0.00719,2.55e-06,0.0626,0.738,164.007,4,k-pop,1
51,328640,0,0.533,0.451,9,-10.446,0,0.0317,0.729,0.000251,0.331,0.801,120.553,3,k-pop,1
47,179762,0,0.654,0.81,1,-2.0,1,0.0813,0.441,0.0,0.758,0.565,114.043,4,sertanejo,0
8,290961,0,0.492,0.406,4,-13.565,0,0.414,0.984,0.818,0.195,0.326,121.762,4,chill,0
45,165457,0,0.379,0.78,11,-4.314,0,0.141,0.0703,0.0,0.132,0.426,73.51,4,sertanejo,0
75,192560,0,0.596,0.73,9,-4.091,1,0.151,0.24,0.0,0.325,0.525,85.979,4,pop,1
57,238243,0,0.436,0.721,11,-5.956,0,0.0852,0.273,0.0,0.132,0.73,171.851,4,pop-film,1
49,190312,0,0.793,0.366,7,-7.479,1,0.0461,0.758,0.0,0.132,0.528,128.003,4,sad,0
70,175813,0,0.791,0.733,9,-3.852,1,0.35,0.0305,0.000169,0.0423,0.913,159.974,4,k-pop,1
29,199160,0,0.455,0.769,4,-7.904,1,0.039,0.000691,0.0128,0.166,0.697,150.342,4,grunge,0
64,173065,1,0.718,0.596,11,-8.195,0,0.053,0.073,0.0,0.0796,0.475,87.977,4,sad,1
72,200218,0,0.815,0.761,4,-7.162,0,0.144,0.192,0.0,0.0272,0.82,121.999,4,pop,1
49,189800,0,0.545,0.935,6,-4.159,0,0.173,0.0175,0.00279,0.297,0.339,103.024,4,grunge,0
71,261974,0,0.528,0.449,5,-6.25,0,0.025,0.785,0.0,0.122,0.317,94.058,4,pop,1
55,106136,1,0.7,0.63,9,-7.855,1,0.0844,0.0183,0.0,0.0824,0.317,186.174,4,sad,1
45,189790,0,0.738,0.892,11,-5.366,0,0.0538,0.00114,0.0648,0.0586,0.683,127.974,4,pop,0
56,91504,0,0.742,0.384,10,-8.533,1,0.043,0.872,0.00305,0.132,0.354,69.006,3,chill,1
70,192760,1,0.399,0.591,6,-8.792,0,0.052,0.44,0.0616,0.446,0.175,79.892,3,emo,1
57,280137,0,0.669,0.866,2,-6.628,1,0.0499,0.0589,0.0,0.0463,0.288,119.992,4,pop-film,1
72,203351,0,0.626,0.706,10,-3.201,0,0.0596,0.00225,0.0,0.122,0.534,99.939,4,k-pop,1
51,174560,0,0.28,0.159,2,-12.936,0,0.0392,0.652,0.627,0.0948,0.0393,58.714,4,anime,1
62,171023,0,0.486,0.871,9,-4.475,0,0.337,0.0278,0.0,0.313,0.659,85.411,4,k-pop,1
58,115745,1,0.821,0.32,0,-11.911,0,0.076,0.897,0.0,0.245,0.793,106.078,4,sad,1
46,216122,0,0.443,0.606,0,-4.785,1,0.038,0.63,0.0,0.652,0.496,144.118,4,sertanejo,0
59,374240,0,0.697,0.736,11,-6.594,0,0.0384,0.167,0.00878,0.124,0.42,120.0,4,chill,1
0,262333,0,0.546,0.971,5,-3.451,0,0.0636,0.000132,0.0,0.0731,0.473,104.083,4,anime,0
74,230400,0,0.716,0.803,10,-5.14,0,0.0445,0.03,0.0,0.0817,0.325,124.961,4,pop,1
45,179693,0,0.623,0.717,0,-6.634,1,0.0696,0.197,2.45e-05,0.501,0.404,78.848,4,sertanejo,0
46,136000,0,0.611,0.778,9,-4.803,1,0.0326,0.0946,5.04e-06,0.139,0.285,90.024,4,indian,0
71,282946,0,0.545,0.753,3,-4.618,0,0.036,0.0417,0.0,0.389,0.434,105.754,4,grunge,1
57,296720,0,0.615,0.76,2,-8.082,1,0.0761,0.0701,3.95e-05,0.12,0.743,171.951,4,pop-film,1
53,155856,0,0.707,0.674,6,-7.471,0,0.0402,0.109,0.00452,0.101,0.205,127.972,4,chill,1
44,160555,0,0.737,0.423,6,-10.838,0,0.0357,0.346,0.000152,0.0872,0.244,108.035,4,chill,0
4,115691,0,0.364,0.135,3,-14.363,0,0.0313,0.862,0.0,0.114,0.294,77.005,1,pop-film,0
57,206413,0,0.434,0.764,5,-3.45,1,0.0299,0.0534,0.0,0.437,0.309,51.316,4,grunge,1
48,89387,0,0.661,0.706,8,-4.045,1,0.158,0.223,0.0,0.234,0.435,144.051,4,anime,0
59,182686,0,0.679,0.199,4,-16.669,0,0.0524,0.797,0.727,0.711,0.168,133.918,4,anime,1
46,246942,0,0.414,0.946,6,-3.212,0,0.0924,0.0046,0.0,0.211,0.401,87.445,4,emo,0
48,259497,0,0.566,0.73,5,-4.076,1,0.038,0.0513,0.0,0.855,0.612,148.004,4,sertanejo,0
69,219638,0,0.76,0.651,5,-9.997,0,0.173,0.308,0.0,0.177,0.714,99.955,4,pop-film,1
72,215188,0,0.641,0.489,0,-8.668,0,0.11,0.0509,0.0,0.071,0.206,142.977,4,k-pop,1
2,242495,0,0.315,0.418,7,-9.146,1,0.0299,0.131,0.000679,0.0836,0.237,129.116,4,pop,0
58,153600,1,0.669,0.776,1,-7.076,1,0.0358,0.00177,1.31e-05,0.143,0.477,100.019,4,sad,1
68,132000,0,0.69,0.578,0,-8.7,1,0.0656,0.167,0.000244,0.134,0.788,89.998,4,chill,1
62,72000,0,0.345,0.68,2,-10.64,1,0.0288,0.573,0.984,0.192,0.151,100.001,4,indian,1
67,321240,0,0.532,0.529,0,-8.402,1,0.0352,0.334,0.000144,0.078,0.295,81.989,4,pop,1
55,145626,1,0.615,0.624,10,-5.927,1,0.0363,0.00935,0.0,0.15,0.752,159.943,4,emo,1
44,193440,0,0.821,0.907,4,-3.964,0,0.261,0.355,0.0,0.0859,0.471,125.039,4,anime,0
49,170350,0,0.832,0.82,4,-2.432,1,0.0396,0.343,0.0,0.881,0.744,128.983,4,sertanejo,0
61,290960,0,0.607,0.636,5,-5.605,1,0.0324,0.179,0.0,0.176,0.421,98.997,4,k-pop,1
62,180760,0,0.807,0.653,2,-6.308,1,0.0443,0.0349,9.08e-06,0.111,0.939,119.019,4,anime,1
27,146482,0,0.673,0.854,8,-4.614,1,0.134,0.109,2.6e-05,0.282,0.852,97.321,4,grunge,0
53,165424,1,0.562,0.703,2,-6.134,0,0.0416,0.00273,0.0,0.34,0.313,145.058,4,sad,1
64,241599,0,0.32,0.453,1,-9.537,0,0.0329,0.889,2.6e-06,0.1,0.444,72.424,4,pop,1
73,179325,0,0.706,0.674,9,-5.932,1,0.044,0.3,0.0,0.202,0.359,83.001,4,pop,1
67,206117,0,0.722,0.335,1,-9.943,1,0.136,0.12,0.0,0.0747,0.266,85.034,4,pop,1
61,325033,0,0.843,0.9,5,-4.602,0,0.0375,0.31,3.09e-05,0.0576,0.89,108.015,4,indian,1
88,242253,1,0.585,0.564,0,-7.063,0,0.0515,0.0671,0.0,0.135,0.137,113.003,4,pop,1
46,227942,0,0.666,0.876,11,-2.948,1,0.0704,0.127,0.0,0.787,0.648,105.94,4,sertanejo,0
48,238560,0,0.576,0.804,9,-3.616,0,0.038,0.231,0.0,0.953,0.452,98.197,4,sertanejo,0
54,264419,0,0.576,0.355,3,-8.983,1,0.105,0.975,0.801,0.11,0.332,107.015,4,chill,1
53,130612,1,0.749,0.665,4,-6.8,0,0.0303,0.159,3.63e-05,0.116,0.471,146.968,4,sad,1
59,131201,1,0.671,0.288,1,-14.176,1,0.496,0.468,0.0,0.139,0.42,68.287,5,sad,1
48,242506,0,0.423,0.961,2,-4.312,0,0.0617,3.78e-05,0.892,0.116,0.419,94.992,4,anime,0
56,179032,0,0.309,0.299,9,-9.039,0,0.0334,0.554,3.1e-05,0.0899,0.193,126.424,4,indian,1
45,327000,0,0.622,0.939,7,-9.091,0,0.0587,0.602,0.0181,0.158,0.961,170.058,4,k-pop,0
55,177606,1,0.709,0.604,4,-9.048,0,0.405,0.623,0.0,0.547,0.584,82.999,4,emo,1
45,250283,0,0.417,0.449,1,-11.449,1,0.074,0.705,0.00279,0.0797,0.106,169.694,4,indian,0
74,199125,0,0.653,0.634,5,-5.875,0,0.0391,0.0232,0.0,0.0908,0.306,160.013,4,k-pop,1
53,337960,0,0.604,0.666,4,-7.155,1,0.0271,0.0499,3.78e-05,0.14,0.246,132.031,4,anime,1
48,285440,0,0.57,0.445,0,-7.694,1,0.0246,0.65,6.94e-06,0.7,0.322,77.856,4,sertanejo,0
47,188571,0,0.696,0.153,10,-16.133,1,0.0301,0.907,1.09e-06,0.111,0.451,140.077,3,indian,0
42,229493,0,0.497,0.894,1,-3.793,1,0.0371,0.00771,0.0,0.0924,0.498,134.964,4,emo,0
58,221426,0,0.624,0.941,7,-4.894,1,0.0527,0.0661,0.0,0.113,0.56,105.02,4,anime,1
50,149549,0,0.635,0.722,9,-5.088,1,0.123,0.444,0.0,0.0774,0.641,150.842,4,chill,1
52,216225,0,0.648,0.751,2,-4.974,1,0.0531,0.0391,0.0,0.0332,0.493,100.032,4,chill,1
57,226758,0,0.618,0.52,10,-6.514,0,0.0316,0.662,0.00419,0.0831,0.402,144.9,4,pop-film,1
62,264854,0,0.616,0.75,2,-4.629,1,0.0594,0.172,0.0,0.137,0.434,128.051,4,pop-film,1
57,290053,0,0.778,0.816,11,-4.813,1,0.207,0.364,8.53e-06,0.14,0.83,148.023,4,k-pop,1
17,135849,0,0.761,0.745,11,-4.651,1,0.0457,0.12,1.1e-05,0.0551,0.7,106.02,4,chill,0
84,290616,0,0.37,0.467,5,-9.013,1,0.0273,0.0205,0.572,0.109,0.182,94.485,4,pop,1
66,310000,0,0.576,0.688,9,-5.136,1,0.0319,0.346,0.0439,0.262,0.726,135.984,4,pop,1
53,323754,0,0.458,0.469,0,-7.161,1,0.0421,0.583,0.0,0.254,0.303,145.069,4,sertanejo,1
73,243578,0,0.657,0.581,0,-8.108,1,0.0298,0.699,1.82e-05,0.116,0.323,118.037,4,indian,1
60,247746,0,0.691,0.773,0,-5.244,0,0.0494,0.0174,0.000451,0.117,0.502,128.162,4,anime,1
54,202500,0,0.739,0.527,7,-11.27,1,0.131,0.331,0.0,0.35,0.423,127.857,4,sad,1
54,229973,0,0.404,0.797,6,-5.047,0,0.0763,0.000344,0.000352,0.0824,0.361,146.58,4,grunge,1
55,123343,1,0.507,0.306,8,-14.906,1,0.0583,0.94,0.631,0.11,0.124,88.106,4,chill,1
45,251333,0,0.769,0.947,7,-3.791,1,0.0788,0.0142,0.0102,0.0919,0.678,128.957,4,k-pop,0
43,266024,0,0.557,0.471,3,-8.635,1,0.0319,0.0714,0.0,0.124,0.238,82.989,4,indian,0
57,108016,0,0.698,0.315,11,-16.411,1,0.0347,0.365,0.858,0.108,0.306,75.013,4,anime,1
58,198014,0,0.841,0.541,11,-8.559,1,0.0495,0.0737,0.037,0.102,0.436,133.982,4,emo,1
56,192019,0,0.55,0.263,4,-12.448,0,0.0448,0.842,4.59e-06,0.167,0.0451,129.853,4,sad,1
61,120981,1,0.765,0.75,10,-7.375,1,0.198,0.232,0.0,0.233,0.568,128.031,4,anime,1
35,175966,0,0.38,0.989,11,-4.961,0,0.139,0.000197,2.33e-05,0.873,0.363,139.745,4,emo,0
62,314522,0,0.483,0.781,4,-5.926,1,0.0445,0.349,0.0,0.126,0.801,83.782,4,pop-film,1
59,226121,0,0.555,0.844,6,-3.709,0,0.0351,0.191,0.0,0.257,0.726,77.028,4,k-pop,1
62,283346,0,0.709,0.528,7,-7.429,0,0.0309,0.256,0.00189,0.112,0.649,91.999,4,k-pop,1
55,319906,0,0.264,0.951,7,-7.356,1,0.146,0.000894,0.0442,0.127,0.159,149.99,4,anime,1
44,238640,0,0.489,0.684,9,-7.933,0,0.0287,0.243,0.0,0.261,0.553,92.088,4,sertanejo,0
74,207921,0,0.555,0.89,9,-5.349,1,0.132,0.00399,0.0,0.0506,0.581,181.963,4,k-pop,1
43,168258,0,0.766,0.793,6,-4.427,1,0.0477,0.421,0.0,0.093,0.73,126.975,4,sertanejo,0
46,180000,0,0.676,0.385,8,-13.063,1,0.0595,0.775,0.0,0.359,0.413,100.034,4,indian,0
64,266653,0,0.644,0.818,6,-5.924,0,0.0549,0.431,2.62e-05,0.0806,0.789,118.477,4,pop,1
74,200546,0,0.392,0.964,10,-4.441,0,0.0644,7.13e-05,0.0387,0.106,0.269,167.024,4,grunge,1
51,197946,0,0.0835,0.761,1,-8.889,1,0.0604,0.0417,0.258,0.236,0.162,85.175,5,anime,1
57,220550,0,0.747,0.789,0,-3.789,0,0.039,0.0651,2.42e-05,0.0727,0.646,118.035,4,chill,1
64,178506,0,0.0999,0.181,0,-17.599,0,0.0424,0.94,0.888,0.105,0.0922,71.277,4,anime,1
58,214735,0,0.675,0.392,4,-10.11,0,0.037,0.773,0.0,0.109,0.534,123.935,4,pop-film,1
51,186815,1,0.677,0.612,11,-7.197,0,0.0441,0.482,1.25e-06,0.129,0.597,94.033,4,sad,1
48,115434,0,0.586,0.121,11,-18.214,1,0.0321,0.92,0.106,0.0832,0.173,92.018,4,chill,0
27,199000,0,0.468,0.959,2,-3.397,1,0.0607,0.00268,0.0,0.235,0.929,134.728,4,grunge,0
69,276380,0,0.465,0.769,0,-3.209,1,0.0325,0.581,0.0,0.108,0.473,87.961,4,pop,1
50,248186,0,0.485,0.33,4,-10.062,0,0.0309,0.828,0.000207,0.121,0.252,105.007,3,anime,1
66,192228,0,0.667,0.621,5,-5.697,1,0.0271,0.47,4.15e-05,0.13,0.451,106.032,4,pop,1
46,353093,0,0.592,0.576,1,-10.474,0,0.0367,0.817,0.0,0.0589,0.72,96.236,4,k-pop,0
47,297026,0,0.547,0.807,4,-8.984,0,0.0694,0.00515,0.863,0.0926,0.171,125.008,4,anime,0
27,257137,0,0.522,0.845,8,-8.176,1,0.149,0.083,0.0,0.982,0.582,168.872,4,grunge,0
73,209666,0,0.645,0.87,1,-3.087,1,0.0465,0.00522,1.12e-06,0.101,0.79,119.973,4,k-pop,1
48,132293,0,0.733,0.182,11,-13.724,0,0.117,0.922,0.328,0.122,0.309,69.459,5,chill,0
53,254093,0,0.626,0.758,5,-4.643,0,0.0436,0.0152,0.0,0.14,0.821,130.047,4,anime,1
47,258799,0,0.71,0.229,9,-9.756,1,0.031,0.763,0.0,0.114,0.448,122.929,4,indian,0
70,140338,0,0.504,0.401,0,-10.016,1,0.0958,0.805,0.00596,0.155,0.243,114.95,4,sad,1
35,278819,0,0.43,0.805,2,-7.936,1,0.0528,0.0725,0.0,0.063,0.388,150.049,4,emo,0
58,253120,0,0.597,0.646,6,-7.378,0,0.0344,0.28,0.0,0.111,0.364,126.951,4,grunge,1
56,278401,0,0.503,0.381,9,-9.31,1,0.0283,0.722,1.15e-05,0.154,0.263,80.658,4,pop-film,1
34,153760,0,0.581,0.973,0,-3.845,0,0.0312,0.000201,3.45e-06,0.266,0.75,107.448,4,emo,0
46,134794,0,0.39,0.202,3,-21.285,1,0.0657,0.88,0.00461,0.376,0.257,145.953,4,chill,0
47,136997,1,0.891,0.434,3,-11.964,0,0.131,0.459,2.21e-06,0.0857,0.543,115.014,4,sad,0
54,246696,0,0.645,0.448,9,-9.055,0,0.0282,0.455,1.71e-06,0.109,0.108,112.012,4,grunge,1
50,255013,0,0.473,0.431,2,-8.172,1,0.0305,0.493,0.0,0.0752,0.283,143.862,4,anime,1
66,178177,0,0.714,0.884,11,-2.932,1,0.113,0.00985,0.0,0.439,0.584,145.075,4,k-pop,1
81,196400,1,0.669,0.574,4,-6.442,0,0.0286,0.0175,0.00294,0.146,0.273,120.013,4,emo,1
44,305866,0,0.415,0.346,2,-15.356,1,0.0512,0.852,0.000199,0.319,0.86,82.29,3,k-pop,0
49,270469,0,0.683,0.975,7,-3.48,1,0.068,0.0719,0.000384,0.325,0.745,103.026,4,indian,0
63,222066,0,0.438,0.864,2,-5.185,1,0.47,0.0118,1.66e-06,0.431,0.594,167.898,4,k-pop,1
52,236586,0,0.517,0.916,6,-3.831,0,0.0684,0.000929,0.0,0.208,0.471,127.03,4,anime,1
47,136396,0,0.665,0.664,5,-6.104,1,0.213,0.224,0.0,0.178,0.454,183.111,4,emo,0
59,128109,1,0.58,0.867,11,-4.031,0,0.165,0.0152,0.182,0.14,0.482,79.975,4,emo,1
56,435493,0,0.445,0.188,3,-13.885,1,0.0336,0.158,0.0,0.0958,0.357,99.718,4,pop-film,1
48,176449,0,0.636,0.925,11,-3.521,0,0.101,0.566,0.0,0.435,0.788,158.046,4,sertanejo,0
61,134844,1,0.563,0.724,2,-4.651,1,0.347,0.0831,0.0,0.237,0.486,93.006,4,emo,1
26,192360,1,0.624,0.931,11,-4.184,0,0.0519,0.00933,5.96e-05,0.297,0.453,99.983,4,grunge,0
54,190515,0,0.652,0.45,0,-8.03,1,0.0361,0.817,0.0,0.121,0.427,152.979,4,chill,1
60,107345,0,0.373,0.592,5,-9.837,0,0.126,0.624,0.753,0.195,0.109,84.215,4,sad,1
63,175360,0,0.565,0.749,10,-6.629,0,0.0769,0.655,0.432,0.106,0.881,180.598,4,chill,1
72,238252,0,0.572,0.736,11,-7.768,1,0.0658,0.643,0.0,0.128,0.778,85.035,4,indian,1
45,67500,0,0.508,0.101,1,-18.458,0,0.0506,0.682,0.0,0.0887,0.122,127.548,4,indian,0
32,207893,0,0.572,0.841,7,-5.571,1,0.0408,0.027,0.0,0.126,0.595,132.945,4,anime,0
44,130132,1,0.729,0.549,4,-11.366,0,0.351,0.741,0.0,0.11,0.771,144.887,4,chill,0
70,255960,0,0.234,0.865,9,-5.131,1,0.0516,3.62e-05,0.000532,0.289,0.194,137.107,4,grunge,1
45,179532,0,0.362,0.695,0,-5.72,1,0.0489,0.274,0.0,0.916,0.466,116.275,4,sertanejo,0
51,112750,0,0.532,0.123,5,-10.427,1,0.0346,0.908,0.0,0.0729,0.256,76.569,4,indian,1
58,281906,0,0.702,0.614,8,-4.93,1,0.028,0.103,0.0,0.231,0.507,104.022,4,anime,1
63,266200,0,0.307,0.917,9,-7.599,1,0.0977,1.65e-05,0.00044,0.0566,0.266,101.879,4,grunge,1
53,175373,0,0.535,0.951,3,-3.324,0,0.18,0.00777,0.0,0.0669,0.723,160.102,4,grunge,1
34,238344,0,0.83,0.75,11,-6.056,0,0.0781,0.0899,0.0,0.225,0.564,116.963,4,anime,0
62,218930,0,0.517,0.443,9,-8.946,1,0.0529,0.88,0.000141,0.0989,0.538,176.035,4,indian,1
84,169265,1,0.667,0.373,4,-9.389,1,0.05,0.785,0.0,0.0906,0.0823,124.148,4,pop,1
65,236933,0,0.533,0.732,7,-7.901,0,0.0424,0.166,0.000189,0.138,0.554,90.315,4,pop-film,1
60,196066,0,0.474,0.873,5,-2.926,0,0.0435,0.00326,0.0,0.188,0.372,115.969,4,grunge,1
46,200706,0,0.734,0.561,7,-6.734,1,0.0268,0.761,0.0,0.316,0.685,105.106,4,sertanejo,0
0,377013,0,0.624,0.81,1,-8.307,1,0.039,0.00269,0.0186,0.169,0.271,127.989,4,pop,0
45,438040,0,0.515,0.704,7,-9.627,0,0.0406,0.747,0.00265,0.349,0.898,89.052,4,k-pop,0
53,180458,0,0.38,0.54,11,-11.357,0,0.0368,0.0138,0.757,0.0739,0.0649,140.015,4,anime,1
66,97685,0,0.533,0.168,11,-13.329,0,0.0472,0.422,0.39,0.135,0.074,114.757,4,chill,1
56,362933,0,0.598,0.836,11,-12.336,1,0.0327,0.646,0.017,0.0791,0.938,135.001,3,pop-film,1
59,317560,0,0.688,0.737,2,-10.051,1,0.0443,0.015,0.00025,0.0599,0.635,110.969,4,pop-film,1
47,294582,0,0.64,0.488,7,-7.625,1,0.0258,0.684,3.81e-06,0.146,0.609,82.986,4,k-pop,0
48,243333,0,0.383,0.944,1,-5.552,0,0.154,0.00105,9.64e-05,0.282,0.332,150.577,4,anime,0
55,132000,0,0.674,0.292,5,-13.884,0,0.0833,0.857,0.927,0.108,0.581,80.002,4,chill,1
3,427418,0,0.48,0.89,7,-4.567,1,0.0666,0.873,0.00312,0.257,0.86,80.212,4,pop-film,0
47,203000,0,0.658,0.493,9,-9.253,1,0.0267,0.374,0.0,0.287,0.557,95.94,3,sertanejo,0
58,244160,0,0.399,0.946,11,-3.397,0,0.15,0.000913,0.00462,0.356,0.502,90.068,4,anime,1
58,198380,0,0.647,0.719,9,-6.859,1,0.0437,0.196,0.0,0.134,0.4,104.003,4,pop-film,1
49,162455,1,0.755,0.833,9,-4.483,1,0.228,0.218,6.85e-06,0.125,0.682,130.025,4,emo,0
53,422266,0,0.515,0.634,7,-9.866,1,0.0836,0.559,2.54e-06,0.158,0.8,120.041,4,k-pop,1
47,180000,0,0.77,0.33,5,-8.717,0,0.0641,0.191,0.0,0.163,0.548,139.911,4,chill,0
50,182598,0,0.595,0.713,9,-6.071,1,0.0386,0.694,0.0,0.399,0.55,135.831,4,sertanejo,1
57,155931,0,0.724,0.923,11,-3.42,1,0.225,0.568,0.0,0.344,0.797,155.091,4,anime,1
63,278377,0,0.562,0.595,0,-7.124,1,0.0314,0.715,0.000166,0.108,0.403,93.993,4,indian,1
48,277629,0,0.488,0.801,9,-5.929,1,0.0315,0.0192,0.0,0.308,0.578,92.555,4,emo,0
42,164594,0,0.454,0.243,6,-10.197,0,0.0359,0.283,0.883,0.111,0.239,82.923,4,chill,0
62,148642,1,0.694,0.766,1,-7.179,1,0.14,0.217,1.01e-06,0.134,0.636,133.924,4,anime,1
66,292746,0,0.442,0.574,2,-6.394,1,0.0828,0.273,0.0,0.094,0.308,167.857,4,pop,1
56,288020,0,0.273,0.588,1,-9.564,0,0.0579,0.265,0.000307,0.178,0.138,88.045,4,pop-film,1
0,212868,0,0.813,0.554,9,-6.631,1,0.0544,0.315,0.0,0.105,0.86,148.011,4,pop,0
49,186160,0,0.675,0.413,0,-9.974,1,0.0338,0.791,0.0,0.0928,0.504,114.122,3,sertanejo,0
54,189266,0,0.611,0.605,5,-6.288,1,0.0364,0.694,4.96e-05,0.384,0.442,91.997,4,sertanejo,1
71,227031,0,0.691,0.389,4,-8.247,1,0.0367,0.765,0.0,0.0941,0.306,104.952,4,chill,1
59,383375,0,0.655,0.729,11,-11.116,0,0.0663,0.21,7.36e-06,0.268,0.889,124.381,4,pop-film,1
55,148151,0,0.637,0.828,7,-4.478,1,0.239,0.174,0.0,0.447,0.801,159.795,4,sertanejo,1
51,203786,0,0.528,0.957,5,-4.358,1,0.11,0.000127,0.0,0.119,0.444,107.556,4,anime,1
56,217181,1,0.712,0.545,11,-6.804,1,0.0321,0.403,0.0,0.122,0.349,108.014,4,emo,1
60,234883,0,0.699,0.467,6,-6.363,1,0.0298,0.505,2.5e-06,0.152,0.277,128.989,4,pop-film,1
39,265533,0,0.522,0.924,1,-4.395,1,0.0452,0.00019,0.000105,0.0934,0.484,136.549,4,grunge,0
47,199453,0,0.453,0.574,10,-8.886,1,0.0663,0.661,0.0,0.673,0.313,115.016,5,sertanejo,0
53,218466,0,0.467,0.865,5,-4.158,0,0.0351,0.000127,0.000339,0.088,0.328,91.447,4,grunge,1
67,112666,1,0.764,0.711,4,-3.818,0,0.288,0.175,0.0,0.105,0.774,90.076,4,emo,1
56,252840,0,0.682,0.766,6,-5.546,1,0.0313,0.149,3.38e-06,0.144,0.545,120.04,4,grunge,1
66,175373,0,0.535,0.951,3,-3.324,0,0.18,0.00777,0.0,0.0669,0.723,160.102,4,grunge,1
57,303304,0,0.614,0.33,9,-11.539,0,0.0894,0.688,4.53e-05,0.137,0.726,126.019,3,pop-film,1
50,310987,0,0.748,0.812,0,-7.938,1,0.0471,0.0634,0.00146,0.114,0.906,99.994,4,indian,1
59,247072,0,0.618,0.765,9,-5.492,0,0.0661,0.0111,0.000363,0.122,0.439,104.004,4,pop-film,1
45,180000,0,0.64,0.203,11,-15.82,0,0.0376,0.546,0.0606,0.0932,0.085,88.022,4,sad,0
62,218930,0,0.517,0.443,9,-8.946,1,0.0529,0.88,0.000141,0.0989,0.538,176.035,4,k-pop,1
58,159657,1,0.907,0.409,7,-7.383,1,0.065,0.384,0.0,0.161,0.565,115.023,4,emo,1
58,201225,0,0.68,0.906,11,-6.195,0,0.0734,0.0341,7.83e-05,0.077,0.68,145.05,4,k-pop,1
88,230746,0,0.807,0.893,11,-3.745,0,0.0347,0.0451,2.79e-05,0.366,0.537,126.011,4,pop,1
61,218133,0,0.45,0.501,4,-12.611,1,0.0712,0.49,2.51e-05,0.552,0.327,84.841,4,grunge,1
70,257000,0,0.746,0.339,2,-9.041,1,0.144,0.482,1.36e-05,0.0838,0.291,119.924,4,chill,1
56,162901,1,0.802,0.579,6,-4.12,0,0.0325,0.189,0.0,0.219,0.647,111.994,4,emo,1
69,224666,0,0.352,0.34,0,-10.002,1,0.0357,0.898,3.3e-06,0.0936,0.314,179.865,4,pop,1
48,156160,0,0.511,0.923,9,-2.554,1,0.0867,0.142,0.0,0.172,0.765,152.034,4,emo,0
63,196133,0,0.547,0.785,5,-5.865,0,0.0675,0.204,0.0,0.0835,0.764,81.781,4,pop,1
49,115715,0,0.896,0.374,10,-19.658,1,0.106,0.754,0.875,0.122,0.641,139.959,4,anime,0
52,72000,0,0.876,0.149,7,-22.986,1,0.143,0.827,0.775,0.19,0.212,109.975,4,chill,1
44,255333,0,0.777,0.679,5,-7.867,0,0.0422,0.0817,1.43e-05,0.215,0.771,130.012,4,indian,0
55,148212,1,0.853,0.395,8,-11.538,1,0.107,0.169,0.0,0.301,0.444,124.936,4,sad,1
41,166845,0,0.497,0.561,10,-10.364,0,0.0291,0.0431,0.0,0.712,0.193,84.994,4,indian,0
74,219493,0,0.727,0.937,11,-2.871,0,0.286,0.00417,0.0,0.091,0.749,132.067,4,k-pop,1
65,201666,1,0.543,0.808,10,-5.484,1,0.0407,7.19e-05,0.00336,0.114,0.472,95.19,4,grunge,1
58,299440,0,0.719,0.945,7,-4.977,1,0.136,0.033,7.26e-05,0.0857,0.748,109.014,4,pop-film,1
41,230769,0,0.69,0.32,4,-12.207,1,0.0996,0.902,0.00937,0.348,0.548,129.988,4,indian,0
41,176326,1,0.684,0.832,7,-7.19,1,0.138,0.000363,0.232,0.0978,0.403,195.962,4,indian,0
60,437693,0,0.7,0.687,2,-9.292,1,0.0504,0.503,1.2e-05,0.057,0.815,136.028,4,pop-film,1
65,58871,0,0.607,0.355,5,-14.867,1,0.828,0.948,0.000281,0.706,0.964,125.308,4,k-pop,1
60,198978,0,0.501,0.501,0,-9.323,1,0.119,0.313,0.0,0.104,0.277,160.299,4,chill,1
66,209573,0,0.592,0.937,11,-4.905,1,0.0442,0.00139,1.74e-05,0.189,0.529,102.073,4,anime,1
52,183103,0,0.593,0.417,0,-14.797,1,0.0948,0.866,0.00555,0.0974,0.249,144.892,3,indian,1
45,157666,1,0.788,0.564,9,-5.767,1,0.117,0.328,0.0,0.104,0.458,113.98,4,sertanejo,0
47,175560,0,0.515,0.881,9,-5.148,1,0.0603,0.00888,0.00716,0.11,0.176,109.521,3,anime,0
53,323941,0,0.773,0.951,11,-4.054,0,0.0577,0.0693,0.0083,0.321,0.603,109.427,4,indian,1
55,293813,0,0.588,0.799,11,-5.411,1,0.0794,0.263,0.0,0.0948,0.436,92.052,4,k-pop,1
56,176404,1,0.81,0.491,11,-6.953,1,0.0609,0.118,0.0,0.284,0.511,90.524,4,sad,1
46,348586,0,0.56,0.528,9,-5.044,0,0.0393,0.738,0.0,0.284,0.385,142.011,4,sertanejo,0
67,230778,0,0.491,0.947,0,-2.252,1,0.306,0.00261,0.0,0.34,0.474,166.236,4,k-pop,1
65,329851,0,0.461,0.481,0,-6.389,0,0.0327,0.789,1.01e-06,0.127,0.262,199.807,4,pop,1
27,199334,1,0.328,0.956,9,-4.173,0,0.0713,0.00555,2.07e-05,0.219,0.439,206.071,4,grunge,0
50,234733,0,0.268,0.835,6,-4.125,1,0.0531,0.0313,0.0,0.0828,0.391,138.658,3,grunge,1
1,197995,0,0.503,0.849,5,-2.709,1,0.0615,0.00428,0.0,0.0667,0.762,165.096,4,emo,0
57,266906,0,0.61,0.827,5,-5.099,0,0.0482,0.0509,0.0,0.053,0.68,116.98,4,anime,1
63,174893,0,0.181,0.913,5,-3.318,1,0.152,0.0501,0.0,0.282,0.392,82.176,4,anime,1
67,254351,0,0.73,0.656,11,-5.07,1,0.0294,0.00797,0.00271,0.108,0.743,131.04,4,pop,1
34,166411,1,0.592,0.629,3,-10.666,0,0.131,0.516,0.0,0.152,0.825,81.429,4,sad,0
0,244426,0,0.589,0.492,11,-6.404,1,0.0258,0.163,0.0,0.0786,0.526,96.016,4,emo,0
46,289133,0,0.677,0.38,3,-14.241,1,0.0324,0.937,0.0571,0.112,0.525,102.036,4,indian,0
40,291147,0,0.6,0.265,0,-12.061,1,0.0334,0.683,0.0,0.072,0.194,121.968,4,indian,0
59,184242,0,0.497,0.351,1,-9.048,0,0.0648,0.777,0.0,0.157,0.234,171.719,4,chill,1
74,188041,1,0.789,0.509,6,-8.629,0,0.277,0.525,7.55e-06,0.0936,0.61,75.009,4,emo,1
50,97586,0,0.664,0.258,3,-10.975,1,0.0485,0.935,0.479,0.108,0.358,86.997,4,sad,1
2,230933,0,0.5,0.887,7,-3.74,1,0.0726,0.00467,0.0,0.114,0.631,162.003,4,emo,0
45,177407,0,0.488,0.303,3,-12.426,0,0.0494,0.929,3.44e-06,0.14,0.152,114.962,4,sad,0
53,287000,0,0.65,0.327,10,-11.441,1,0.0324,0.725,0.000302,0.0824,0.196,140.047,3,indian,1
70,306040,0,0.543,0.423,6,-8.797,1,0.0282,0.295,0.0862,0.152,0.355,150.132,4,grunge,1
30,211037,0,0.363,0.88,9,-10.527,1,0.0411,0.0412,1.34e-06,0.453,0.606,95.657,4,grunge,0
45,111262,0,0.615,0.294,6,-14.34,0,0.0275,0.829,0.857,0.112,0.167,81.97,4,anime,0
44,206746,0,0.413,0.939,1,-2.947,1,0.0533,0.00296,0.0,0.0278,0.586,92.531,4,anime,0
72,231893,0,0.737,0.723,0,-4.165,0,0.0705,0.303,0.0,0.26,0.783,100.939,4,k-pop,1
59,149200,0,0.207,0.299,10,-11.389,0,0.0385,0.955,0.286,0.111,0.156,111.011,3,anime,1
56,294813,0,0.451,0.246,8,-14.784,0,0.0403,0.546,6.53e-05,0.284,0.145,145.587,4,anime,1
77,115401,1,0.76,0.371,6,-8.964,1,0.0531,0.00772,0.0,0.0785,0.653,138.023,4,pop,1
46,185375,0,0.504,0.405,6,-11.312,0,0.0515,0.786,0.00143,0.102,0.176,93.469,4,chill,0
52,193146,0,0.599,0.823,1,-5.357,1,0.0482,0.000709,0.0,0.117,0.509,132.89,4,anime,1
57,132727,0,0.769,0.554,1,-6.209,1,0.0684,0.348,0.000542,0.106,0.598,115.949,4,chill,1
1,293692,0,0.373,0.114,5,-13.171,1,0.041,0.937,4.73e-05,0.104,0.172,90.945,1,pop,0
54,135333,0,0.895,0.283,3,-8.387,1,0.101,0.101,0.000157,0.1,0.134,94.023,4,sad,1
61,301348,0,0.352,0.431,7,-7.612,1,0.0366,0.756,0.0,0.146,0.237,131.912,3,pop-film,1
64,102893,1,0.709,0.941,8,-4.929,0,0.276,0.206,0.0,0.249,0.333,148.029,4,anime,1
49,128026,0,0.791,0.27,2,-11.496,1,0.0406,0.78,0.085,0.149,0.3,105.1,4,sad,0
47,239956,0,0.559,0.781,2,-6.496,1,0.0341,0.629,0.0569,0.112,0.373,119.964,4,indian,0
83,214289,0,0.687,0.792,5,-2.749,1,0.0452,0.191,0.0,0.167,0.671,100.015,4,pop,1
39,170603,0,0.279,0.213,6,-18.813,1,0.0394,0.987,0.914,0.113,0.0825,182.007,3,anime,0
43,282000,0,0.581,0.906,10,-7.15,1,0.115,0.124,0.164,0.103,0.943,152.84,4,k-pop,0
45,96007,0,0.46,0.65,8,-13.101,0,0.317,0.629,0.00852,0.25,0.368,79.904,4,indian,0
69,262986,0,0.329,0.45,2,-6.312,0,0.0405,0.594,0.0,0.13,0.284,80.095,4,pop,1
69,258920,0,0.515,0.876,8,-3.756,1,0.0292,0.000932,0.000166,0.136,0.385,145.916,4,grunge,1
25,140466,0,0.415,0.948,4,-3.654,0,0.052,0.023,0.00762,0.15,0.74,170.188,4,grunge,0
35,138453,0,0.478,0.949,6,-3.936,0,0.0611,0.000416,0.0,0.0955,0.601,89.666,4,emo,0
47,176693,0,0.831,0.74,7,-6.697,1,0.0335,0.202,0.0,0.134,0.967,125.036,4,sertanejo,0
58,210360,0,0.582,0.925,6,-4.366,0,0.0523,0.00699,2.9e-06,0.108,0.788,95.987,4,emo,1
52,277280,0,0.459,0.872,4,-0.987,1,0.053,0.0505,0.0,0.166,0.579,82.61,4,anime,1
59,266106,0,0.555,0.828,8,-3.193,1,0.15,0.0397,0.0,0.163,0.391,144.276,4,anime,1
47,239530,0,0.806,0.685,0,-9.635,1,0.244,0.159,4.22e-05,0.33,0.873,96.943,4,k-pop,0
55,238243,0,0.436,0.721,11,-5.956,0,0.0852,0.273,0.0,0.132,0.73,171.851,4,pop-film,1
56,409306,0,0.398,0.39,2,-11.841,1,0.097,0.424,0.0,0.946,0.266,74.727,5,pop-film,1
72,333583,0,0.382,0.632,8,-6.393,1,0.0411,0.391,0.000486,0.0922,0.716,78.936,4,pop-film,1
55,254200,0,0.396,0.781,0,-5.148,1,0.0377,0.00158,0.0,0.185,0.201,145.06,4,grunge,1
61,100764,1,0.875,0.399,0,-12.672,0,0.41,0.0689,4.93e-06,0.135,0.6,105.078,4,sad,1
71,322250,0,0.648,0.711,4,-6.216,1,0.0304,0.436,0.0,0.121,0.33,119.935,4,pop,1
52,219428,1,0.58,0.466,0,-9.276,0,0.0384,0.011,0.00945,0.161,0.279,139.973,4,emo,1
56,214645,0,0.592,0.812,4,-7.112,0,0.0727,0.114,0.0,0.112,0.861,159.883,4,pop-film,1
37,208682,1,0.687,0.835,3,-7.695,0,0.341,0.142,0.0,0.0831,0.698,85.009,4,emo,0
61,296160,0,0.479,0.663,2,-6.314,1,0.0489,0.0987,0.0,0.216,0.379,158.107,4,pop-film,1
38,197573,0,0.51,0.861,11,-4.658,1,0.0333,0.0249,5.07e-06,0.317,0.507,96.497,4,emo,0
50,126226,0,0.225,0.0619,2,-14.858,0,0.0329,0.847,0.687,0.15,0.0988,57.762,4,anime,1
79,245365,0,0.715,0.654,2,-7.266,1,0.336,0.196,0.000117,0.0667,0.762,175.589,3,pop-film,1
48,282853,0,0.679,0.554,3,-7.078,0,0.0303,0.505,0.0,0.145,0.501,104.964,4,k-pop,0
46,199733,0,0.568,0.743,5,-8.136,1,0.0357,0.101,1.99e-06,0.172,0.803,92.615,4,sertanejo,0
64,223271,0,0.524,0.758,10,-9.28,1,0.0538,0.27,0.13,0.106,0.319,140.012,4,indian,1
59,298253,0,0.371,0.866,9,-7.426,1,0.039,5.91e-06,0.58,0.196,0.447,87.254,4,grunge,1
45,200782,1,0.684,0.694,8,-6.084,0,0.125,0.282,0.0,0.119,0.146,101.983,4,emo,0
67,180413,0,0.595,0.817,11,-6.187,0,0.0474,0.000712,0.0386,0.142,0.483,144.961,4,indian,1
42,156596,0,0.747,0.641,1,-7.276,1,0.341,0.212,1.33e-05,0.103,0.66,75.679,4,sad,0
0,173947,1,0.905,0.563,8,-6.135,1,0.102,0.0254,9.71e-06,0.113,0.324,106.998,4,k-pop,0
47,161008,1,0.882,0.654,8,-5.766,1,0.279,0.0154,2.18e-05,0.114,0.308,133.039,4,emo,0
59,202750,0,0.712,0.64,0,-7.811,1,0.0401,0.607,0.599,0.324,0.684,94.992,4,chill,1
45,170625,0,0.659,0.796,2,-2.392,1,0.0341,0.587,0.0,0.549,0.809,116.942,4,sertanejo,0
56,147000,0,0.601,0.556,7,-10.722,0,0.395,0.776,0.0465,0.236,0.457,80.003,4,sad,1
74,206385,1,0.677,0.557,1,-8.409,1,0.0694,0.00508,8.36e-06,0.0984,0.1,150.127,4,k-pop,1
2,242096,0,0.586,0.616,5,-7.964,1,0.0324,0.182,0.0,0.0927,0.719,148.088,4,pop,0
67,208500,0,0.613,0.47,9,-8.441,0,0.0344,0.823,1.87e-06,0.138,0.459,102.944,4,pop,1
59,271000,0,0.595,0.607,0,-7.291,1,0.0676,0.587,6.34e-06,0.313,0.478,157.417,3,pop-film,1
74,267653,0,0.452,0.563,4,-6.607,1,0.0272,0.144,0.0,0.143,0.209,137.715,3,emo,1
47,183716,0,0.434,0.342,6,-11.409,0,0.0302,0.557,0.000114,0.337,0.149,73.944,4,indian,0
51,166229,0,0.248,0.42,9,-11.747,1,0.0274,0.587,0.00473,0.108,0.218,84.013,3,indian,1
35,235746,0,0.459,0.833,7,-2.862,1,0.0455,0.00721,6.77e-06,0.329,0.442,180.087,4,anime,0
61,144054,0,0.597,0.317,4,-14.075,1,0.0338,0.879,3.08e-05,0.369,0.29,76.946,4,chill,1
49,181090,0,0.426,0.238,4,-19.704,1,0.113,0.905,0.608,0.357,0.249,109.78,4,sad,0
55,151602,1,0.631,0.605,8,-7.656,1,0.0315,0.0882,0.0,0.147,0.219,141.968,4,sad,1
66,193355,0,0.376,0.643,9,-5.713,1,0.0411,0.558,0.0,0.217,0.646,136.228,5,pop,1
0,212799,1,0.583,0.408,7,-9.125,1,0.564,0.648,0.0,0.309,0.612,74.738,3,emo,0
57,213306,0,0.62,0.111,6,-14.142,1,0.0355,0.896,0.00135,0.113,0.477,127.96,5,indian,1
42,477480,0,0.231,0.67,4,-9.31,0,0.0536,0.00369,0.847,0.148,0.126,91.065,4,anime,0
70,174933,0,0.52,0.915,2,-2.862,1,0.103,0.0618,0.000946,0.0856,0.5,90.069,4,k-pop,1
55,367746,0,0.658,0.386,11,-9.91,0,0.0315,0.746,0.00269,0.348,0.295,100.012,4,k-pop,1
45,281727,0,0.29,0.388,0,-12.525,0,0.0468,0.635,0.0421,0.136,0.132,81.936,1,indian,0
63,184622,0,0.617,0.671,1,-6.258,0,0.0988,0.505,0.0,0.522,0.72,171.864,4,sertanejo,1
57,219130,0,0.599,0.664,1,-5.747,1,0.0408,0.827,0.0,0.293,0.452,139.902,4,sertanejo,1
49,140719,0,0.387,0.375,3,-9.172,1,0.273,0.822,0.000154,0.109,0.418,73.045,4,sad,0
48,290693,0,0.83,0.603,0,-4.819,0,0.0374,0.395,0.0,0.0415,0.789,108.039,4,k-pop,0
72,159986,1,0.602,0.762,2,-6.149,0,0.0347,0.0498,0.00819,0.121,0.113,92.02,4,emo,1
50,149843,0,0.662,0.525,6,-8.546,0,0.0341,0.281,0.0,0.199,0.577,133.937,4,sad,1
59,285773,0,0.737,0.857,7,-5.806,1,0.0451,0.0588,1.17e-05,0.281,0.817,126.005,4,pop-film,1
0,268216,0,0.754,0.449,8,-8.79,1,0.0488,0.0407,0.000642,0.0963,0.334,90.405,4,pop,0
79,207481,0,0.566,0.716,1,-5.733,1,0.0424,0.00691,0.0,0.37,0.45,81.068,4,pop,1
55,121521,0,0.737,0.241,9,-16.034,0,0.0882,0.51,0.00572,0.108,0.345,100.0,4,sad,1
64,230040,0,0.528,0.904,2,-5.854,1,0.0343,0.000833,0.0,0.174,0.678,122.372,4,grunge,1
35,205741,0,0.837,0.569,3,-8.554,1,0.16,0.751,0.0,0.131,0.614,135.022,3,emo,0
48,366586,0,0.345,0.849,6,-9.816,0,0.0735,0.00658,0.875,0.36,0.185,110.009,4,anime,0
46,244160,0,0.65,0.85,2,-5.023,1,0.104,0.644,0.0,0.87,0.77,109.993,4,sertanejo,0
69,241668,0,0.697,0.438,8,-8.411,1,0.0289,0.397,0.0,0.293,0.58,117.954,4,pop,1
48,186525,0,0.667,0.796,11,-3.957,1,0.0898,0.213,0.0,0.235,0.61,155.927,4,sertanejo,0
34,192447,1,0.743,0.44,8,-13.014,0,0.0687,0.179,0.0011,0.146,0.806,111.997,4,emo,0
52,232625,0,0.574,0.298,9,-12.637,1,0.0263,0.902,0.0,0.107,0.301,80.017,4,indian,1
1,242096,0,0.586,0.616,5,-7.964,1,0.0324,0.182,0.0,0.0927,0.719,148.088,4,pop,0
45,239642,0,0.66,0.71,2,-3.551,1,0.042,0.0866,0.0,0.612,0.639,107.859,4,sertanejo,0
51,206026,0,0.573,0.879,2,-4.853,0,0.19,0.000176,0.00304,0.349,0.539,137.936,4,anime,1
63,181379,0,0.68,0.53,0,-6.854,0,0.209,0.203,0.0,0.115,0.398,87.008,4,chill,1
58,170177,0,0.53,0.967,0,-2.108,1,0.0657,0.000507,0.205,0.0786,0.642,99.962,4,grunge,1
66,230103,0,0.573,0.338,7,-7.478,0,0.027,0.864,4.41e-06,0.133,0.451,96.981,4,pop,1
60,300960,0,0.796,0.35,0,-15.182,1,0.044,0.851,0.00684,0.124,0.793,115.891,4,k-pop,1
62,176906,1,0.604,0.715,8,-7.118,0,0.0312,0.000425,7.78e-06,0.116,0.212,110.026,4,emo,1
46,226266,0,0.421,0.346,11,-9.351,1,0.0255,0.875,9.27e-06,0.0895,0.318,95.842,3,sertanejo,0
4,270937,0,0.603,0.783,6,-6.012,1,0.0486,0.131,4.16e-05,0.234,0.703,127.981,4,k-pop,0
63,292853,0,0.608,0.644,5,-5.588,1,0.0314,0.156,0.0,0.124,0.431,99.005,4,k-pop,1
45,143080,0,0.301,0.479,8,-10.505,1,0.0559,0.501,0.0,0.0818,0.363,77.356,5,indian,0
50,151973,0,0.813,0.266,6,-15.492,1,0.042,0.862,0.47,0.112,0.434,114.0,4,sad,1
53,144917,1,0.884,0.804,7,-6.923,1,0.15,0.162,0.0,0.151,0.835,105.944,4,sad,1
58,145096,1,0.645,0.71,7,-5.094,1,0.07,0.38,0.00127,0.0916,0.126,165.959,4,sad,1
71,93447,1,0.695,0.686,9,-8.147,0,0.0478,0.000424,0.0023,0.365,0.354,105.219,4,emo,1
76,77142,0,0.464,0.491,7,-7.039,1,0.0392,0.837,1.39e-06,0.111,0.106,76.739,3,pop,1
54,240953,0,0.605,0.768,1,-5.684,1,0.0278,0.235,0.0,0.152,0.629,80.971,4,k-pop,1
41,250676,0,0.658,0.839,6,-7.753,0,0.217,0.0853,0.0,0.0798,0.69,123.864,4,indian,0
53,168653,1,0.529,0.885,11,-3.854,1,0.109,0.0096,0.0,0.2,0.609,93.943,4,emo,1
47,166605,1,0.74,0.613,8,-4.88,1,0.145,0.258,0.00372,0.123,0.473,75.023,4,emo,0
2,204760,0,0.458,0.897,10,-5.006,0,0.0674,0.005,0.0,0.103,0.602,154.834,4,emo,0
43,248450,0,0.742,0.692,4,-9.267,0,0.237,0.464,1.39e-05,0.0951,0.628,149.949,4,pop,0
45,168907,0,0.779,0.728,0,-3.806,1,0.0367,0.33,0.0,0.154,0.73,118.98,4,sertanejo,0
50,348965,0,0.533,0.787,2,-4.395,0,0.0416,0.496,0.0,0.112,0.634,87.055,4,indian,1
54,156000,0,0.706,0.21,1,-21.867,0,0.0604,0.737,0.817,0.0938,0.246,139.888,4,sad,1
54,227453,0,0.495,0.926,8,-4.589,0,0.323,0.0384,0.0,0.348,0.642,159.922,4,anime,1
0,220298,0,0.656,0.437,2,-11.198,1,0.0789,0.137,2.54e-06,0.0816,0.105,133.934,4,sad,0
36,118153,0,0.839,0.328,9,-9.655,1,0.0451,0.855,2.77e-06,0.12,0.629,129.86,4,sad,0
51,206213,0,0.47,0.932,7,-3.202,1,0.174,0.0182,0.0,0.464,0.584,164.981,4,anime,1
46,328666,0,0.405,0.667,11,-4.147,0,0.0265,0.0423,0.000556,0.115,0.121,74.125,4,indian,0
40,227000,0,0.515,0.488,7,-14.085,0,0.0323,0.191,0.941,0.078,0.0344,132.015,4,anime,0
58,230933,0,0.568,0.907,5,-4.641,0,0.0488,0.00115,0.0,0.0982,0.337,112.037,4,grunge,1
66,174056,0,0.756,0.713,3,-6.91,0,0.122,0.365,0.000153,0.228,0.597,92.039,4,pop,1
49,238733,0,0.483,0.903,6,-3.151,1,0.0451,0.000849,0.0,0.118,0.318,130.986,4,grunge,0
43,221000,0,0.654,0.951,5,-4.062,0,0.107,0.0308,0.00011,0.427,0.521,130.094,4,indian,0
53,266720,0,0.526,0.278,7,-14.456,1,0.0392,0.873,0.000762,0.111,0.649,150.16,4,k-pop,1
62,142092,1,0.657,0.821,0,-5.655,1,0.232,0.686,0.0,0.0736,0.823,169.897,4,chill,1
77,262247,0,0.792,0.647,10,-5.447,0,0.334,0.0299,0.0,0.119,0.638,89.029,4,pop,1
52,182469,0,0.543,0.563,9,-7.043,1,0.0945,0.854,1.3e-06,0.732,0.557,173.847,4,sertanejo,1
48,331653,0,0.196,0.737,11,-8.961,0,0.0728,0.00153,0.745,0.0865,0.0898,96.138,3,anime,0
58,193515,1,0.917,0.333,9,-12.065,0,0.29,0.256,0.00908,0.1,0.262,140.04,4,chill,1
71,261542,0,0.522,0.574,9,-5.225,0,0.0317,0.224,0.0,0.108,0.176,84.044,4,k-pop,1
3,216426,0,0.533,0.426,9,-9.525,0,0.0297,0.46,0.0,0.1,0.152,103.267,3,pop,0
35,325706,0,0.611,0.688,4,-6.008,0,0.0407,0.0112,0.0,0.0646,0.581,128.012,4,anime,0
48,375118,0,0.778,0.918,11,-5.023,0,0.12,0.055,0.000319,0.348,0.487,101.44,4,indian,0
55,199995,0,0.718,0.831,3,-3.213,1,0.0758,0.116,0.0,0.305,0.761,142.942,4,anime,1
58,219866,0,0.68,0.542,9,-8.848,0,0.0974,0.26,0.0,0.112,0.274,148.942,4,emo,1
45,213893,0,0.632,0.733,2,-5.607,1,0.0423,0.476,0.0,0.881,0.643,127.055,4,sertanejo,0
0,360760,0,0.363,0.67,1,-6.652,0,0.0552,0.000582,0.548,0.317,0.198,150.15,4,emo,0
44,189338,1,0.642,0.873,4,-4.68,0,0.0449,0.00119,0.000142,0.0432,0.923,100.056,4,grunge,0
0,269186,0,0.629,0.664,9,-10.517,1,0.0283,0.277,0.708,0.0811,0.491,139.975,4,pop,0
44,206920,0,0.455,0.888,11,-7.744,1,0.0763,0.194,1.86e-05,0.764,0.593,104.919,4,sertanejo,0
68,396466,0,0.589,0.424,4,-12.006,0,0.0359,0.844,0.00381,0.169,0.561,119.823,4,pop,1
45,103534,0,0.638,0.545,5,-5.288,0,0.0316,0.542,0.0,0.147,0.574,87.063,4,k-pop,0
57,270497,0,0.772,0.886,2,-8.111,1,0.117,0.0896,0.0,0.0262,0.762,110.689,4,pop-film,1
45,202466,0,0.499,0.92,3,-4.723,0,0.0589,0.0714,0.0,0.116,0.315,105.018,4,grunge,0
47,237660,0,0.6,0.687,8,-7.939,1,0.326,0.359,0.0,0.245,0.671,164.911,3,k-pop,0
70,229773,0,0.645,0.862,11,-4.761,0,0.0845,0.0933,0.0,0.193,0.803,119.947,4,k-pop,1
48,314500,0,0.644,0.0684,6,-15.789,1,0.0621,0.966,3.2e-06,0.311,0.393,128.674,4,sad,0
57,423930,0,0.576,0.67,9,-8.38,1,0.0454,0.277,0.0,0.101,0.395,90.007,4,pop-film,1
60,232240,0,0.598,0.808,10,-5.209,1,0.0388,0.00304,0.0,0.147,0.288,128.025,4,grunge,1
0,155960,0,0.865,0.573,5,-5.501,1,0.0678,0.0863,0.0,0.305,0.563,94.999,4,pop,0
53,171573,0,0.584,0.827,9,-5.717,0,0.245,0.22,0.0,0.863,0.454,174.108,4,sertanejo,1
43,346040,0,0.471,0.927,1,-5.76,1,0.0495,0.00272,0.537,0.115,0.232,96.149,4,grunge,0
28,226026,1,0.434,0.984,10,-2.151,0,0.104,0.000553,1.44e-06,0.14,0.324,102.278,4,grunge,0
44,327575,0,0.703,0.866,7,-5.637,1,0.061,0.156,0.00527,0.145,0.535,93.839,4,indian,0
65,207751,0,0.411,0.277,7,-8.844,1,0.0305,0.903,0.0,0.209,0.345,143.768,3,pop-film,1
53,193853,0,0.686,0.436,1,-8.865,1,0.0336,0.574,0.0,0.0955,0.162,119.959,4,sad,1
50,227368,0,0.676,0.257,6,-8.688,1,0.0424,0.887,0.0,0.113,0.612,94.994,4,chill,1
62,327029,0,0.595,0.624,9,-10.943,0,0.0603,0.0925,0.0,0.114,0.647,170.001,4,pop-film,1
80,228360,0,0.393,0.858,4,-2.868,0,0.0729,0.00359,0.0,0.102,0.56,176.042,4,emo,1
46,418880,0,0.649,0.413,2,-10.934,1,0.0316,0.261,1.93e-05,0.0748,0.59,143.946,4,indian,0
74,234177,0,0.633,0.799,7,-4.625,0,0.0427,0.0144,0.0,0.194,0.534,142.991,4,k-pop,1
43,235090,0,0.733,0.541,7,-6.04,1,0.0433,0.484,2.51e-05,0.161,0.374,110.075,4,sad,0
69,226321,0,0.583,0.68,7,-7.809,1,0.422,0.0304,0.0,0.189,0.343,97.568,4,k-pop,1
60,309000,0,0.679,0.645,10,-11.743,0,0.0361,0.032,0.131,0.213,0.653,100.217,4,k-pop,1
56,160666,0,0.497,0.836,9,-6.41,1,0.0962,0.0518,2.44e-06,0.192,0.542,173.94,4,chill,1
46,219733,0,0.529,0.616,1,-4.439,1,0.0263,0.415,0.0,0.0922,0.294,113.181,4,emo,0
59,389386,0,0.619,0.721,2,-7.53,0,0.0696,0.423,8.56e-05,0.0587,0.808,97.32,4,pop-film,1
28,219480,0,0.484,0.817,11,-7.66,1,0.0435,0.104,0.0,0.361,0.728,175.518,4,grunge,0
47,227606,0,0.737,0.902,5,-3.716,1,0.0607,0.464,0.000145,0.032,0.946,129.681,3,k-pop,0
64,249353,0,0.599,0.478,9,-7.377,1,0.0256,0.439,0.0,0.097,0.255,77.985,4,pop,1
66,537653,0,0.372,0.426,11,-8.421,1,0.0339,0.687,0.00784,0.109,0.287,123.993,4,k-pop,1
62,333922,0,0.535,0.754,10,-4.77,0,0.0562,0.458,1.6e-06,0.302,0.435,143.862,4,pop-film,1
36,141219,0,0.713,0.485,6,-11.278,0,0.0684,0.804,4.77e-05,0.103,0.57,82.015,4,sad,0
65,229933,0,0.599,0.788,8,-6.25,0,0.0294,0.263,0.00525,0.155,0.581,100.001,3,grunge,1
52,188571,0,0.331,0.599,11,-6.832,1,0.0904,0.788,2.43e-06,0.155,0.49,77.42,4,emo,1
35,211866,0,0.494,0.526,0,-7.163,1,0.0269,0.491,0.0,0.159,0.503,164.943,4,emo,0
45,228365,0,0.505,0.497,2,-9.975,1,0.0258,0.531,0.0,0.105,0.632,78.028,4,sertanejo,0
55,275600,0,0.31,0.73,6,-10.903,1,0.0501,0.416,3.9e-06,0.876,0.583,145.331,4,sertanejo,1
43,285357,0,0.357,0.316,6,-10.467,1,0.0311,0.424,0.00073,0.1,0.24,159.861,3,indian,0
66,199293,0,0.746,0.765,6,-4.41,0,0.0993,0.0112,0.0,0.0933,0.737,114.044,4,k-pop,1
60,252631,0,0.818,0.93,11,-2.982,1,0.247,0.33,0.0,0.658,0.831,113.988,4,indian,1
56,270306,0,0.579,0.952,5,-2.678,0,0.054,0.00459,0.0,0.113,0.352,94.026,4,anime,1
55,166217,0,0.693,0.191,1,-18.597,0,0.115,0.789,0.342,0.102,0.784,208.001,4,chill,1
52,213230,0,0.43,0.319,4,-14.035,0,0.0436,0.783,0.917,0.136,0.32,94.964,4,anime,1
43,180000,0,0.763,0.762,7,-7.379,1,0.0573,0.00339,0.603,0.167,0.486,107.043,4,indian,0
49,86666,0,0.389,0.339,9,-8.643,0,0.0314,0.916,0.15,0.417,0.335,68.412,4,indian,0
71,190000,0,0.827,0.587,9,-5.531,0,0.113,0.203,0.0,0.0727,0.774,119.936,4,pop-film,1
43,146666,0,0.768,0.576,4,-12.326,1,0.0755,0.00705,0.000442,0.0735,0.248,108.078,4,indian,0
58,134817,0,0.914,0.289,10,-11.716,0,0.239,0.628,0.28,0.275,0.722,113.944,4,chill,1
58,239133,0,0.429,0.644,6,-9.102,1,0.0383,0.723,7.17e-05,0.383,0.658,132.216,4,pop-film,1
54,163333,1,0.707,0.642,8,-5.95,1,0.0393,0.0767,0.0,0.196,0.242,90.026,4,sad,1
64,255466,0,0.514,0.704,2,-4.724,1,0.0261,0.0508,0.00214,0.228,0.386,76.972,4,grunge,1
44,210000,0,0.69,0.454,4,-10.15,1,0.448,0.498,0.0,0.2,0.389,80.001,4,indian,0
75,210253,0,0.412,0.94,1,-2.171,1,0.215,0.0648,0.0,0.358,0.423,157.964,4,k-pop,1
50,180902,0,0.649,0.517,2,-8.016,1,0.0334,0.176,1.2e-05,0.171,0.456,144.89,4,chill,1
45,205722,0,0.72,0.729,9,-2.696,1,0.0337,0.186,0.0,0.892,0.72,127.954,4,sertanejo,0
55,137461,1,0.822,0.423,8,-11.737,0,0.254,0.368,0.0,0.0872,0.386,115.033,4,indian,1
65,241448,0,0.531,0.431,2,-8.937,0,0.037,0.868,2.47e-05,0.127,0.19,107.99,4,pop,1
36,209148,0,0.532,0.265,2,-12.188,1,0.0936,0.946,0.0,0.135,0.688,165.13,4,sad,0
50,329247,0,0.71,0.845,11,-6.878,0,0.111,0.257,0.0,0.192,0.846,98.016,4,indian,1
46,242506,0,0.329,0.628,9,-9.618,1,0.0393,0.46,0.0,0.928,0.335,158.741,4,sertanejo,0
65,188093,0,0.507,0.966,1,-2.635,1,0.046,0.00159,0.0,0.336,0.502,136.035,4,grunge,1
63,292826,0,0.545,0.473,11,-8.259,0,0.0312,0.284,0.0,0.0871,0.195,130.0,3,pop-film,1
67,186122,0,0.829,0.654,5,-6.26,0,0.0685,0.0942,5.01e-06,0.2,0.335,98.012,4,pop,1
44,207754,0,0.706,0.37,4,-10.488,1,0.0282,0.709,0.0,0.148,0.385,110.973,4,indian,0
65,246136,0,0.442,0.412,10,-10.675,1,0.0377,0.781,0.0237,0.15,0.235,176.019,4,indian,1
60,264800,0,0.493,0.88,6,-6.424,0,0.0693,0.0108,2.66e-05,0.226,0.389,147.913,4,grunge,1
49,267586,0,0.782,0.779,11,-5.843,0,0.0498,0.393,0.0,0.0961,0.82,83.851,4,sertanejo,0
67,216873,0,0.725,0.706,5,-4.766,1,0.121,0.193,0.0,0.109,0.667,120.042,4,k-pop,1
50,188560,1,0.754,0.517,11,-7.598,1,0.0368,0.587,0.0,0.0971,0.299,120.061,4,chill,1
76,292580,0,0.394,0.944,10,-6.506,0,0.0761,0.00178,4.54e-06,0.298,0.265,105.338,4,grunge,1
60,255773,0,0.619,0.632,8,-7.692,1,0.0273,0.431,8.05e-06,0.0897,0.265,114.97,4,emo,1
35,118153,0,0.929,0.532,1,-7.227,1,0.226,0.0581,1.39e-05,0.0648,0.31,130.041,4,chill,0
59,285973,0,0.485,0.92,5,-6.243,1,0.277,0.664,0.000339,0.216,0.767,169.944,4,k-pop,1
70,213055,0,0.778,0.227,1,-16.191,1,0.0379,0.983,0.14,0.113,0.38,116.033,4,pop-film,1
53,302666,0,0.505,0.933,0,-2.602,1,0.0651,0.00325,0.0,0.246,0.531,135.006,4,anime,1
63,203180,0,0.42,0.342,10,-7.105,1,0.0326,0.815,0.0,0.139,0.326,150.082,4,pop-film,1
60,255738,0,0.338,0.459,2,-8.827,1,0.027,0.533,1.33e-05,0.22,0.32,81.203,4,pop-film,1
49,251333,0,0.769,0.954,7,-3.767,1,0.0742,0.0143,0.0107,0.0853,0.682,128.951,4,k-pop,0
74,253333,0,0.486,0.494,6,-8.56,1,0.0324,0.715,0.0,0.109,0.414,179.975,4,pop,1
50,162448,1,0.66,0.491,9,-8.845,1,0.111,0.515,0.0,0.0932,0.338,168.959,4,sad,1
54,176013,1,0.846,0.419,4,-8.957,0,0.0499,0.198,1.15e-05,0.0415,0.527,119.992,4,sad,1
43,174000,0,0.742,0.923,11,-6.316,0,0.0293,0.047,0.0335,0.064,0.892,110.006,4,anime,0
36,188400,0,0.39,0.682,2,-7.31,1,0.119,0.38,0.000256,0.147,0.0942,150.025,4,pop,0
41,269625,0,0.613,0.813,8,-5.394,1,0.0546,0.188,0.0,0.0856,0.648,112.458,3,indian,0
58,191959,0,0.488,0.713,11,-5.085,0,0.0716,0.0464,0.0,0.145,0.424,97.592,4,emo,1
64,322506,0,0.773,0.436,4,-10.972,0,0.0321,0.672,0.00678,0.197,0.533,115.917,4,pop-film,1
48,246786,0,0.472,0.944,0,-1.012,1,0.0733,0.107,0.0,0.33,0.637,137.148,4,anime,0
45,109000,0,0.654,0.325,2,-10.283,0,0.0453,0.123,0.785,0.11,0.0997,143.929,4,anime,0
55,208240,0,0.538,0.925,11,-3.178,1,0.0392,0.00209,0.0,0.258,0.443,98.016,4,grunge,1
76,168000,0,0.863,0.387,5,-10.057,0,0.256,0.365,0.00238,0.06,0.39,100.013,4,pop,1
48,161095,0,0.7,0.382,0,-9.896,1,0.178,0.317,0.0,0.11,0.759,145.965,4,chill,0
63,269466,0,0.571,0.505,1,-9.312,0,0.0238,0.0757,1.04e-05,0.109,0.276,99.562,4,grunge,1
44,239360,0,0.514,0.123,10,-11.512,1,0.0379,0.851,0.0394,0.127,0.169,122.782,4,indian,0
32,231813,0,0.537,0.902,1,-4.965,0,0.0596,0.0213,0.0,0.364,0.499,129.963,4,anime,0
56,153000,0,0.646,0.33,0,-14.582,1,0.0339,0.75,0.000384,0.123,0.499,84.995,4,indian,1
42,198000,0,0.569,0.555,5,-10.23,1,0.0473,0.93,0.745,0.0929,0.527,80.0,4,sad,0
65,189800,0,0.41,0.196,0,-15.956,1,0.0383,0.953,0.892,0.0974,0.0622,78.823,4,anime,1
47,184761,0,0.782,0.385,5,-17.469,0,0.0413,0.832,0.846,0.0888,0.815,126.054,4,anime,0
56,268613,0,0.493,0.808,5,-3.365,0,0.0362,0.000235,0.0,0.0983,0.38,117.971,4,grunge,1
56,168268,1,0.685,0.584,2,-10.332,0,0.0385,0.622,4.11e-06,0.132,0.453,79.982,4,sad,1
57,294161,0,0.561,0.872,10,-5.811,1,0.0418,0.214,0.0,0.151,0.26,149.936,4,anime,1
53,222489,0,0.533,0.795,2,-3.319,0,0.044,8.95e-05,0.0,0.112,0.629,152.078,4,anime,1
47,166664,0,0.457,0.801,10,-5.043,0,0.335,0.35,0.0,0.135,0.509,72.979,4,sertanejo,0
41,203906,0,0.542,0.363,5,-12.565,1,0.04,0.884,0.00336,0.0922,0.537,127.905,4,sad,0
60,416613,0,0.786,0.579,2,-14.913,1,0.142,0.186,0.0,0.118,0.481,90.012,4,pop-film,1
51,234187,0,0.309,0.479,4,-5.956,1,0.0359,0.411,0.0,0.225,0.129,159.77,4,grunge,1
0,173947,1,0.905,0.563,8,-6.135,1,0.102,0.0254,9.71e-06,0.113,0.324,106.998,4,k-pop,0
59,218644,0,0.685,0.736,0,-5.656,1,0.0521,0.0997,0.0112,0.101,0.893,117.979,4,indian,1
48,92905,0,0.545,0.312,5,-19.076,1,0.032,0.317,0.837,0.115,0.109,100.488,4,sad,0
56,212476,0,0.461,0.591,1,-5.838,1,0.0496,0.463,0.0,0.05,0.354,99.826,4,anime,1
51,266773,0,0.756,0.681,6,-9.769,0,0.0928,0.304,0.0387,0.0657,0.641,179.97,3,k-pop,1
83,173333,0,0.726,0.431,8,-8.765,0,0.135,0.731,0.0,0.696,0.348,144.026,4,sad,1
43,213016,0,0.578,0.307,2,-11.479,1,0.032,0.871,2.72e-05,0.114,0.316,77.917,4,indian,0
0,170344,0,0.813,0.415,0,-5.926,1,0.0349,0.777,0.0,0.131,0.667,91.921,4,chill,0
51,166011,0,0.729,0.92,7,-4.91,1,0.101,0.407,0.0,0.559,0.563,124.94,4,sertanejo,1
58,234149,0,0.511,0.807,1,-5.695,0,0.0414,1.75e-05,1.96e-05,0.151,0.396,119.986,4,grunge,1
56,303464,0,0.661,0.99,6,-1.161,0,0.1,0.496,0.515,0.346,0.735,95.021,4,k-pop,1
44,243200,0,0.6,0.475,7,-11.598,1,0.0299,0.14,0.0,0.21,0.669,143.915,4,sertanejo,0
47,81280,0,0.792,0.267,10,-14.205,1,0.056,0.939,0.0331,0.12,0.607,146.033,3,indian,0
57,181466,1,0.644,0.554,3,-6.642,0,0.049,0.0803,0.0,0.098,0.53,120.024,4,chill,1
44,252200,0,0.542,0.608,7,-5.904,1,0.0272,0.601,0.0,0.637,0.58,129.624,3,sertanejo,0
67,259959,0,0.496,0.981,8,-3.268,1,0.108,9.33e-06,0.0,0.0958,0.163,109.905,4,grunge,1
47,179400,0,0.628,0.791,0,-5.422,1,0.0453,0.353,0.0,0.946,0.708,95.126,4,sertanejo,0
51,264666,0,0.485,0.888,11,-3.326,1,0.0489,0.00277,1.16e-06,0.373,0.282,142.983,4,anime,1
50,199411,1,0.69,0.72,7,-5.601,1,0.285,0.479,0.0,0.599,0.722,135.979,4,emo,1
56,134950,1,0.744,0.554,10,-4.136,0,0.0374,0.37,0.0,0.1,0.371,95.02,4,emo,1
47,541346,0,0.403,0.439,9,-15.154,0,0.0555,0.073,0.00069,0.0828,0.325,84.822,4,k-pop,0
63,336567,0,0.657,0.489,1,-6.829,0,0.0306,0.713,0.0,0.124,0.399,116.0,4,pop-film,1
56,243810,0,0.591,0.914,5,-5.617,0,0.0737,0.00267,0.0,0.0801,0.451,119.971,4,anime,1
43,228925,0,0.377,0.71,5,-6.113,1,0.0524,0.399,0.0,0.201,0.255,143.079,4,indian,0
52,60750,0,0.814,0.43,7,-13.563,1,0.263,0.824,0.647,0.108,0.742,80.015,4,chill,1
45,166613,0,0.706,0.951,7,-4.189,1,0.0658,0.447,0.0,0.899,0.95,118.008,4,sertanejo,0
69,250973,0,0.526,0.981,8,-1.82,1,0.111,0.00318,0.00161,0.187,0.781,142.016,4,anime,1
50,336973,0,0.363,0.797,5,-9.68,1,0.0577,0.596,7.53e-06,0.168,0.735,77.67,4,k-pop,1
44,225146,0,0.714,0.823,7,-5.38,0,0.1,0.248,2.44e-05,0.0483,0.727,96.021,4,indian,0
47,2957840,0,0.598,0.623,6,-7.399,0,0.0817,0.817,0.0,0.0538,0.935,143.031,4,k-pop,0
50,228814,1,0.48,0.435,7,-10.399,0,0.0496,0.817,2.91e-05,0.131,0.176,101.195,3,indian,1
69,309457,0,0.55,0.488,6,-8.059,1,0.0284,0.718,0.000118,0.126,0.301,136.025,3,pop-film,1
50,272571,0,0.555,0.275,2,-11.975,1,0.0275,0.785,0.00338,0.096,0.262,139.948,3,chill,1
68,120189,1,0.641,0.373,1,-14.13,1,0.44,0.761,0.0,0.0993,0.282,100.268,4,sad,1
46,185813,0,0.448,0.411,0,-8.464,0,0.038,0.704,0.0,0.121,0.379,128.736,5,emo,0
33,186206,0,0.689,0.309,8,-13.003,1,0.0304,0.739,1.23e-05,0.115,0.277,116.04,4,chill,0
43,256548,0,0.516,0.49,9,-8.079,0,0.139,0.941,0.937,0.267,0.352,169.999,4,sad,0
54,196200,0,0.453,0.938,9,-4.681,0,0.0478,0.000837,0.000171,0.453,0.39,131.77,4,grunge,1
75,193260,0,0.599,0.869,5,-5.174,0,0.0618,0.000707,0.0,0.0911,0.453,132.889,4,k-pop,1
60,212142,0,0.603,0.58,9,-10.2,0,0.0352,0.384,0.00236,0.0897,0.282,112.05,4,chill,1
54,218800,0,0.493,0.843,5,-4.893,0,0.0482,0.0019,0.0086,0.0835,0.416,92.827,4,grunge,1
74,189906,0,0.707,0.74,11,-4.311,0,0.0509,0.179,0.0,0.612,0.336,127.974,4,k-pop,1
52,227428,0,0.513,0.696,7,-6.533,0,0.0336,0.132,3.65e-05,0.117,0.0883,104.952,4,anime,1
66,242005,0,0.752,0.452,0,-11.399,1,0.35,0.133,0.000194,0.236,0.833,99.684,4,pop-film,1
44,233346,0,0.482,0.627,2,-5.779,1,0.03,0.054,2.99e-06,0.111,0.17,95.903,4,grunge,0
55,167126,0,0.35,0.1,4,-18.491,1,0.0328,0.989,0.545,0.11,0.135,108.74,4,emo,1
63,150702,0,0.745,0.664,11,-5.476,0,0.235,0.322,0.0,0.851,0.526,121.083,5,sad,1
54,187273,0,0.7,0.696,1,-6.513,1,0.0328,0.16,0.0379,0.1,0.336,124.002,4,sad,1
69,218626,0,0.522,0.964,11,-2.645,0,0.095,0.00109,0.000389,0.0387,0.51,170.944,4,emo,1
56,264544,0,0.499,0.636,4,-8.176,1,0.0558,0.769,0.0087,0.113,0.35,167.953,4,k-pop,1
54,217254,0,0.639,0.864,11,-4.658,1,0.0437,0.0477,0.0,0.0643,0.929,132.022,4,emo,1
63,154280,0,0.367,0.326,3,-13.025,0,0.0395,0.126,0.000599,0.12,0.333,175.109,4,grunge,1
59,187741,0,0.734,0.322,1,-13.418,1,0.0387,0.785,0.876,0.378,0.0785,124.043,4,anime,1
67,194857,0,0.837,0.575,5,-7.971,0,0.127,0.0361,7.23e-06,0.457,0.655,105.015,4,pop,1
47,353000,0,0.626,0.923,9,-7.012,0,0.046,0.15,6.03e-05,0.0414,0.86,114.021,4,k-pop,0
27,161440,0,0.171,0.993,7,-6.505,1,0.219,0.000353,0.000606,0.892,0.06,150.621,4,grunge,0
70,198720,0,0.687,0.866,7,-2.01,1,0.0466,0.0301,0.0,0.0755,0.696,160.066,4,k-pop,1
56,177546,1,0.514,0.866,0,-3.657,1,0.0449,0.0524,0.0,0.17,0.45,159.973,4,grunge,1
33,198013,0,0.554,0.923,1,-4.844,1,0.0504,0.000108,0.0149,0.184,0.39,148.451,4,emo,0
53,368953,0,0.486,0.535,0,-7.986,0,0.0283,0.827,0.00265,0.115,0.299,129.508,3,indian,1
36,272916,0,0.492,0.959,7,0.698,0,0.0535,0.109,0.0,0.0796,0.349,143.966,3,anime,0
62,215880,0,0.717,0.868,7,-3.073,1,0.04,0.438,0.0,0.148,0.552,100.005,4,k-pop,1
59,189149,1,0.517,0.88,8,-4.092,1,0.0776,0.00135,0.0,0.092,0.612,174.144,4,grunge,1
47,213613,0,0.567,0.68,4,-6.009,1,0.0274,0.376,0.0,0.859,0.605,105.908,4,sertanejo,0
45,162037,0,0.811,0.456,7,-8.821,0,0.0448,0.595,3.96e-06,0.74,0.719,119.849,4,anime,0
50,308066,0,0.481,0.933,8,-5.447,1,0.0445,0.00505,3.25e-06,0.044,0.502,140.061,4,anime,1
0,163449,0,0.693,0.643,4,-5.867,0,0.0828,0.138,0.0,0.108,0.477,95.055,4,pop,0
46,141059,0,0.559,0.788,10,-5.092,1,0.0839,0.413,0.0,0.368,0.751,163.992,4,sertanejo,0
74,245735,0,0.632,0.929,6,-5.297,1,0.128,0.0503,0.0,0.271,0.584,136.008,4,indian,1
49,195865,0,0.666,0.35,2,-10.65,1,0.0389,0.204,0.00437,0.238,0.272,149.873,4,indian,0
61,236057,0,0.728,0.861,0,-5.852,1,0.165,0.2,0.00106,0.0256,0.662,87.467,4,pop-film,1
56,130333,0,0.787,0.35,1,-5.614,1,0.0458,0.44,0.000623,0.251,0.488,90.0,4,anime,1
73,285163,0,0.324,0.539,2,-8.076,1,0.038,0.713,3.15e-05,0.118,0.486,120.526,4,pop,1
44,61855,0,0.573,0.597,0,-8.968,1,0.0474,0.491,8.94e-06,0.567,0.86,97.023,4,indian,0
74,191242,0,0.809,0.911,6,-4.41,0,0.0617,0.00795,0.000179,0.181,0.64,122.035,4,k-pop,1
55,209098,1,0.448,0.541,4,-11.34,0,0.397,0.47,0.0,0.1,0.237,81.92,4,emo,1
55,211683,0,0.533,0.959,1,-3.933,1,0.159,0.0125,0.0,0.321,0.593,94.956,4,anime,1
51,197506,0,0.518,0.951,9,-3.198,1,0.0529,0.00919,0.0,0.148,0.537,98.068,4,grunge,1
62,297706,0,0.557,0.327,4,-13.651,1,0.0273,0.844,0.000732,0.118,0.61,98.225,4,k-pop,1
58,329840,0,0.643,0.478,0,-9.376,1,0.0274,0.569,0.000371,0.118,0.317,93.418,4,pop-film,1
62,242864,0,0.576,0.591,0,-7.725,1,0.0332,0.795,6.85e-05,0.266,0.478,124.013,4,pop-film,1
53,135761,0,0.757,0.142,1,-18.249,1,0.049,0.473,0.539,0.122,0.0383,110.164,4,chill,1
48,184857,0,0.636,0.451,2,-10.595,1,0.031,0.751,3.71e-06,0.1,0.223,107.542,4,sertanejo,0
60,263633,0,0.777,0.491,6,-6.523,1,0.0297,0.777,2e-06,0.101,0.681,95.106,4,chill,1
0,173947,1,0.905,0.563,8,-6.135,1,0.102,0.0254,9.71e-06,0.113,0.324,106.998,4,k-pop,0
0,182960,0,0.677,0.493,7,-6.595,1,0.0323,0.601,0.0,0.306,0.738,107.993,4,emo,0
50,199838,0,0.731,0.746,10,-6.859,0,0.0707,0.00528,0.000334,0.0852,0.788,123.954,4,indian,1
58,184848,0,0.787,0.734,0,-6.465,1,0.0703,0.364,0.000995,0.0625,0.644,98.989,4,indian,1
30,179746,0,0.613,0.827,6,-5.585,1,0.042,0.0942,0.0,0.267,0.835,156.481,4,grunge,0
59,141927,1,0.591,0.488,8,-11.178,1,0.16,0.358,0.0,0.357,0.362,109.9,4,sad,1
0,244426,0,0.589,0.492,11,-6.404,1,0.0258,0.163,0.0,0.0786,0.526,96.016,4,emo,0
47,147078,1,0.763,0.416,11,-11.049,1,0.0644,0.538,0.208,0.108,0.346,79.997,4,sad,0
77,180266,0,0.622,0.961,11,-3.198,0,0.154,0.00523,0.0,0.0854,0.449,114.452,4,emo,1
46,234133,0,0.191,0.536,8,-12.125,1,0.046,0.969,0.00339,0.14,0.608,77.224,4,indian,0
39,160942,0,0.471,0.681,1,-9.946,0,0.0442,0.153,0.0,0.119,0.361,128.063,5,sad,0
50,184563,1,0.567,0.761,7,-5.253,0,0.0444,0.0544,0.0,0.123,0.329,142.008,4,sad,1
45,182213,0,0.561,0.852,0,-4.715,1,0.0772,0.587,0.0,0.957,0.676,169.902,4,sertanejo,0
72,148376,0,0.826,0.581,3,-6.425,0,0.21,0.518,2.49e-06,0.0703,0.787,92.434,4,pop,1
70,125685,0,0.908,0.45,7,-7.174,1,0.314,0.0608,0.0,0.0663,0.515,108.056,4,sad,1
69,206893,0,0.563,0.678,7,-5.885,1,0.0495,0.544,1.34e-06,0.117,0.568,169.963,4,chill,1
60,228323,0,0.721,0.867,6,-5.429,0,0.225,0.0885,0.000119,0.0372,0.87,170.091,4,pop-film,1
52,135976,1,0.649,0.711,8,-6.698,1,0.145,0.0217,0.0,0.0827,0.466,171.841,4,sad,1
27,241786,0,0.662,0.976,7,-3.853,1,0.0405,0.00851,0.0,0.103,0.729,124.005,4,grunge,0
45,302006,0,0.268,0.754,10,-6.871,0,0.0609,0.384,0.759,0.147,0.148,125.008,4,anime,0
0,220813,0,0.6,0.456,1,-6.402,1,0.0304,0.627,0.0,0.176,0.339,120.066,4,emo,0
32,158839,0,0.66,0.489,7,-11.3,1,0.0758,0.0349,0.434,0.114,0.304,77.028,4,anime,0
0,194087,0,0.701,0.425,7,-10.965,1,0.375,0.328,0.13,0.1,0.562,135.128,4,pop,0
47,412493,0,0.524,0.636,7,-9.517,0,0.0375,0.831,0.00167,0.104,0.623,99.68,4,k-pop,0
60,264200,0,0.526,0.587,2,-8.733,1,0.039,0.24,0.243,0.886,0.364,93.986,4,grunge,1
25,250586,0,0.595,0.961,4,-4.342,0,0.153,0.00931,1.2e-06,0.803,0.588,90.011,4,grunge,0
69,210951,0,0.845,0.659,9,-6.348,1,0.0373,0.159,0.0129,0.0782,0.547,125.965,4,pop,1
28,222093,0,0.674,0.705,2,-8.003,0,0.0344,0.0032,3.11e-05,0.0837,0.199,146.058,4,grunge,0
59,192173,1,0.73,0.476,1,-6.501,1,0.0317,0.0106,0.0,0.123,0.0393,110.03,4,emo,1
58,123529,0,0.674,0.298,4,-8.401,1,0.0436,0.95,0.956,0.176,0.202,68.053,4,chill,1
72,275695,0,0.531,0.661,1,-5.836,1,0.0907,0.103,0.0,0.0779,0.278,149.934,4,k-pop,1
48,205714,0,0.561,0.892,10,-4.615,1,0.053,0.528,0.0,0.553,0.867,182.186,4,sertanejo,0
0,127346,1,0.731,0.479,9,-6.438,1,0.0464,0.242,0.0,0.143,0.755,97.997,4,sad,0
79,122221,0,0.845,0.398,5,-15.781,1,0.268,0.872,0.00713,0.159,0.482,109.996,4,sad,1
50,150151,1,0.657,0.387,8,-14.169,0,0.0782,0.508,0.0371,0.107,0.393,180.012,4,sad,1
74,168450,0,0.795,0.67,1,-5.313,0,0.143,0.269,0.0,0.0733,0.643,100.004,4,pop,1
69,184093,0,0.753,0.743,2,-5.024,1,0.0338,0.286,0.0,0.144,0.96,140.004,4,k-pop,1
46,317563,0,0.401,0.68,7,-4.159,1,0.0399,0.759,0.0,0.28,0.666,80.691,4,sertanejo,0
50,181714,0,0.599,0.815,11,-7.399,1,0.0956,0.0404,3.73e-06,0.131,0.595,140.027,4,chill,1
45,210480,0,0.62,0.312,11,-13.338,0,0.0301,0.465,0.125,0.208,0.262,101.978,4,indian,0
47,220000,0,0.758,0.652,10,-6.095,0,0.18,0.684,6.36e-06,0.145,0.594,149.889,4,k-pop,0
45,266866,0,0.837,0.762,9,-6.02,0,0.048,0.267,6.76e-06,0.583,0.912,130.014,4,k-pop,0
89,141805,1,0.591,0.764,1,-5.484,1,0.0483,0.0383,0.0,0.103,0.478,169.928,4,pop,1
60,157779,0,0.769,0.395,2,-7.71,1,0.0287,0.285,0.0,0.0776,0.558,81.485,4,chill,1
56,240323,0,0.692,0.81,11,-2.992,0,0.0502,0.0081,1.78e-06,0.315,0.868,140.027,4,anime,1
70,343906,0,0.473,0.562,0,-8.624,1,0.0451,0.65,0.000117,0.12,0.316,74.653,3,pop-film,1
62,267491,0,0.173,0.694,9,-6.549,1,0.0466,6.31e-06,0.888,0.442,0.351,116.088,4,grunge,1
56,277760,0,0.836,0.629,9,-7.812,0,0.0788,0.359,3.01e-05,0.101,0.801,115.048,4,indian,1
46,200000,0,0.442,0.627,10,-13.862,0,0.209,0.793,0.00324,0.145,0.691,152.984,3,indian,0
49,165967,0,0.685,0.57,7,-7.95,1,0.0752,0.13,0.0,0.431,0.569,92.987,4,emo,0
61,413425,0,0.755,0.517,7,-9.557,1,0.0283,0.115,1.83e-06,0.109,0.292,104.015,4,pop-film,1
45,183639,0,0.606,0.739,0,-6.331,1,0.0352,0.605,0.0,0.268,0.897,158.018,4,sertanejo,0
62,340399,0,0.552,0.75,10,-5.215,0,0.039,0.445,7.37e-05,0.291,0.4,89.999,4,pop-film,1
55,262893,0,0.538,0.266,1,-12.464,1,0.0277,0.41,0.0,0.0639,0.174,106.952,4,grunge,1
45,294322,0,0.528,0.427,4,-12.304,1,0.0548,0.27,2.18e-05,0.105,0.307,133.127,4,indian,0
55,215188,1,0.762,0.518,9,-7.283,0,0.109,0.232,1.11e-06,0.113,0.547,144.942,4,emo,1
59,342064,0,0.567,0.298,8,-11.243,1,0.0291,0.835,0.000804,0.117,0.217,129.733,4,pop-film,1
70,398799,0,0.223,0.359,0,-7.569,1,0.0312,0.845,0.0,0.133,0.193,73.059,4,pop,1
49,301000,0,0.613,0.563,6,-3.621,1,0.0257,0.26,0.0,0.124,0.281,81.072,4,anime,0
54,203076,0,0.619,0.558,1,-12.15,0,0.177,0.0558,0.00935,0.16,0.514,195.004,4,indian,1
60,228213,0,0.313,0.948,0,-2.772,0,0.0762,1e-05,3.52e-05,0.105,0.242,163.881,4,grunge,1
48,363306,0,0.813,0.635,1,-5.949,1,0.0693,0.119,0.00204,0.606,0.222,97.984,4,k-pop,0
45,80419,0,0.51,0.269,4,-18.953,1,0.0404,0.957,0.955,0.111,0.26,98.006,4,anime,0
50,122125,1,0.926,0.556,8,-7.423,0,0.285,0.0172,0.0,0.119,0.324,134.009,4,emo,1
56,299753,0,0.374,0.538,1,-6.719,1,0.14,0.51,0.0,0.191,0.344,74.884,4,sertanejo,1
56,157435,1,0.708,0.729,8,-7.618,1,0.0311,0.0675,0.0,0.165,0.562,117.003,4,sad,1
50,162448,1,0.624,0.619,6,-6.8,0,0.0525,0.252,0.0,0.113,0.206,146.947,4,sad,1
40,197223,0,0.591,0.335,9,-8.331,0,0.0339,0.601,0.0,0.0976,0.293,86.448,5,chill,0
66,192333,0,0.703,0.941,7,-0.995,0,0.0808,0.131,0.0,0.319,0.758,102.969,4,k-pop,1
57,324000,0,0.503,0.706,2,-10.211,1,0.0463,0.266,5.92e-05,0.34,0.762,155.611,3,pop-film,1
1,217200,0,0.359,0.573,9,-6.054,1,0.0326,0.665,0.000178,0.136,0.562,73.368,4,grunge,0
59,279333,0,0.379,0.716,4,-4.312,1,0.0326,0.000272,0.00123,0.0786,0.239,92.721,4,grunge,1
72,94245,0,0.78,0.492,5,-3.4,0,0.0671,0.0643,0.0313,0.174,0.374,143.983,4,emo,1
72,291462,0,0.563,0.495,2,-10.272,1,0.0362,0.781,0.0,0.0837,0.244,125.998,4,pop-film,1
41,137708,1,0.51,0.684,4,-8.953,1,0.0394,0.541,0.0,0.156,0.564,158.056,4,sad,0
49,180000,0,0.699,0.665,5,-9.676,1,0.0339,0.282,0.0,0.147,0.352,119.989,4,sad,0
79,201526,0,0.792,0.895,1,-3.112,0,0.0589,0.165,0.0,0.0501,0.794,94.968,4,pop,1
47,264087,0,0.404,0.668,10,-5.746,0,0.0303,0.0137,0.000326,0.123,0.495,136.98,3,anime,0
4,266773,0,0.429,0.661,11,-7.227,1,0.0281,0.00239,0.000121,0.234,0.285,173.372,4,pop,0
43,212000,0,0.587,0.642,11,-8.071,1,0.0299,0.138,0.0,0.268,0.722,75.916,4,sertanejo,0
44,196035,1,0.83,0.397,2,-7.292,0,0.067,0.481,1.16e-05,0.0824,0.35,85.979,4,emo,0
50,395560,0,0.515,0.629,3,-8.402,1,0.0345,0.495,7.65e-05,0.0779,0.476,139.905,4,k-pop,1
62,359346,0,0.186,0.679,7,-7.884,0,0.0441,0.00756,0.884,0.128,0.227,86.867,4,anime,1
48,216520,0,0.434,0.804,0,-8.225,1,0.0491,0.152,0.943,0.0734,0.284,104.382,4,anime,0
59,155062,1,0.849,0.307,10,-12.631,1,0.228,0.767,4.62e-06,0.097,0.359,116.031,4,chill,1
50,196648,0,0.519,0.807,4,-4.945,1,0.0702,0.319,0.0,0.364,0.569,106.252,4,sertanejo,1
54,136613,0,0.781,0.518,9,-4.657,0,0.0297,0.0652,0.000656,0.0522,0.61,99.984,4,emo,1
1,192578,0,0.839,0.542,7,-5.189,0,0.0455,0.128,0.0,0.141,0.726,91.011,4,sad,0
70,176546,0,0.71,0.686,0,-4.926,1,0.0713,0.296,0.0,0.492,0.483,96.06,4,k-pop,1
48,259720,0,0.592,0.61,8,-5.682,1,0.0294,0.0385,0.0816,0.104,0.162,72.97,4,anime,0
49,244778,0,0.501,0.838,2,-4.583,1,0.151,0.127,0.0,0.292,0.513,166.054,4,indian,0
79,173947,1,0.902,0.582,5,-5.902,0,0.109,0.111,3.18e-06,0.111,0.332,107.005,4,k-pop,1
67,191089,0,0.737,0.961,10,-0.155,0,0.0747,0.163,0.0,0.361,0.567,108.014,4,pop-film,1
46,182093,0,0.526,0.883,9,-2.125,1,0.0351,0.535,0.000744,0.158,0.8,172.042,4,sertanejo,0
64,210000,0,0.652,0.862,8,-2.29,0,0.206,0.161,0.0,0.203,0.727,173.859,4,pop,1
46,288333,0,0.628,0.847,4,-4.371,0,0.0471,0.345,0.00284,0.425,0.627,78.0,4,k-pop,0
67,259821,0,0.384,0.798,9,-6.439,0,0.434,0.115,0.0,0.181,0.146,149.854,4,k-pop,1
72,200991,0,0.718,0.382,7,-8.237,1,0.0466,0.585,0.0,0.128,0.499,87.029,4,pop,1
56,141828,0,0.753,0.679,5,-4.792,1,0.0569,0.139,0.0,0.148,0.688,117.961,4,chill,1
2,183066,0,0.623,0.668,6,-7.282,0,0.0531,0.475,0.0,0.0862,0.823,161.948,4,pop,0
29,340453,0,0.51,0.868,6,-6.271,1,0.05,0.0309,0.0,0.944,0.593,92.97,4,anime,0
62,235266,0,0.32,0.695,0,-5.756,1,0.0388,0.032,0.0,0.201,0.165,141.91,4,grunge,1
50,246382,0,0.483,0.863,1,-3.941,1,0.0588,0.000309,0.0495,0.331,0.302,94.006,4,chill,1
55,224626,0,0.502,0.953,2,-1.419,1,0.063,0.00831,0.0,0.432,0.695,167.908,4,anime,1
61,235160,0,0.675,0.5,10,-5.825,1,0.0258,0.3,0.0,0.312,0.773,93.917,4,anime,1
44,168723,0,0.77,0.824,5,-1.124,1,0.0337,0.207,0.0,0.138,0.823,131.977,4,sertanejo,0
60,114285,1,0.543,0.61,9,-7.646,1,0.0646,0.205,0.0,0.133,0.101,177.999,4,emo,1
59,177048,0,0.362,0.915,5,-3.244,0,0.181,0.000181,0.0,0.166,0.603,162.226,4,grunge,1
48,261983,0,0.512,0.761,9,-6.057,1,0.0428,0.218,0.0,0.374,0.437,91.966,3,sertanejo,0
54,169026,0,0.702,0.952,9,-3.386,1,0.14,0.206,0.0,0.385,0.914,147.907,4,sertanejo,1
59,237066,0,0.474,0.805,4,-4.063,0,0.0266,0.0129,2.51e-06,0.175,0.409,78.102,4,grunge,1
41,139764,1,0.724,0.406,2,-12.152,0,0.422,0.0722,0.0,0.162,0.29,170.081,4,emo,0
54,176585,0,0.55,0.695,1,-3.86,1,0.123,0.492,0.0,0.601,0.602,77.824,4,sertanejo,1
39,152492,0,0.587,0.276,6,-11.015,1,0.0353,0.461,7.07e-06,0.129,0.25,81.994,4,sad,0
62,152593,0,0.455,0.709,10,-4.818,1,0.165,0.219,0.0,0.234,0.631,171.981,4,sertanejo,1
37,271493,0,0.57,0.96,6,-3.381,0,0.103,0.00467,1.83e-06,0.0818,0.641,135.044,4,anime,0
0,183066,0,0.623,0.668,6,-7.282,0,0.0531,0.475,0.0,0.0862,0.823,161.948,4,pop,0
57,256078,0,0.496,0.522,4,-7.028,1,0.0254,0.258,1.67e-06,0.1,0.222,99.901,4,pop-film,1
46,175960,0,0.44,0.961,1,-4.467,0,0.0787,0.000993,0.000102,0.409,0.542,95.035,3,grunge,0
64,266279,0,0.732,0.466,0,-8.403,1,0.0383,0.239,0.025,0.149,0.444,125.003,4,pop,1
55,250684,0,0.617,0.695,0,-5.476,0,0.0538,0.266,4.28e-06,0.163,0.464,160.041,4,k-pop,1
58,122204,0,0.836,0.287,9,-14.701,0,0.342,0.599,0.00439,0.352,0.358,109.934,3,chill,1
46,162624,0,0.796,0.888,7,-2.813,1,0.0346,0.0335,0.0,0.329,0.828,126.017,4,sertanejo,0
56,135158,0,0.667,0.5,2,-9.837,0,0.0748,0.587,4.31e-06,0.0784,0.42,80.951,4,chill,1
2,185586,0,0.567,0.211,0,-9.975,1,0.0315,0.952,5.24e-05,0.275,0.289,134.019,4,pop,0
52,198712,0,0.489,0.314,7,-9.245,0,0.0331,0.749,0.0,0.113,0.607,124.234,4,chill,1
2,309600,0,0.557,0.442,5,-7.224,1,0.0243,0.731,1.46e-05,0.11,0.213,146.277,4,pop,0
42,257743,0,0.806,0.633,0,-4.674,0,0.0487,0.289,0.0,0.169,0.74,103.06,4,k-pop,0
57,238994,0,0.702,0.773,11,-4.79,1,0.0618,0.0469,0.0,0.171,0.719,133.888,4,indian,1
48,204891,1,0.544,0.55,4,-10.654,1,0.0592,0.0183,0.0,0.193,0.134,149.872,4,sad,0
51,114857,0,0.671,0.295,11,-15.412,0,0.166,0.84,0.00168,0.36,0.513,140.159,4,chill,1
48,270169,0,0.237,0.423,7,-8.874,1,0.0304,0.329,0.00022,0.148,0.154,78.05,4,indian,0
41,196960,0,0.427,0.0419,11,-26.576,0,0.0517,0.984,0.864,0.175,0.198,108.137,4,anime,0
46,191137,0,0.515,0.717,8,-7.562,1,0.0531,0.331,0.0,0.118,0.54,107.062,4,indian,0
53,213306,0,0.468,0.104,6,-14.49,1,0.0336,0.895,0.00179,0.114,0.453,95.852,4,indian,1
44,124187,0,0.617,0.494,4,-10.152,0,0.0485,0.424,0.0,0.105,0.302,143.806,4,sad,0
66,279120,1,0.731,0.73,2,-6.302,1,0.123,0.411,0.0,0.052,0.503,79.999,4,pop,1
59,215973,0,0.521,0.933,11,-4.874,0,0.179,0.034,2.07e-05,0.33,0.607,169.842,4,anime,1
0,136058,0,0.803,0.75,11,-4.67,1,0.0551,0.0233,3.87e-05,0.045,0.628,106.0,4,chill,0
46,173471,0,0.738,0.843,10,-4.23,0,0.0292,0.00829,0.869,0.181,0.444,110.005,4,chill,0
70,178666,0,0.817,0.682,4,-5.376,0,0.214,0.245,1.84e-06,0.0631,0.605,90.039,4,pop,1
62,198260,0,0.719,0.757,2,-5.167,0,0.0849,0.137,0.0,0.129,0.489,147.024,4,k-pop,1
36,202146,0,0.461,0.944,6,-4.068,0,0.103,0.00191,0.0,0.214,0.389,92.468,4,emo,0
49,176975,0,0.858,0.605,7,-6.813,1,0.064,0.765,1.42e-05,0.124,0.82,125.963,4,sertanejo,0
51,276096,0,0.46,0.612,10,-3.728,1,0.0349,0.209,0.0,0.821,0.599,109.949,4,sertanejo,1
71,210986,0,0.478,0.88,5,-3.097,0,0.0739,0.0213,0.0,0.24,0.707,158.356,4,k-pop,1
52,502018,0,0.249,0.722,8,-6.262,1,0.0819,0.000219,7.43e-06,0.101,0.271,146.307,4,grunge,1
58,109556,1,0.819,0.513,6,-9.005,0,0.433,0.153,0.0,0.138,0.607,140.032,4,emo,1
0,247613,0,0.355,0.982,3,-3.408,0,0.107,0.00011,3.54e-06,0.0212,0.398,167.889,4,grunge,0
5,263400,0,0.598,0.448,8,-6.312,1,0.0232,0.162,0.0,0.106,0.168,95.009,3,pop,0
57,220930,0,0.708,0.846,1,-5.443,1,0.244,0.0251,0.0104,0.0343,0.835,105.058,4,anime,1
49,244813,0,0.846,0.869,1,-6.562,0,0.0671,0.487,1.39e-06,0.32,0.926,95.042,4,sertanejo,0
46,92536,1,0.584,0.416,8,-12.617,1,0.182,0.797,2.46e-05,0.111,0.149,165.996,4,sad,0
0,272485,0,0.467,0.119,2,-10.99,1,0.0401,0.969,1.4e-06,0.0973,0.156,70.499,4,pop,0
51,191946,0,0.367,0.834,0,-4.43,1,0.0875,0.224,0.0,0.668,0.575,152.221,4,sertanejo,1
63,123333,0,0.829,0.633,9,-6.737,0,0.407,0.247,0.0,0.0855,0.682,86.036,4,sad,1
62,281440,0,0.668,0.703,10,-8.192,0,0.199,0.281,0.0029,0.159,0.588,176.889,3,pop-film,1
0,170964,0,0.438,0.178,5,-9.402,1,0.0414,0.957,1.1e-06,0.316,0.344,75.25,1,pop,0
56,192019,0,0.55,0.263,4,-12.448,0,0.0448,0.842,4.59e-06,0.167,0.0451,129.853,4,chill,1
63,296760,0,0.625,0.492,0,-9.618,0,0.0332,0.163,0.000781,0.111,0.28,120.033,4,k-pop,1
58,336117,0,0.752,0.67,6,-10.641,0,0.0465,0.306,0.000528,0.729,0.748,110.696,4,pop-film,1
43,133306,0,0.474,0.9,4,-12.397,0,0.0424,0.0211,0.962,0.0967,0.172,129.934,4,anime,0
55,159711,0,0.372,0.247,4,-12.633,1,0.0336,0.896,0.00162,0.082,0.241,181.763,4,emo,1
45,303360,0,0.603,0.69,4,-6.725,0,0.0447,0.101,0.0,0.316,0.42,133.968,4,indian,0
45,199297,0,0.54,0.393,0,-7.751,1,0.0412,0.777,0.0,0.168,0.694,96.822,4,sertanejo,0
55,203653,0,0.608,0.584,1,-6.652,1,0.0352,0.00995,0.0,0.203,0.251,94.956,4,grunge,1
57,138839,0,0.605,0.386,5,-7.9,0,0.134,0.586,6.95e-06,0.109,0.449,171.052,3,chill,1
47,159292,0,0.688,0.414,2,-7.841,1,0.0354,0.415,2.18e-05,0.13,0.435,112.98,4,sad,0
60,114845,1,0.682,0.653,6,-7.043,0,0.0988,0.138,0.0016,0.0554,0.682,92.007,4,sad,1
57,142092,1,0.657,0.821,0,-5.655,1,0.232,0.686,0.0,0.0736,0.823,169.897,4,sad,1
62,195745,1,0.764,0.296,8,-14.544,0,0.269,0.923,0.00141,0.168,0.231,103.075,4,sad,1
1,242495,0,0.315,0.418,7,-9.146,1,0.0299,0.131,0.000679,0.0836,0.237,129.116,4,pop,0
50,236626,0,0.558,0.973,6,-3.126,1,0.193,0.0679,0.0,0.32,0.505,96.962,4,anime,1
29,249933,0,0.382,0.726,2,-5.712,0,0.0312,0.00352,0.0,0.147,0.293,160.106,4,grunge,0
48,196679,0,0.648,0.85,7,-4.48,1,0.0467,0.788,0.0,0.491,0.545,115.95,4,sertanejo,0
51,324840,0,0.627,0.682,10,-10.807,0,0.0895,0.331,0.00195,0.127,0.817,173.968,4,k-pop,1
45,164500,0,0.434,0.299,10,-12.924,1,0.0288,0.615,0.00121,0.0682,0.147,109.904,4,chill,0
43,250093,0,0.715,0.277,9,-13.667,1,0.0299,0.73,0.826,0.0821,0.243,122.034,4,indian,0
52,130909,0,0.613,0.142,9,-21.628,0,0.0426,0.897,0.93,0.109,0.0355,76.995,4,chill,1
34,167868,0,0.519,0.848,7,-6.333,1,0.0318,0.0186,0.0,0.366,0.642,91.557,4,emo,0
0,180066,0,0.331,0.722,7,-8.461,1,0.0408,0.00204,5.5e-05,0.256,0.349,125.619,4,grunge,0
56,159130,1,0.732,0.502,2,-11.229,1,0.172,0.634,0.00123,0.104,0.565,92.064,4,chill,1
62,221866,0,0.433,0.46,2,-10.441,1,0.0343,0.606,4.36e-05,0.175,0.536,77.525,4,grunge,1
67,260590,0,0.575,0.541,5,-6.45,1,0.0237,0.759,0.0,0.111,0.27,87.022,4,pop-film,1
65,223027,0,0.76,0.555,7,-10.165,1,0.0465,0.409,0.213,0.0822,0.52,98.066,4,pop-film,1
41,376854,0,0.55,0.648,2,-6.5,0,0.0557,0.276,9.72e-05,0.069,0.352,80.03,4,indian,0
57,158346,1,0.582,0.397,2,-10.582,0,0.0453,0.379,0.0,0.0759,0.531,170.031,4,emo,1
46,83999,0,0.645,0.406,11,-11.286,0,0.0381,0.882,0.899,0.0887,0.226,120.006,4,anime,0
49,158769,1,0.82,0.252,10,-9.193,0,0.0402,0.136,0.000295,0.184,0.209,129.994,4,emo,0
64,225220,0,0.723,0.906,1,-4.777,0,0.281,0.0929,0.0,0.0771,0.393,125.023,4,k-pop,1
58,188368,0,0.594,0.69,0,-10.239,1,0.0315,0.151,0.543,0.366,0.726,136.529,4,chill,1
72,216026,0,0.622,0.431,11,-8.26,0,0.0293,0.0955,0.0,0.088,0.365,117.919,4,pop,1
36,156000,0,0.673,0.497,2,-7.745,1,0.0452,0.0851,0.222,0.0945,0.224,109.963,4,anime,0
57,372693,0,0.36,0.697,0,-8.213,1,0.0442,0.846,0.0225,0.173,0.634,150.962,3,pop-film,1
0,127346,1,0.731,0.479,9,-6.438,1,0.0464,0.242,0.0,0.143,0.755,97.997,4,sad,0
60,238866,0,0.317,0.764,7,-7.076,1,0.0282,0.000294,0.099,0.0996,0.341,101.173,4,grunge,1
67,250973,1,0.443,0.54,4,-8.536,0,0.04,0.697,1.04e-05,0.102,0.133,119.161,4,chill,1
51,98995,0,0.785,0.3,11,-9.348,1,0.0709,0.779,6.83e-06,0.165,0.528,96.986,4,chill,1
0,170964,0,0.438,0.178,5,-9.402,1,0.0414,0.957,1.1e-06,0.316,0.344,75.25,1,pop,0
79,181224,1,0.758,0.674,6,-4.533,1,0.108,0.0903,0.0,0.0902,0.424,97.977,4,chill,1
52,183454,1,0.588,0.402,2,-11.551,1,0.172,0.668,6.77e-06,0.33,0.267,91.257,4,chill,1
23,127908,0,0.407,0.736,2,-5.94,0,0.0404,0.0324,5.56e-05,0.136,0.348,130.443,3,chill,0
65,248400,0,0.545,0.927,1,-4.736,1,0.0706,0.0128,2.33e-06,0.367,0.682,124.061,4,grunge,1
72,238240,0,0.386,0.677,2,-5.83,1,0.0346,0.00841,0.00366,0.341,0.195,126.602,4,grunge,1
61,194680,0,0.524,0.391,4,-9.021,1,0.041,0.789,0.0,0.0869,0.143,148.009,4,chill,1
58,101516,0,0.671,0.628,4,-5.117,1,0.0273,0.536,0.151,0.12,0.595,135.005,4,emo,1
55,268613,0,0.493,0.808,5,-3.365,0,0.0362,0.000235,0.0,0.0983,0.38,117.971,4,grunge,1
65,202440,0,0.591,0.818,4,-3.532,1,0.073,0.172,0.0,0.126,0.574,108.107,4,k-pop,1
61,185901,0,0.463,0.256,10,-12.236,1,0.0487,0.821,0.613,0.153,0.272,123.954,4,sad,1
55,376348,0,0.595,0.709,0,-5.369,0,0.0246,0.3,0.000129,0.0853,0.133,89.986,4,pop-film,1
58,244368,0,0.494,0.716,11,-6.816,1,0.0675,0.377,6.03e-06,0.0839,0.532,89.479,4,pop-film,1
0,242720,0,0.218,0.932,9,-6.803,1,0.098,0.0155,0.0246,0.277,0.315,167.718,4,grunge,0
0,238560,0,0.556,0.545,10,-6.768,0,0.0255,0.0635,0.0,0.124,0.193,143.991,4,grunge,0
60,294846,0,0.56,0.768,2,-4.77,1,0.0655,0.494,0.0,0.0844,0.289,155.765,4,indian,1
55,157293,1,0.783,0.522,1,-6.229,1,0.39,0.0287,4.13e-05,0.127,0.235,145.127,4,emo,1
71,191506,0,0.491,0.942,7,-5.333,1,0.132,0.156,0.0,0.367,0.387,100.446,4,grunge,1
46,231426,0,0.762,0.738,9,-5.722,1,0.123,0.59,0.0,0.694,0.79,102.993,4,sertanejo,0
55,241458,1,0.507,0.516,6,-9.67,1,0.106,0.457,0.0284,0.128,0.486,83.951,4,chill,1
59,351425,0,0.365,0.449,0,-13.516,1,0.0356,0.662,2.46e-06,0.153,0.556,103.643,1,pop-film,1
53,177080,0,0.914,0.532,10,-8.657,1,0.333,0.674,0.000442,0.114,0.754,116.961,4,chill,1
43,237184,0,0.46,0.533,0,-8.609,0,0.065,0.843,0.353,0.356,0.845,159.908,3,k-pop,0
69,196520,0,0.764,0.705,3,-5.279,0,0.0278,0.0371,1.94e-05,0.0943,0.672,101.003,4,pop,1
57,296724,0,0.697,0.875,8,-1.842,1,0.0475,0.473,1.68e-06,0.125,0.808,96.013,4,pop-film,1
56,234866,0,0.382,0.675,0,-6.56,1,0.0441,0.0128,0.000246,0.219,0.449,106.171,1,grunge,1
68,139308,0,0.717,0.822,6,-5.249,1,0.0879,0.0652,0.0,0.36,0.764,102.042,4,k-pop,1
42,173647,0,0.507,0.442,4,-9.29,1,0.136,0.73,0.00583,0.251,0.515,113.385,4,indian,0
58,240496,0,0.497,0.838,6,-2.703,0,0.0463,0.000815,0.0,0.0461,0.82,176.025,4,anime,1
55,286000,0,0.764,0.398,5,-11.501,0,0.0457,0.303,0.00145,0.0986,0.507,135.0,4,pop-film,1
54,325626,0,0.286,0.547,4,-7.923,1,0.0318,0.0627,3.16e-06,0.112,0.453,174.717,3,grunge,1
43,129310,0,0.779,0.35,1,-8.725,0,0.0306,0.821,0.888,0.108,0.197,116.003,4,anime,0
35,267547,0,0.385,0.925,0,-5.48,1,0.0762,1.03e-05,0.253,0.155,0.435,174.125,4,anime,0
57,294298,0,0.741,0.468,7,-10.198,1,0.0326,0.712,0.00364,0.116,0.547,119.947,4,pop-film,1
50,270773,1,0.64,0.54,11,-7.561,0,0.0262,0.112,5.32e-05,0.165,0.0621,113.835,4,grunge,1
77,142258,0,0.789,0.536,9,-5.422,0,0.0424,0.604,2.09e-06,0.088,0.877,124.029,4,pop,1
51,147078,0,0.691,0.806,5,-8.286,0,0.0633,0.0729,0.00452,0.102,0.958,76.992,4,k-pop,1
44,190080,0,0.353,0.323,8,-4.171,1,0.039,3.82e-05,0.837,0.154,0.208,134.852,4,anime,0
43,133370,0,0.702,0.425,5,-12.442,1,0.09,0.266,0.243,0.135,0.376,135.001,4,chill,0
41,161624,0,0.735,0.593,11,-7.473,1,0.0885,0.731,0.178,0.135,0.475,160.07,4,indian,0
73,219638,0,0.623,0.655,5,-9.998,0,0.203,0.304,0.0,0.18,0.749,99.739,4,pop,1
60,347040,0,0.575,0.895,4,-3.417,0,0.0541,0.0521,0.00142,0.104,0.648,102.02,4,pop-film,1
71,167994,1,0.671,0.184,5,-15.541,1,0.123,0.835,0.0011,0.0794,0.128,106.04,4,sad,1
46,133486,0,0.504,0.709,0,-3.162,1,0.0574,0.346,0.0,0.17,0.786,75.071,4,sertanejo,0
0,211520,0,0.513,0.906,1,-3.673,1,0.0737,0.00272,8.42e-06,0.113,0.73,173.0,4,emo,0
52,207820,0,0.696,0.656,2,-4.742,1,0.0319,0.603,0.0,0.337,0.789,127.96,4,sertanejo,1
42,265018,0,0.608,0.985,0,-3.292,0,0.141,0.181,1.86e-06,0.716,0.346,139.977,4,indian,0
59,243253,0,0.73,0.455,6,-5.467,1,0.0396,0.00372,0.0118,0.0649,0.763,133.996,4,anime,1
25,168240,0,0.499,0.875,2,-7.179,1,0.0398,1.25e-05,0.122,0.0869,0.467,142.49,4,grunge,0
46,266426,0,0.608,0.638,11,-10.284,1,0.0353,0.0465,0.0,0.203,0.826,79.11,4,sertanejo,0
50,164924,0,0.67,0.933,2,-2.427,0,0.0345,0.429,0.0,0.306,0.852,128.019,4,sertanejo,1
0,263973,0,0.559,0.674,1,-6.125,0,0.0329,0.0312,0.0,0.121,0.197,111.976,4,pop,0
33,183506,0,0.702,0.477,5,-8.149,1,0.024,0.229,5.34e-05,0.105,0.705,100.062,4,emo,0
44,236000,0,0.604,0.602,5,-6.59,1,0.0367,0.766,5.61e-06,0.16,0.442,135.039,3,indian,0
60,214002,0,0.426,0.688,2,-5.25,1,0.0443,0.351,0.0,0.0998,0.239,118.586,5,pop-film,1
58,339160,0,0.566,0.534,4,-7.414,1,0.0356,0.243,8.28e-05,0.116,0.4,146.033,4,emo,1
53,252771,0,0.3,0.399,7,-6.951,1,0.0341,0.812,0.0,0.0978,0.225,78.755,4,k-pop,1
68,168308,1,0.835,0.284,7,-10.121,0,0.0778,0.631,3.96e-06,0.102,0.286,86.982,4,sad,1
57,310080,0,0.813,0.554,10,-9.105,1,0.04,0.0906,1.23e-06,0.0629,0.782,103.953,4,pop-film,1
46,122487,0,0.622,0.333,5,-15.96,1,0.0489,0.948,0.855,0.12,0.362,143.031,4,anime,0
27,246720,0,0.6,0.799,2,-3.51,1,0.0332,0.000252,0.0121,0.0932,0.647,130.031,4,emo,0
47,167191,0,0.778,0.555,10,-7.097,1,0.0628,0.232,5.4e-06,0.0815,0.898,88.976,4,chill,0
60,315546,0,0.719,0.645,2,-7.017,1,0.0343,0.171,1.12e-05,0.0934,0.711,118.983,4,pop-film,1
58,144040,1,0.531,0.487,2,-10.321,0,0.22,0.911,0.00201,0.222,0.749,75.487,4,sad,1
66,320040,0,0.465,0.822,8,-4.826,0,0.066,0.136,0.000442,0.0898,0.405,89.761,4,pop-film,1
52,219580,0,0.801,0.545,3,-6.686,1,0.0888,0.248,0.0,0.136,0.269,129.966,4,sad,1
70,252040,0,0.616,0.91,0,-3.004,1,0.0386,0.0459,0.0,0.343,0.693,144.072,4,grunge,1
56,245397,0,0.558,0.559,5,-4.95,1,0.0273,0.13,0.000651,0.11,0.256,156.156,4,anime,1
0,242096,0,0.586,0.616,5,-7.964,1,0.0324,0.182,0.0,0.0927,0.719,148.088,4,pop,0
21,239263,0,0.328,0.246,7,-12.041,1,0.0434,0.369,0.00776,0.23,0.105,127.308,4,anime,0
51,212410,0,0.704,0.681,7,-4.804,1,0.03,0.222,0.0,0.378,0.683,112.082,4,sertanejo,1
62,189650,0,0.773,0.329,7,-14.833,1,0.226,0.00125,0.797,0.555,0.532,143.042,4,sad,1
55,203750,1,0.663,0.786,9,-5.325,1,0.0353,0.212,1.96e-06,0.0957,0.319,145.977,4,chill,1
53,122920,0,0.78,0.155,4,-13.087,0,0.0532,0.94,0.903,0.626,0.214,130.605,4,chill,1
43,189907,0,0.441,0.743,11,-5.598,1,0.0586,0.0465,0.0,0.835,0.33,107.133,3,sertanejo,0
45,166874,1,0.806,0.535,9,-7.196,1,0.0404,0.265,0.000164,0.112,0.404,80.511,4,emo,0
56,224746,0,0.556,0.833,5,-5.29,1,0.0402,0.0156,0.0,0.0659,0.374,125.07,4,emo,1
60,237266,0,0.442,0.793,9,-5.152,1,0.0347,0.0456,0.0,0.328,0.437,80.985,4,grunge,1
87,175889,0,0.813,0.657,0,-6.447,1,0.0372,0.00269,0.0,0.183,0.651,110.053,3,k-pop,1
60,107986,0,0.9,0.273,7,-15.653,0,0.0803,0.758,0.0277,0.284,0.348,130.109,4,sad,1
69,199133,0,0.621,0.821,6,-3.662,0,0.0364,0.00548,0.000578,0.142,0.646,120.062,4,k-pop,1
51,164500,1,0.605,0.327,6,-7.659,1,0.037,0.866,0.0,0.125,0.608,179.839,4,sad,1
56,162780,0,0.602,0.397,1,-7.724,1,0.0367,0.508,0.00592,0.174,0.105,78.019,4,indian,1
76,227478,1,0.904,0.723,11,-5.224,0,0.26,0.0631,0.0,0.185,0.835,145.013,4,k-pop,1
71,170805,0,0.604,0.886,4,-3.523,0,0.061,0.0925,0.0,0.596,0.401,127.098,4,k-pop,1
41,225786,0,0.494,0.723,6,-4.559,0,0.0441,0.0192,0.0322,0.134,0.152,144.036,4,emo,0
43,166684,1,0.613,0.841,2,-6.312,1,0.131,0.686,0.0,0.932,0.81,82.928,4,sertanejo,0
55,218013,0,0.519,0.85,6,-4.678,0,0.0354,0.000246,0.014,0.279,0.211,132.022,4,grunge,1
66,166391,0,0.743,0.922,7,-3.025,1,0.121,0.411,2.36e-06,0.287,0.873,96.933,4,pop,1
58,142267,0,0.684,0.0892,1,-19.013,0,0.0609,0.981,0.951,0.261,0.223,112.674,4,chill,1
0,298899,0,0.314,0.238,0,-8.802,1,0.0389,0.741,0.00193,0.128,0.303,72.535,3,pop,0
70,194400,0,0.788,0.795,5,-3.676,0,0.0948,0.031,0.0,0.0302,0.703,98.004,4,k-pop,1
51,159916,1,0.401,0.933,7,-3.111,1,0.112,0.000157,0.000401,0.215,0.484,182.131,4,grunge,1
44,247704,0,0.642,0.329,2,-9.977,1,0.0262,0.703,0.00282,0.103,0.45,101.993,4,indian,0
52,144308,1,0.844,0.891,2,-2.161,1,0.302,0.216,0.0,0.163,0.591,126.98,4,anime,1
62,90315,0,0.578,0.288,5,-17.204,1,0.0589,0.97,0.633,0.125,0.276,94.983,4,chill,1
58,207240,0,0.439,0.874,0,-4.165,1,0.0299,0.00571,0.0,0.176,0.527,150.036,4,grunge,1
52,212186,0,0.76,0.652,1,-5.935,1,0.0282,0.312,9.15e-06,0.101,0.695,120.025,4,sertanejo,1
59,419040,0,0.502,0.592,10,-11.148,0,0.0499,0.372,1.02e-05,0.162,0.773,79.937,3,pop-film,1
52,150344,0,0.563,0.916,9,-2.282,1,0.0991,0.627,0.0,0.368,0.649,173.895,4,sertanejo,1
49,186000,1,0.653,0.505,10,-11.587,1,0.0422,0.0747,1.62e-06,0.114,0.114,92.999,4,sad,0
44,345000,0,0.451,0.231,5,-17.018,1,0.0307,0.797,0.944,0.0986,0.0921,143.889,4,indian,0
62,109216,0,0.733,0.262,8,-16.316,1,0.0627,0.548,0.854,0.102,0.393,75.082,4,anime,1
67,117692,1,0.792,0.551,7,-5.769,1,0.037,0.307,0.0,0.101,0.45,103.967,4,chill,1
43,204546,0,0.716,0.764,11,-4.644,1,0.0397,0.163,0.0,0.315,0.673,119.96,4,sertanejo,0
1,192160,0,0.54,0.63,10,-8.032,1,0.0494,0.217,0.0,0.111,0.321,85.648,4,pop,0
61,138022,0,0.488,0.718,0,-8.978,0,0.0411,0.00499,0.753,0.15,0.151,107.978,4,anime,1
51,207080,1,0.76,0.538,0,-3.54,1,0.0345,0.163,7.76e-06,0.1,0.138,134.005,4,sad,1
0,181365,0,0.639,0.656,7,-6.581,0,0.0421,0.118,2.76e-06,0.0841,0.382,93.129,4,chill,0
61,210000,0,0.564,0.894,2,-4.596,1,0.0601,0.0279,0.0,0.281,0.472,104.955,4,anime,1
47,164832,0,0.484,0.384,5,-7.282,1,0.0314,0.517,0.0,0.149,0.185,134.242,3,indian,0
50,240946,0,0.351,0.877,9,-8.558,0,0.0517,0.000256,0.865,0.0635,0.427,180.071,4,anime,1
24,331240,0,0.316,0.781,2,-7.311,1,0.113,0.135,3.05e-05,0.336,0.293,125.656,3,grunge,0
55,289274,0,0.477,0.954,5,-2.4,0,0.0729,0.00387,2.39e-06,0.386,0.455,87.434,4,anime,1
44,228866,0,0.456,0.78,2,-4.558,1,0.0589,0.161,0.0,0.304,0.418,133.763,5,sertanejo,0
48,353720,0,0.438,0.465,7,-4.526,1,0.0296,0.244,0.0,0.954,0.222,111.855,4,sertanejo,0
61,225546,0,0.645,0.688,11,-4.749,1,0.0341,0.0107,0.0,0.186,0.433,139.957,4,grunge,1
55,99474,0,0.521,0.27,8,-17.214,1,0.34,0.142,0.0,0.334,0.345,103.144,1,chill,1
68,93360,0,0.815,0.321,10,-15.727,0,0.42,0.68,0.0,0.175,0.45,134.042,4,sad,1
5,304639,0,0.567,0.862,9,-1.304,1,0.0549,0.621,0.0,0.836,0.88,87.682,4,pop-film,0
44,299753,0,0.539,0.579,5,-7.534,0,0.0309,0.455,0.0,0.287,0.455,127.998,5,k-pop,0
46,163371,0,0.701,0.91,1,-3.733,0,0.0907,0.627,0.0,0.8,0.729,143.058,4,sertanejo,0
53,175538,0,0.542,0.0866,5,-17.125,1,0.0556,0.721,0.00246,0.0962,0.161,147.808,4,chill,1
63,356826,0,0.34,0.96,1,-5.427,1,0.0802,0.238,4.32e-06,0.0378,0.475,150.04,4,pop-film,1
59,96343,0,0.517,0.509,3,-9.917,1,0.137,0.407,0.311,0.251,0.37,74.98,4,chill,1
45,368986,0,0.436,0.315,2,-11.79,1,0.0423,0.887,0.0,0.174,0.946,173.628,3,k-pop,0
57,206250,0,0.598,0.887,9,-6.992,1,0.0802,0.0284,5.84e-06,0.166,0.704,159.977,4,pop-film,1
45,167441,0,0.79,0.303,2,-14.461,1,0.0342,0.628,0.00412,0.259,0.558,128.99,4,sad,0
53,193280,0,0.702,0.871,2,-5.9,1,0.0441,0.000691,0.000782,0.367,0.774,108.031,4,emo,1
46,171586,0,0.525,0.722,2,-6.43,0,0.0727,0.63,0.0,0.724,0.636,92.043,4,sertanejo,0
51,181413,0,0.585,0.335,9,-13.812,0,0.0313,0.663,0.888,0.0987,0.0375,119.947,4,anime,1
31,205613,0,0.623,0.93,5,-5.285,1,0.0324,0.0141,1.64e-06,0.138,0.287,120.119,4,grunge,0
73,205400,0,0.615,0.911,1,-3.584,0,0.0278,0.0686,0.00188,0.0908,0.685,108.0,4,grunge,1
60,282022,0,0.527,0.469,7,-9.562,0,0.0247,0.856,0.00393,0.121,0.403,90.933,4,pop-film,1
58,256256,0,0.565,0.811,1,-3.745,0,0.057,0.0141,0.0,0.0726,0.691,87.508,4,anime,1
87,143901,1,0.737,0.846,1,-4.51,0,0.22,0.00614,0.0,0.0486,0.546,87.981,4,pop,1
0,158014,0,0.81,0.69,1,-8.257,0,0.299,0.0102,0.0,0.292,0.585,129.239,5,k-pop,0
27,267306,0,0.153,0.855,8,-4.488,0,0.0531,0.0017,0.000682,0.11,0.285,180.262,4,grunge,0
58,151308,1,0.728,0.573,6,-8.388,1,0.0347,0.00716,0.0,0.164,0.315,139.947,4,sad,1
49,179072,0,0.498,0.235,1,-16.541,0,0.188,0.72,0.0,0.144,0.0895,118.916,4,sad,0
44,214250,0,0.719,0.618,5,-3.129,1,0.0299,0.373,0.0,0.114,0.829,127.046,4,sertanejo,0
43,315733,0,0.529,0.492,5,-5.753,1,0.0326,0.801,0.0,0.0951,0.591,133.144,4,indian,0
33,249258,0,0.381,0.897,1,-4.74,1,0.0651,0.122,0.00194,0.294,0.551,183.847,4,emo,0
66,259139,0,0.722,0.835,6,-9.082,0,0.0402,0.107,8.23e-05,0.0928,0.558,110.962,4,pop-film,1
0,410859,0,0.588,0.844,2,-5.25,0,0.0484,0.00481,0.0473,0.356,0.22,128.02,4,pop,0
0,158678,0,0.764,0.708,5,-5.692,0,0.21,0.146,0.0,0.33,0.566,106.175,4,pop,0
29,223693,0,0.193,0.963,0,-8.026,1,0.13,0.00526,0.000142,0.973,0.364,150.965,4,grunge,0
44,215426,0,0.706,0.636,2,-4.14,1,0.0285,0.746,0.0,0.171,0.453,129.949,4,sertanejo,0
44,257645,0,0.728,0.804,7,-6.191,0,0.0481,0.238,0.00162,0.163,0.578,97.991,4,indian,0
36,223058,1,0.598,0.485,1,-14.203,0,0.376,0.314,0.000273,0.137,0.441,169.846,4,emo,0
78,270000,0,0.557,0.794,11,-5.698,0,0.2,0.179,0.0,0.106,0.432,91.366,4,pop,1
48,284333,0,0.241,0.262,0,-12.617,0,0.0354,0.205,0.838,0.114,0.0385,116.671,4,anime,0
63,164723,0,0.661,0.935,5,-2.217,0,0.0369,0.137,0.0,0.185,0.605,99.978,4,k-pop,1
55,252200,0,0.489,0.824,0,-3.118,0,0.137,0.162,2.15e-06,0.104,0.917,83.003,4,k-pop,1
51,176866,0,0.669,0.671,6,-8.135,1,0.0276,0.448,0.0,0.472,0.753,131.996,4,sertanejo,1
0,198946,0,0.703,0.66,10,-5.119,0,0.123,0.137,0.0,0.192,0.79,95.033,4,pop,0
36,194346,0,0.696,0.562,4,-8.789,0,0.114,0.591,0.0,0.332,0.368,110.176,4,anime,0
50,239989,0,0.73,0.904,7,-4.223,1,0.247,0.18,0.000348,0.121,0.464,160.07,4,k-pop,1
54,72676,0,0.476,0.563,7,-13.965,1,0.469,0.956,0.0173,0.123,0.376,79.463,4,chill,1
0,160346,0,0.506,0.717,7,-8.69,0,0.203,0.645,0.000292,0.115,0.233,159.811,4,chill,0
61,130485,1,0.811,0.508,10,-9.978,1,0.0499,0.0466,0.0,0.0906,0.0719,102.962,4,emo,1
57,232386,0,0.391,0.871,1,-3.196,0,0.0397,8.25e-05,0.0,0.137,0.552,172.184,4,grunge,1
55,193116,0,0.477,0.857,0,-4.009,1,0.0734,0.559,2.91e-06,0.233,0.558,158.016,4,sertanejo,1
66,369333,0,0.687,0.43,9,-10.31,1,0.0407,0.6,2.49e-06,0.132,0.241,115.01,4,pop,1
38,180500,1,0.692,0.693,8,-5.81,1,0.103,0.469,2.06e-05,0.104,0.348,153.02,4,emo,0
62,339644,0,0.467,0.791,2,-4.678,1,0.0948,0.168,0.0,0.253,0.695,83.354,4,indian,1
51,150011,1,0.54,0.381,4,-5.356,0,0.0692,0.774,0.0,0.173,0.191,86.746,4,chill,1
56,164665,0,0.565,0.612,10,-9.167,1,0.163,0.457,4.89e-05,0.0823,0.522,171.876,4,chill,1
79,181613,0,0.795,0.178,0,-11.991,1,0.0574,0.607,0.0,0.623,0.608,93.982,4,pop,1
50,110886,1,0.592,0.457,9,-6.081,0,0.0603,0.661,0.000331,0.146,0.225,146.04,4,emo,1
56,180334,0,0.633,0.814,9,-3.398,1,0.0336,0.47,0.0,0.399,0.74,133.045,4,sertanejo,1
33,227573,0,0.565,0.894,7,-4.349,0,0.0433,6.71e-05,0.0739,0.0802,0.595,120.025,4,grunge,0
64,205653,0,0.486,0.94,7,-4.237,0,0.0605,0.00919,0.0,0.0777,0.42,79.727,4,grunge,1
66,303640,0,0.579,0.713,7,-7.334,1,0.0318,0.617,3.33e-05,0.118,0.635,159.915,3,pop,1
0,183066,0,0.623,0.668,6,-7.282,0,0.0531,0.475,0.0,0.0862,0.823,161.948,4,pop,0
35,243400,0,0.397,0.86,6,-2.398,0,0.0855,8.33e-05,6.39e-05,0.0253,0.578,168.057,4,anime,0
59,248069,1,0.674,0.455,0,-7.835,0,0.036,0.46,0.00196,0.176,0.885,80.023,4,chill,1
58,279515,1,0.752,0.481,11,-9.203,0,0.044,0.419,3.11e-05,0.366,0.393,135.671,4,chill,1
61,231253,0,0.466,0.981,10,-5.011,1,0.063,0.00041,0.0108,0.0673,0.325,140.643,4,grunge,1
0,220196,0,0.747,0.739,8,-6.008,1,0.0487,0.0106,2.22e-05,0.101,0.523,120.996,4,pop,0
67,245160,0,0.463,0.834,6,-3.726,0,0.129,0.29,0.0,0.0888,0.347,183.953,4,pop,1
45,87133,0,0.638,0.324,0,-7.787,0,0.0321,0.923,3.4e-05,0.151,0.446,129.939,4,k-pop,0
48,107027,0,0.656,0.133,1,-20.058,1,0.042,0.926,0.016,0.113,0.418,148.084,4,chill,0
58,203057,0,0.452,0.945,5,-4.515,1,0.103,0.0373,4e-05,0.22,0.504,167.95,4,emo,1
41,270759,0,0.452,0.396,7,-13.577,0,0.0321,0.811,1.12e-05,0.15,0.437,113.544,4,indian,0
53,165424,1,0.562,0.703,2,-6.134,0,0.0416,0.00273,0.0,0.34,0.313,145.058,4,emo,1
61,168280,0,0.631,0.474,2,-8.212,1,0.0417,0.528,0.0,0.127,0.392,149.993,4,chill,1
31,246741,1,0.603,0.827,9,-6.485,1,0.0995,0.085,0.0,0.889,0.368,106.885,4,grunge,0
43,292680,0,0.666,0.924,5,-2.727,1,0.0682,0.734,0.0,0.739,0.753,112.168,4,sertanejo,0
64,203266,0,0.421,0.978,6,-4.004,0,0.302,0.0037,0.0,0.111,0.359,196.921,4,grunge,1
56,261346,0,0.795,0.755,6,-6.031,0,0.0441,0.281,1.09e-06,0.047,0.606,123.962,4,k-pop,1
67,218343,0,0.839,0.972,7,-5.72,1,0.102,0.431,0.0002,0.0907,0.365,130.012,4,pop,1
48,190099,0,0.627,0.759,7,-4.195,1,0.0824,0.477,0.0,0.779,0.635,167.923,4,sertanejo,0
44,203712,0,0.442,0.868,2,-4.884,1,0.0795,0.0766,0.0,0.902,0.61,156.918,4,sertanejo,0
47,166670,1,0.649,0.634,7,-5.818,1,0.145,0.397,0.0,0.111,0.278,162.027,4,sad,0
65,282093,1,0.328,0.826,6,-5.085,1,0.0362,0.000224,0.000944,0.0818,0.341,106.606,4,grunge,1
58,329429,0,0.563,0.71,7,-6.212,1,0.0592,0.0663,0.0,0.105,0.262,133.873,4,pop-film,1
62,276244,0,0.358,0.252,11,-9.51,1,0.0346,0.604,0.0,0.0915,0.284,145.549,4,pop-film,1
79,218920,0,0.5,0.824,4,-5.846,0,0.0388,0.00016,0.00161,0.0916,0.539,120.125,4,grunge,1
51,176210,0,0.578,0.344,4,-13.383,1,0.0378,0.573,4.02e-05,0.667,0.108,123.937,4,chill,1
55,188541,0,0.552,0.418,2,-4.587,1,0.0345,0.0544,0.45,0.0923,0.298,71.997,4,chill,1
58,139005,1,0.598,0.834,1,-4.79,1,0.196,0.123,0.0,0.338,0.603,84.488,4,sad,1
48,212167,0,0.526,0.464,7,-7.767,1,0.0274,0.359,0.00167,0.117,0.165,141.934,4,indian,0
53,318506,0,0.55,0.92,1,-4.057,1,0.0564,0.0159,0.000915,0.213,0.668,135.804,4,k-pop,1
4,214912,0,0.572,0.81,1,-5.791,0,0.0557,0.0147,6.94e-06,0.13,0.106,126.045,4,pop,0
48,134774,0,0.615,0.427,11,-9.722,0,0.264,0.825,0.0,0.105,0.619,130.273,4,emo,0
0,157779,0,0.769,0.395,2,-7.71,1,0.0287,0.285,0.0,0.0776,0.558,81.485,4,chill,0
71,212881,0,0.566,0.74,8,-8.614,1,0.063,0.0352,0.849,0.221,0.419,170.098,5,chill,1
41,212093,0,0.547,0.12,11,-15.419,1,0.0364,0.879,0.0,0.1,0.376,86.012,4,sad,0
0,173947,1,0.905,0.563,8,-6.135,1,0.102,0.0254,9.71e-06,0.113,0.324,106.998,4,k-pop,0
55,255533,0,0.585,0.795,1,-4.905,0,0.0293,0.0286,0.0,0.122,0.666,94.964,4,anime,1
66,264533,0,0.633,0.723,8,-5.733,0,0.143,0.107,0.0,0.0818,0.688,103.101,4,anime,1
83,122517,1,0.624,0.499,0,-9.962,0,0.0495,0.82,0.0,0.12,0.298,143.249,4,sad,1
0,183066,0,0.623,0.668,6,-7.282,0,0.0531,0.475,0.0,0.0862,0.823,161.948,4,pop,0
0,170344,0,0.813,0.415,0,-5.926,1,0.0349,0.777,0.0,0.131,0.667,91.921,4,chill,0
53,239666,0,0.509,0.611,9,-5.786,1,0.0334,0.185,0.0,0.116,0.208,100.155,4,indian,1
55,245175,0,0.389,0.278,1,-11.696,1,0.0397,0.872,0.0,0.354,0.31,147.882,3,chill,1
3,215586,0,0.69,0.856,1,-2.549,0,0.0376,0.0689,7.82e-05,0.0761,0.74,145.966,4,pop,0
62,142092,1,0.657,0.821,0,-5.655,1,0.232,0.686,0.0,0.0736,0.823,169.897,4,sad,1
61,352613,0,0.45,0.686,0,-4.111,1,0.0361,0.126,0.0,0.147,0.208,78.973,4,pop-film,1
58,148500,1,0.731,0.939,2,-3.581,1,0.0623,0.249,0.0,0.231,0.749,149.961,4,sad,1
31,217266,0,0.293,0.552,6,-9.204,0,0.0385,0.216,0.378,0.101,0.503,126.901,3,grunge,0
42,204480,0,0.585,0.724,1,-6.513,0,0.0745,0.315,0.0681,0.0448,0.333,187.484,3,chill,0
34,248593,0,0.616,0.864,4,-5.424,1,0.0551,0.00437,0.0,0.194,0.658,122.081,4,anime,0
45,208266,0,0.509,0.961,8,-2.708,1,0.0504,0.0226,0.0,0.508,0.539,134.004,4,emo,0
0,124055,1,0.936,0.523,5,-6.71,1,0.0597,0.239,0.0,0.117,0.699,119.889,4,emo,0
36,202718,0,0.607,0.695,0,-9.537,1,0.0567,0.163,4.26e-06,0.109,0.594,150.061,4,k-pop,0
45,170129,0,0.601,0.726,0,-3.991,1,0.0511,0.481,0.0,0.409,0.56,132.424,4,sertanejo,0
44,147540,0,0.694,0.328,8,-9.844,1,0.0334,0.83,0.0,0.108,0.371,122.039,4,sad,0
46,188826,0,0.749,0.414,1,-7.856,1,0.0665,0.709,0.0,0.282,0.851,109.263,3,sertanejo,0
48,236253,0,0.545,0.705,11,-5.51,0,0.0525,0.076,0.0024,0.445,0.226,89.939,4,anime,0
61,149950,1,0.952,0.351,1,-14.902,1,0.229,0.511,0.0,0.111,0.758,118.293,4,chill,1
44,125720,0,0.457,0.0359,2,-27.219,1,0.0437,0.995,0.921,0.106,0.187,104.993,3,anime,0
61,223880,0,0.325,0.929,11,-5.625,0,0.0695,0.000129,2.22e-06,0.184,0.198,133.358,4,grunge,1
59,234426,0,0.593,0.781,0,-5.472,1,0.0285,0.0944,2.23e-06,0.173,0.657,119.522,4,grunge,1
52,98480,0,0.612,0.436,11,-11.246,1,0.0465,0.208,0.0,0.0905,0.111,91.948,4,sad,1
57,95786,1,0.568,0.408,11,-15.212,1,0.0345,0.219,0.00508,0.135,0.429,115.035,4,emo,1
31,140973,1,0.53,0.743,9,-5.615,1,0.175,0.081,1.17e-06,0.0779,0.141,110.415,5,sad,0
66,382973,0,0.63,0.63,4,-7.525,1,0.0364,0.295,1.26e-05,0.0934,0.517,107.103,4,pop-film,1
28,230840,0,0.394,0.981,4,-4.464,1,0.0845,0.000291,0.0021,0.125,0.221,145.467,4,grunge,0
59,286320,0,0.906,0.677,1,-5.558,1,0.215,0.437,0.0272,0.652,0.869,93.016,4,chill,1
52,189538,0,0.747,0.514,6,-6.461,0,0.0291,0.0435,5.93e-05,0.0938,0.392,97.495,4,chill,1
60,295772,0,0.821,0.539,11,-8.537,0,0.0485,0.0401,2.48e-05,0.14,0.624,112.008,4,pop-film,1
68,306834,0,0.637,0.573,11,-6.69,0,0.0491,0.279,3.46e-06,0.0617,0.704,90.017,4,pop-film,1
9,245735,0,0.672,0.939,6,-4.711,1,0.121,0.0554,6.02e-06,0.273,0.589,136.016,4,indian,0
0,194693,1,0.686,0.543,9,-9.096,1,0.401,0.617,0.0,0.111,0.142,68.241,3,chill,0
56,220506,0,0.497,0.474,1,-8.047,0,0.033,0.306,1.82e-06,0.105,0.0411,113.022,4,grunge,1
59,182686,0,0.679,0.199,4,-16.669,0,0.0524,0.797,0.727,0.711,0.168,133.918,4,chill,1
48,145375,0,0.582,0.73,6,-7.22,0,0.421,0.115,0.0,0.123,0.441,175.073,4,sad,0
54,175072,0,0.707,0.626,10,-8.112,1,0.0439,0.137,0.0,0.17,0.708,146.008,4,emo,1
51,221076,0,0.597,0.266,3,-8.973,1,0.028,0.805,0.0,0.128,0.352,129.981,4,chill,1
46,242882,0,0.768,0.75,2,-3.003,1,0.0295,0.121,0.0,0.116,0.51,111.993,4,sertanejo,0
49,90090,0,0.471,0.473,5,-10.757,1,0.0354,0.684,1.76e-05,0.108,0.265,137.045,3,anime,0
68,195546,0,0.73,0.784,9,-2.62,1,0.0691,0.191,0.0,0.0956,0.673,99.995,4,k-pop,1
65,207986,0,0.354,0.942,7,-3.245,1,0.237,0.00039,6.36e-06,0.431,0.242,119.992,4,grunge,1
46,164036,0,0.709,0.571,5,-6.031,1,0.0811,0.382,0.0,0.0931,0.473,88.529,4,sad,0
61,113815,1,0.581,0.763,1,-5.694,1,0.271,0.106,0.0,0.142,0.687,171.11,3,sad,1
0,203064,0,0.702,0.825,6,-3.787,0,0.0601,0.00883,0.0,0.0674,0.915,102.977,4,pop,0
71,221529,0,0.637,0.876,9,-4.652,1,0.0618,0.0483,0.0,0.0728,0.759,149.93,4,k-pop,1
4,183066,0,0.623,0.668,6,-7.282,0,0.0531,0.475,0.0,0.0862,0.823,161.948,4,pop,0
40,238367,1,0.613,0.23,11,-19.048,1,0.387,0.933,0.929,0.338,0.388,104.882,4,sad,0
70,208589,0,0.704,0.646,6,-6.658,1,0.0596,0.0104,0.0,0.191,0.64,141.87,4,k-pop,1
69,224444,0,0.843,0.768,11,-4.554,0,0.117,0.256,0.0,0.614,0.662,139.998,4,pop,1
57,366040,0,0.813,0.537,7,-8.667,0,0.0382,0.0914,5.91e-05,0.114,0.803,108.013,4,pop-film,1
57,188219,1,0.425,0.646,9,-6.555,1,0.176,0.251,0.0,0.208,0.286,89.783,4,sad,1
58,303400,0,0.659,0.454,9,-8.969,0,0.28,0.679,8.27e-06,0.16,0.546,166.948,4,pop-film,1
50,102407,1,0.48,0.517,11,-10.54,0,0.383,0.472,0.0,0.365,0.344,181.847,4,emo,1
44,200097,0,0.544,0.837,2,-3.478,1,0.0504,0.134,0.0,0.955,0.618,151.911,4,sertanejo,0
59,250396,0,0.692,0.624,9,-7.942,1,0.0678,0.295,1.46e-05,0.116,0.759,169.999,4,pop-film,1
67,229500,0,0.677,0.551,7,-9.477,1,0.0636,0.393,0.0,0.13,0.697,157.485,3,pop,1
67,171803,0,0.606,0.815,5,-3.818,0,0.232,0.04,0.0,0.119,0.386,88.054,4,k-pop,1
63,225568,0,0.495,0.556,3,-7.49,1,0.041,0.638,0.0,0.123,0.366,159.996,4,pop-film,1
44,360893,0,0.656,0.918,5,-9.747,0,0.0352,0.308,0.0103,0.0817,0.782,103.225,4,k-pop,0
34,185942,0,0.465,0.968,11,-2.129,1,0.0949,0.0293,0.0,0.0535,0.701,170.953,4,anime,0
80,233933,0,0.545,0.865,11,-5.708,0,0.0286,0.00664,1.1e-05,0.168,0.543,99.009,4,grunge,1
66,133747,0,0.84,0.338,6,-8.16,1,0.0436,0.135,0.0225,0.0635,0.927,108.024,4,chill,1
46,222579,0,0.433,0.599,9,-7.293,1,0.0717,0.479,2.04e-06,0.12,0.338,71.798,4,indian,0
29,180117,0,0.386,0.471,2,-9.65,1,0.0403,0.829,0.0,0.147,0.21,154.039,3,pop,0
35,214160,0,0.417,0.774,4,-6.03,0,0.0509,0.0199,0.928,0.266,0.28,92.041,4,anime,0
65,166851,1,0.728,0.584,10,-7.255,0,0.176,0.0524,0.0,0.0658,0.365,161.9,4,emo,1
51,188510,0,0.525,0.881,9,-4.637,1,0.115,0.13,0.0,0.934,0.605,119.666,4,sertanejo,1
56,337933,0,0.799,0.677,10,-9.779,0,0.043,0.00958,0.000477,0.0993,0.559,99.98,4,k-pop,1
50,229411,1,0.73,0.355,0,-10.941,1,0.0345,0.29,0.0072,0.11,0.261,135.99,4,sad,1
53,155977,0,0.616,0.531,8,-8.955,1,0.0305,0.0245,0.146,0.129,0.133,111.713,4,anime,1
0,205927,0,0.559,0.737,3,-6.487,0,0.0298,0.331,1.98e-05,0.163,0.145,127.038,4,chill,0
54,185000,0,0.402,0.731,8,-3.529,1,0.0693,0.508,0.0,0.146,0.631,171.594,4,k-pop,1
61,123428,0,0.852,0.307,9,-10.275,1,0.298,0.403,0.0,0.236,0.727,140.08,4,sad,1
50,217013,0,0.536,0.966,6,-2.929,0,0.0558,0.121,0.0,0.0477,0.849,152.076,4,anime,1
68,283026,0,0.574,0.739,4,-5.745,0,0.0271,0.00152,0.000328,0.141,0.514,101.069,3,grunge,1
57,338520,0,0.394,0.918,0,-2.133,1,0.0628,0.0286,0.00117,0.17,0.324,168.166,4,anime,1
58,289386,0,0.607,0.526,4,-9.111,1,0.066,0.0185,0.00173,0.227,0.341,190.019,4,pop-film,1
61,137740,1,0.773,0.682,1,-6.329,0,0.054,0.047,0.00317,0.11,0.81,150.974,4,sad,1
63,105293,0,0.663,0.166,9,-13.851,0,0.213,0.95,0.00904,0.114,0.732,125.613,4,chill,1
59,188708,0,0.4,0.563,3,-5.393,1,0.145,0.586,1.03e-05,0.112,0.0934,84.811,4,indian,1
39,146699,0,0.85,0.611,2,-8.534,1,0.288,0.469,1.9e-05,0.312,0.272,100.025,4,sad,0
61,294331,0,0.598,0.813,9,-6.107,1,0.066,0.278,0.0,0.109,0.311,140.101,4,pop-film,1
57,271846,0,0.495,0.295,7,-13.811,1,0.0299,0.876,0.222,0.347,0.299,129.896,4,pop-film,1
56,436333,0,0.593,0.61,5,-10.574,1,0.032,0.768,0.0117,0.147,0.907,133.067,4,k-pop,1
53,285280,0,0.507,0.56,10,-7.177,0,0.034,0.878,0.000572,0.338,0.592,127.318,4,k-pop,1
63,230066,1,0.444,0.913,6,-3.452,1,0.0992,0.00308,0.0,0.38,0.569,163.689,4,grunge,1
42,206064,1,0.786,0.821,11,-4.293,1,0.0418,0.0212,0.00651,0.089,0.493,135.038,4,sad,0
44,308218,0,0.478,0.846,2,-4.799,1,0.146,0.367,0.0,0.0803,0.758,149.708,3,indian,0
0,127346,1,0.731,0.479,9,-6.438,1,0.0464,0.242,0.0,0.143,0.755,97.997,4,sad,0
50,201956,0,0.57,0.723,0,-6.673,0,0.0386,0.00238,0.000144,0.2,0.44,145.001,4,grunge,1
67,147200,0,0.779,0.693,8,-6.033,0,0.0885,0.0832,0.0,0.0874,0.469,150.019,4,pop,1
44,213653,0,0.66,0.8,2,-5.87,1,0.0538,0.65,0.0,0.147,0.807,132.041,4,sertanejo,0
55,317078,0,0.365,0.404,7,-7.228,1,0.0438,0.813,0.0,0.291,0.308,75.002,4,indian,1
32,212971,0,0.485,0.742,8,-7.319,1,0.192,0.138,0.0,0.146,0.374,88.788,4,anime,0
56,315493,0,0.471,0.453,4,-8.354,0,0.0971,0.275,4.02e-05,0.244,0.587,116.013,4,pop-film,1
1,242096,0,0.586,0.616,5,-7.964,1,0.0324,0.182,0.0,0.0927,0.719,148.088,4,pop,0
44,165956,0,0.798,0.694,7,-5.396,1,0.186,0.435,0.0,0.946,0.747,145.902,4,sertanejo,0
60,278377,0,0.555,0.588,0,-8.503,1,0.0278,0.814,3.65e-05,0.109,0.374,94.052,4,indian,1
43,201946,0,0.771,0.722,11,-8.718,1,0.0327,0.138,0.0,0.127,0.94,130.065,4,sertanejo,0
49,239804,0,0.611,0.574,4,-7.118,1,0.0325,0.489,0.0,0.24,0.52,142.123,3,k-pop,0
58,291121,0,0.296,0.298,0,-10.167,1,0.0295,0.777,6.6e-06,0.0909,0.243,178.292,4,pop-film,1
36,185026,0,0.36,0.992,0,-3.816,1,0.0695,0.000167,0.0,0.206,0.598,187.887,4,emo,0
56,212023,0,0.649,0.607,0,-7.837,1,0.0413,0.714,0.0,0.958,0.711,89.996,4,sertanejo,1
60,285000,0,0.34,0.606,4,-8.517,1,0.0379,0.798,0.00205,0.0963,0.268,151.383,4,indian,1
50,181333,0,0.867,0.533,0,-8.652,1,0.0494,0.0231,4.72e-05,0.109,0.817,134.981,4,chill,1
34,202146,0,0.596,0.886,1,-5.508,1,0.0296,0.000174,0.00101,0.251,0.675,131.963,4,emo,0
61,307407,0,0.59,0.531,9,-8.677,0,0.0471,0.628,3.88e-06,0.499,0.482,80.976,4,pop-film,1
60,120027,1,0.708,0.213,7,-8.266,1,0.0396,0.924,0.00118,0.111,0.109,80.02,4,chill,1
44,234592,0,0.579,0.864,11,-3.778,1,0.0437,0.49,0.0,0.959,0.561,95.961,4,sertanejo,0
50,144570,0,0.727,0.438,0,-7.393,0,0.0546,0.423,2.83e-05,0.113,0.359,81.017,4,emo,1
84,233720,0,0.609,0.378,4,-9.828,1,0.438,0.835,0.0,0.28,0.515,100.418,4,pop,1
58,179571,0,0.486,0.563,6,-7.775,0,0.209,0.135,0.0,0.276,0.423,104.787,3,sad,1
52,171096,0,0.625,0.826,9,-4.437,0,0.0692,0.553,0.0,0.355,0.64,147.83,4,sertanejo,1
53,90680,0,0.653,0.548,10,-14.867,0,0.572,0.828,0.319,0.333,0.546,180.021,4,sad,1
47,186352,0,0.802,0.484,2,-10.587,1,0.361,0.182,3.61e-06,0.218,0.335,170.07,4,indian,0
54,168428,0,0.413,0.875,6,-7.48,0,0.031,5.13e-06,0.00058,0.209,0.575,131.951,4,grunge,1
50,266393,0,0.573,0.7,4,-6.661,1,0.0271,0.267,0.0187,0.117,0.319,87.505,4,indian,1
64,336112,0,0.516,0.884,2,-3.706,0,0.0448,0.000254,0.000347,0.0478,0.448,107.96,4,grunge,1
25,211457,1,0.671,0.934,0,-4.496,1,0.0486,0.000145,1.81e-05,0.104,0.832,124.005,4,grunge,0
50,216386,0,0.185,0.779,0,-4.295,0,0.0541,0.00137,1.23e-06,0.0944,0.263,159.076,4,grunge,1
33,251846,0,0.728,0.74,4,-9.726,0,0.189,0.462,0.0,0.0534,0.886,94.915,4,anime,0
43,250533,0,0.362,0.835,9,-2.826,0,0.0439,0.0737,0.0,0.166,0.264,161.946,4,grunge,0
48,164910,0,0.699,0.807,11,-2.955,1,0.0753,0.3,0.0,0.0989,0.669,108.019,4,sertanejo,0
47,176982,0,0.407,0.0605,11,-24.98,0,0.0361,0.978,0.719,0.279,0.328,56.605,3,anime,0
13,276964,0,0.56,0.73,0,-7.485,1,0.0377,0.645,0.00143,0.135,0.506,112.052,4,indian,0
51,257665,0,0.421,0.522,9,-5.803,1,0.0281,0.554,0.0,0.0705,0.521,74.865,4,k-pop,1
53,90842,1,0.622,0.259,0,-15.976,0,0.198,0.102,0.364,0.0833,0.25,177.817,4,sad,1
35,101383,1,0.619,0.639,4,-9.893,1,0.0501,0.0115,0.0,0.0842,0.382,82.495,4,emo,0
68,95708,0,0.589,0.484,7,-11.613,1,0.0742,0.42,0.0385,0.109,0.0726,139.998,4,emo,1
47,314226,0,0.832,0.822,7,-10.496,1,0.0565,0.506,1.6e-06,0.214,0.927,100.004,4,indian,0
51,149398,1,0.567,0.686,4,-8.646,0,0.0671,0.181,0.0,0.0952,0.246,135.062,4,sad,1
51,156983,0,0.677,0.256,7,-16.915,1,0.0448,0.948,9.94e-06,0.0926,0.318,103.986,4,chill,1
3,158994,0,0.687,0.717,11,-6.61,1,0.0755,0.0744,0.0,0.134,0.685,88.063,4,pop,0
64,210405,0,0.677,0.454,2,-8.555,0,0.0673,0.83,8.55e-05,0.274,0.273,80.045,4,chill,1
66,202133,0,0.476,0.855,8,-6.046,1,0.0265,2.53e-05,0.69,0.049,0.408,82.955,4,grunge,1
52,302207,0,0.435,0.53,2,-5.922,0,0.0277,0.562,0.0,0.0947,0.334,100.51,4,k-pop,1
25,293453,0,0.542,0.939,1,-4.246,1,0.049,0.00301,0.231,0.261,0.414,92.002,4,grunge,0
0,201573,0,0.512,0.796,1,-4.075,1,0.0645,0.00147,0.000209,0.0938,0.344,171.014,4,pop,0
57,191493,0,0.603,0.961,3,-2.069,1,0.0636,0.00319,6.09e-06,0.0477,0.549,113.02,4,anime,1
71,217241,0,0.6,0.294,6,-12.301,1,0.0292,0.871,8.66e-05,0.102,0.342,86.97,4,indian,1
47,194240,0,0.404,0.841,10,-3.036,1,0.0744,0.0886,0.0,0.838,0.601,129.099,4,sertanejo,0
66,200029,0,0.633,0.727,11,-4.104,0,0.0383,0.173,0.0,0.153,0.543,123.959,4,pop,1
26,213933,0,0.524,0.816,11,-3.49,0,0.0308,0.00044,0.0,0.0777,0.252,116.026,4,grunge,0
54,189257,0,0.565,0.481,6,-13.575,1,0.757,0.602,0.0,0.124,0.518,72.737,1,emo,1
65,124765,1,0.685,0.644,5,-7.73,0,0.1,0.0791,0.0,0.107,0.471,155.079,4,sad,1
60,199746,0,0.854,0.291,9,-11.166,1,0.202,0.489,0.906,0.114,0.445,158.004,4,anime,1
50,223862,0,0.477,0.559,8,-5.948,1,0.0373,0.339,0.0,0.178,0.328,114.632,4,sertanejo,1
64,274081,0,0.536,0.438,7,-12.894,1,0.103,0.119,0.0,0.129,0.127,144.626,4,pop-film,1
51,141071,0,0.632,0.708,1,-5.247,1,0.0829,0.0492,0.00306,0.125,0.687,95.03,4,grunge,1
43,164173,0,0.713,0.236,1,-13.288,1,0.0373,0.886,0.0,0.091,0.647,139.75,3,indian,0
57,222826,0,0.372,0.975,0,-2.856,1,0.126,0.0493,0.0,0.331,0.3,181.017,4,anime,1
62,144169,0,0.833,0.485,7,-8.001,1,0.051,0.193,3.07e-06,0.107,0.723,94.952,4,sad,1
45,277973,0,0.556,0.774,3,-6.342,0,0.0419,0.0376,0.00315,0.0538,0.614,103.188,4,grunge,0
50,266393,0,0.573,0.7,4,-6.661,1,0.0271,0.267,0.0187,0.117,0.317,87.508,4,indian,1
64,134204,0,0.697,0.271,0,-11.507,1,0.093,0.923,0.0,0.101,0.773,119.835,4,pop-film,1
53,319008,0,0.433,0.639,2,-6.001,1,0.0681,0.374,0.0,0.308,0.592,153.612,4,sertanejo,1
2,188869,1,0.799,0.696,1,-6.621,1,0.134,0.211,2.46e-06,0.133,0.414,115.067,4,indian,0
54,312440,0,0.41,0.72,7,-7.675,0,0.0476,0.827,0.00123,0.338,0.728,82.133,4,k-pop,1
43,263026,0,0.634,0.911,4,-7.636,0,0.0821,0.0343,0.0,0.344,0.507,127.997,4,indian,0
34,244298,0,0.823,0.795,3,-4.337,0,0.29,0.381,0.0,0.121,0.481,150.058,4,anime,0
50,203266,0,0.423,0.978,6,-4.004,0,0.303,0.0037,0.0,0.111,0.361,196.93,4,grunge,1
66,324373,0,0.608,0.705,7,-5.525,0,0.0364,0.499,0.000124,0.0878,0.733,75.031,4,pop,1
34,231680,0,0.487,0.961,4,-4.139,1,0.132,0.0415,1.14e-06,0.553,0.324,170.005,4,grunge,0
67,213640,1,0.497,0.77,6,-4.298,1,0.0757,0.0472,0.0,0.102,0.47,167.892,4,emo,1
23,127908,0,0.407,0.736,2,-5.94,0,0.0404,0.0324,5.56e-05,0.136,0.348,130.443,3,sad,0
69,273228,0,0.828,0.707,8,-9.517,1,0.362,0.303,0.0,0.0646,0.441,141.096,3,pop,1
57,196135,0,0.202,0.742,0,-5.29,1,0.124,0.00169,0.000483,0.128,0.155,194.876,3,grunge,1
44,188613,0,0.589,0.734,2,-6.156,1,0.0329,0.553,0.0,0.147,0.717,151.852,4,sertanejo,0
70,360760,0,0.363,0.67,1,-6.652,0,0.0552,0.000582,0.548,0.317,0.198,150.15,4,emo,1
52,152166,1,0.917,0.62,8,-7.209,1,0.22,0.311,2.59e-06,0.104,0.701,90.032,4,emo,1
45,269815,0,0.603,0.743,9,-7.013,1,0.0553,0.728,4.22e-05,0.103,0.341,100.021,4,indian,0
70,213055,0,0.778,0.227,1,-16.191,1,0.0379,0.983,0.14,0.113,0.38,116.033,4,pop,1
63,168274,0,0.696,0.678,6,-5.679,0,0.0391,0.441,0.0,0.069,0.517,146.998,4,chill,1
50,156687,1,0.798,0.482,4,-9.035,0,0.206,0.00368,0.0,0.122,0.689,92.012,4,sad,1
67,238193,0,0.667,0.889,6,-4.851,1,0.0917,0.00912,0.0,0.0816,0.541,169.961,4,k-pop,1
46,259946,0,0.49,0.965,8,-3.365,1,0.0893,0.00156,0.00703,0.313,0.558,92.131,4,emo,0
80,162569,1,0.647,0.723,5,-6.214,1,0.0491,0.00503,0.0,0.176,0.443,105.001,4,k-pop,1
50,200295,0,0.748,0.57,6,-9.134,0,0.053,0.487,0.00237,0.0629,0.207,99.926,4,indian,1
45,161152,0,0.521,0.918,6,-3.414,0,0.0867,0.203,0.0,0.579,0.683,185.995,4,sertanejo,0
71,213632,0,0.717,0.416,7,-9.875,0,0.0303,0.635,1.43e-06,0.0976,0.381,100.026,4,pop,1
50,309946,0,0.715,0.583,7,-12.236,1,0.164,0.24,0.0,0.136,0.525,94.026,4,k-pop,1
47,228360,0,0.512,0.618,7,-8.699,1,0.0346,0.656,0.0,0.967,0.53,139.954,4,sertanejo,0
58,343400,0,0.329,0.658,9,-5.57,1,0.0373,0.00108,1.56e-06,0.0805,0.288,141.123,4,grunge,1
77,318586,0,0.35,0.828,6,-5.373,1,0.041,0.000217,0.000161,0.0774,0.147,105.435,4,grunge,1
42,231165,0,0.488,0.703,11,-8.243,1,0.0359,0.148,0.00909,0.506,0.589,81.511,4,indian,0
77,240906,0,0.536,0.296,5,-7.451,1,0.0346,0.892,0.0,0.0873,0.151,122.907,3,k-pop,1
45,265386,0,0.618,0.519,0,-9.473,1,0.393,0.204,2.69e-05,0.125,0.77,90.009,4,k-pop,0
48,247688,0,0.752,0.204,2,-15.955,1,0.0371,0.834,0.102,0.109,0.38,117.997,4,indian,0
48,281560,0,0.502,0.488,10,-8.125,0,0.0304,0.145,8.06e-06,0.102,0.42,81.01,4,anime,0
58,151308,1,0.728,0.573,6,-8.388,1,0.0347,0.00716,0.0,0.164,0.315,139.947,4,emo,1
44,262556,0,0.522,0.943,2,-3.727,1,0.0485,0.000729,0.0,0.13,0.711,99.991,4,emo,0
61,167594,0,0.498,0.871,2,-4.593,0,0.0494,0.000483,0.0,0.279,0.613,150.035,4,anime,1
64,304899,0,0.645,0.517,9,-6.708,0,0.0273,0.522,3.27e-06,0.0905,0.259,106.906,4,pop-film,1
63,365706,0,0.469,0.737,8,-7.274,1,0.0762,0.725,0.00272,0.0655,0.572,79.545,4,pop-film,1
84,231173,1,0.743,0.752,4,-4.813,1,0.0414,0.0188,0.0,0.287,0.545,110.015,4,pop,1
0,230826,0,0.424,0.843,6,-6.197,1,0.0394,0.00101,0.00896,0.366,0.115,90.247,4,grunge,0
44,155303,0,0.796,0.734,0,-4.044,1,0.039,0.34,1.79e-05,0.213,0.596,125.087,4,sertanejo,0
25,344813,0,0.491,0.786,8,-7.452,1,0.0382,0.0178,0.0,0.671,0.251,91.957,4,anime,0
49,181090,1,0.622,0.723,7,-5.221,0,0.0514,0.394,0.0,0.61,0.446,139.95,4,sad,0
74,189176,0,0.663,0.478,4,-7.265,0,0.185,0.095,0.0,0.0705,0.341,85.264,4,pop-film,1
47,211626,0,0.454,0.445,9,-4.398,1,0.0301,0.814,0.0,0.263,0.396,141.879,4,sertanejo,0
35,196000,0,0.635,0.385,3,-9.99,1,0.0439,0.625,0.0,0.771,0.0995,60.042,4,chill,0
53,214796,0,0.568,0.921,9,-4.558,1,0.0771,0.277,3.59e-06,0.151,0.647,131.903,4,indian,1
62,259519,1,0.505,0.839,11,-4.966,0,0.0569,0.0111,0.0,0.211,0.326,139.961,4,grunge,1
59,191240,0,0.408,0.979,1,-2.801,1,0.0826,1.87e-05,0.0911,0.136,0.663,169.939,4,grunge,1
47,128705,0,0.753,0.607,0,-6.222,0,0.0325,0.417,4.13e-06,0.114,0.649,100.027,4,sad,0
57,205851,0,0.504,0.889,2,-4.533,1,0.0737,0.0489,0.0,0.19,0.367,165.047,4,emo,1
59,159813,0,0.756,0.517,0,-8.122,1,0.0996,0.341,2.68e-05,0.103,0.267,110.064,1,chill,1
45,280653,0,0.483,0.742,4,-5.006,0,0.0326,0.000969,0.00468,0.835,0.252,84.049,4,grunge,0
70,134451,1,0.663,0.66,2,-6.623,1,0.29,0.0905,0.0,0.348,0.606,200.117,3,emo,1
64,198533,0,0.337,0.835,2,-6.351,0,0.057,0.00174,0.0,0.0945,0.418,87.561,4,grunge,1
37,158627,1,0.784,0.923,5,-2.008,0,0.371,0.125,0.0,0.355,0.753,175.187,4,emo,0
0,126896,0,0.789,0.162,5,-13.013,0,0.095,0.81,0.94,0.0885,0.434,86.98,4,chill,0
49,248234,0,0.693,0.8,2,-3.573,1,0.035,0.209,0.0,0.835,0.826,136.001,4,sertanejo,0
59,588307,0,0.457,0.599,9,-5.957,1,0.0518,0.436,0.0,0.389,0.237,113.62,4,sertanejo,1
0,333800,1,0.793,0.737,6,-4.731,0,0.0785,0.0765,0.0,0.0747,0.697,167.969,4,pop,0
59,273533,0,0.375,0.449,11,-13.439,0,0.0337,0.89,0.139,0.326,0.744,106.603,4,pop-film,1
57,214735,0,0.675,0.392,4,-10.11,0,0.037,0.773,0.0,0.109,0.533,123.923,4,pop-film,1
70,259139,0,0.722,0.859,6,-8.143,0,0.039,0.11,7.39e-05,0.0929,0.562,110.969,4,pop-film,1
0,222738,0,0.416,0.964,9,-2.967,1,0.112,2.35e-05,0.000875,0.473,0.212,157.925,4,grunge,0
56,101100,0,0.561,0.364,7,-11.111,1,0.0286,0.812,8.94e-06,0.268,0.233,137.911,4,chill,1
55,183986,0,0.633,0.549,1,-7.226,1,0.219,0.673,0.0,0.0677,0.151,154.0,4,sad,1
57,222245,0,0.54,0.802,2,-4.085,0,0.0473,0.000103,7.43e-06,0.179,0.553,152.018,4,anime,1
54,156057,0,0.706,0.686,7,-9.129,0,0.0835,0.0852,1.63e-05,0.187,0.52,142.021,4,chill,1
54,224072,1,0.57,0.43,8,-10.935,0,0.037,0.334,1.29e-06,0.111,0.156,90.013,4,chill,1
58,148500,1,0.731,0.939,2,-3.581,1,0.0623,0.249,0.0,0.231,0.749,149.961,4,emo,1
51,236000,0,0.713,0.875,7,-1.098,1,0.0286,0.36,0.703,0.183,0.645,119.962,4,anime,1
52,238306,1,0.515,0.718,4,-5.045,1,0.117,0.682,0.0,0.143,0.523,111.318,4,sertanejo,1
38,204812,0,0.771,0.959,7,-3.486,1,0.257,0.639,0.0,0.102,0.633,150.022,4,anime,0
50,273880,0,0.218,0.387,0,-11.676,1,0.0478,0.9,0.00196,0.172,0.122,168.989,4,indian,1
38,216920,0,0.599,0.909,7,-4.729,1,0.0484,0.000683,0.0,0.0686,0.486,140.047,4,emo,0
59,215647,1,0.609,0.475,8,-9.304,1,0.0577,0.556,0.0,0.236,0.231,107.696,4,sad,1
52,219406,0,0.516,0.982,11,-1.972,0,0.0986,0.012,0.0,0.335,0.517,98.024,4,anime,1
60,197506,0,0.518,0.951,9,-3.198,1,0.0529,0.00919,0.0,0.148,0.537,98.068,4,grunge,1
71,195466,0,0.622,0.692,7,-6.97,1,0.0276,0.363,0.000158,0.193,0.774,112.053,4,grunge,1
64,202135,0,0.662,0.688,0,-9.019,1,0.0413,0.0422,0.000918,0.431,0.365,102.95,4,pop-film,1
90,177720,0,0.539,0.508,10,-6.05,1,0.0288,0.727,0.0,0.174,0.227,101.358,3,pop,1
65,197368,1,0.639,0.446,6,-10.489,1,0.0378,0.295,0.0,0.181,0.363,76.004,4,chill,1
58,302935,0,0.695,0.729,6,-6.274,0,0.0322,0.0738,0.000182,0.533,0.872,118.028,4,pop-film,1
49,188031,0,0.757,0.437,4,-6.165,1,0.0381,0.796,6.34e-06,0.397,0.52,126.961,4,chill,0
1,238106,0,0.286,0.929,11,-8.494,0,0.091,0.00231,0.00074,0.0946,0.127,99.762,4,emo,0
0,157675,0,0.813,0.706,1,-4.569,1,0.425,0.139,0.0,0.0994,0.44,163.191,4,k-pop,0
61,122150,0,0.826,0.26,2,-15.202,1,0.168,0.538,0.0,0.0898,0.245,110.079,4,emo,1
41,262360,0,0.617,0.943,11,-6.234,0,0.0338,0.0246,0.2,0.0842,0.474,130.029,4,indian,0
60,292493,0,0.322,0.752,2,-3.457,1,0.0422,0.633,0.0,0.129,0.502,126.967,4,pop-film,1
51,124830,0,0.775,0.303,5,-8.131,1,0.401,0.696,0.0,0.0992,0.879,181.997,4,sad,1
66,286007,0,0.758,0.588,11,-7.777,0,0.091,0.608,9.3e-05,0.189,0.796,134.014,4,pop,1
68,320960,0,0.822,0.446,7,-8.899,0,0.0321,0.486,0.00102,0.147,0.654,119.994,4,pop-film,1
62,182000,0,0.757,0.588,10,-6.383,0,0.12,0.252,0.0,0.0701,0.344,84.968,4,pop-film,1
49,210493,0,0.803,0.578,11,-5.509,1,0.0285,0.839,0.0,0.179,0.931,109.933,3,sertanejo,0
56,205213,0,0.433,0.853,6,-4.237,0,0.0405,0.0114,0.0,0.162,0.697,100.002,4,anime,1
64,153627,0,0.702,0.221,1,-12.126,0,0.162,0.856,0.00694,0.143,0.0767,115.218,4,sad,1
57,192026,0,0.387,0.95,1,-3.747,1,0.0475,0.00193,0.0,0.0689,0.541,191.006,4,emo,1
64,145081,0,0.663,0.583,7,-9.235,1,0.0346,0.411,0.138,0.169,0.58,81.507,4,chill,1
51,237746,0,0.424,0.895,11,-4.353,1,0.0428,0.117,0.0,0.0843,0.505,165.917,4,grunge,1
49,163591,1,0.711,0.352,4,-8.599,0,0.327,0.408,3.66e-06,0.144,0.0617,136.896,4,emo,0
54,285120,0,0.525,0.63,6,-6.673,1,0.0317,0.00119,0.0,0.146,0.236,106.978,4,grunge,1
21,246080,0,0.349,0.955,11,-4.87,0,0.35,0.0286,0.0,0.393,0.442,167.104,4,anime,0
55,188010,0,0.763,0.236,9,-11.516,0,0.0568,0.615,0.845,0.082,0.273,119.989,4,chill,1
56,181198,0,0.613,0.428,1,-16.208,1,0.337,0.775,0.577,0.0932,0.219,101.041,4,chill,1
43,282947,1,0.458,0.309,2,-13.958,0,0.0312,0.856,0.288,0.111,0.0987,94.978,4,sad,0
55,127200,0,0.565,0.24,10,-18.678,1,0.0439,0.931,0.912,0.379,0.0827,114.93,4,chill,1
54,267834,0,0.52,0.464,0,-8.963,1,0.124,0.961,0.855,0.183,0.132,179.978,4,indian,1
50,152051,0,0.578,0.459,0,-9.926,1,0.127,0.381,0.0247,0.231,0.344,92.067,4,chill,1
53,299164,0,0.541,0.8,6,-3.687,1,0.0382,0.0442,0.0,0.398,0.56,129.939,4,anime,1
56,147318,1,0.703,0.552,11,-10.288,1,0.195,0.835,0.101,0.569,0.609,176.132,4,emo,1
62,123125,1,0.713,0.244,6,-15.639,0,0.101,0.767,0.00435,0.101,0.199,119.993,4,chill,1
32,181546,1,0.483,0.942,9,-6.907,1,0.136,7.19e-05,0.0,0.345,0.362,100.185,4,emo,0
68,185333,0,0.541,0.676,8,-3.893,0,0.153,0.442,0.0,0.159,0.845,90.037,4,pop,1
63,204014,1,0.644,0.522,0,-8.197,0,0.0273,0.0824,0.0,0.122,0.477,99.999,4,chill,1
3,155960,0,0.865,0.573,5,-5.501,1,0.0678,0.0863,0.0,0.305,0.563,94.999,4,pop,0
46,239773,0,0.195,0.178,2,-11.356,0,0.0331,0.429,0.925,0.0885,0.0545,75.227,4,anime,0
44,153426,0,0.69,0.926,1,-5.584,0,0.183,0.336,0.0,0.0319,0.867,178.119,4,sertanejo,0
0,227031,0,0.691,0.389,4,-8.247,1,0.0367,0.765,0.0,0.0941,0.306,104.952,4,chill,0
55,166217,0,0.693,0.191,1,-18.597,0,0.115,0.789,0.342,0.102,0.784,208.001,4,sad,1
53,185520,0,0.609,0.951,1,-6.137,1,0.0431,0.0108,0.000104,0.702,0.717,125.045,4,anime,1
48,150600,0,0.587,0.935,8,-1.184,1,0.0965,0.0183,3.3e-06,0.279,0.596,179.951,4,sertanejo,0
60,227506,0,0.365,0.649,11,-5.295,0,0.0408,0.151,0.0,0.121,0.453,78.398,4,pop-film,1
69,215853,0,0.473,0.348,0,-11.1,1,0.0288,0.721,7.42e-05,0.0823,0.283,107.819,4,grunge,1
3,189120,1,0.477,0.973,4,-2.731,0,0.0766,3.81e-05,3.3e-05,0.289,0.288,90.519,4,grunge,0
68,158253,0,0.855,0.87,10,-2.059,0,0.0826,0.0122,0.000675,0.0202,0.863,103.028,4,k-pop,1
46,167191,0,0.683,0.624,8,-8.004,1,0.0399,0.501,0.0,0.754,0.725,115.913,4,sertanejo,0
70,259139,0,0.722,0.859,6,-8.143,0,0.039,0.11,7.39e-05,0.0929,0.562,110.969,4,pop,1
54,146053,0,0.604,0.767,5,-5.235,1,0.0567,0.0724,0.0,0.315,0.662,166.912,4,sad,1
43,267468,0,0.393,0.639,5,-10.671,0,0.0367,0.187,2.12e-06,0.366,0.335,136.551,4,indian,0
66,153002,0,0.59,0.632,7,-7.996,1,0.0376,0.301,0.0,0.169,0.345,110.0,4,pop,1
67,236426,0,0.363,0.914,11,-2.899,0,0.0983,0.00183,0.0,0.335,0.678,177.968,4,anime,1
2,183066,0,0.623,0.668,6,-7.282,0,0.0531,0.475,0.0,0.0862,0.823,161.948,4,pop,0
52,305386,0,0.397,0.427,5,-6.954,0,0.0271,0.186,0.0,0.0976,0.227,80.035,4,anime,1
54,72360,1,0.743,0.74,2,-10.02,0,0.402,0.363,0.0,0.0717,0.191,97.01,4,sad,1
67,299821,0,0.468,0.854,11,-3.932,0,0.059,0.176,0.0,0.126,0.277,155.867,4,pop,1
0,166253,0,0.647,0.801,1,-2.946,0,0.249,0.0451,0.0,0.0628,0.517,180.108,4,pop,0
49,167332,0,0.494,0.765,4,-4.798,0,0.0852,0.173,0.0,0.357,0.377,170.365,4,sertanejo,0
44,125521,1,0.876,0.378,5,-14.653,1,0.225,0.264,0.0,0.0949,0.373,119.962,4,sad,0
45,224215,0,0.514,0.415,11,-7.166,1,0.0533,0.819,0.0,0.3,0.493,125.356,3,sertanejo,0
45,295013,0,0.713,0.673,7,-5.924,0,0.0446,0.00844,0.219,0.164,0.66,130.014,4,k-pop,0
65,232505,0,0.688,0.701,3,-7.505,1,0.0298,0.06,0.0301,0.271,0.385,110.019,4,pop-film,1
42,174615,0,0.619,0.398,11,-10.221,1,0.0696,0.798,0.001,0.229,0.579,156.055,4,chill,0
60,211960,0,0.245,0.542,7,-7.159,1,0.0324,0.147,4.05e-06,0.102,0.365,204.824,4,grunge,1
40,237631,0,0.507,0.566,2,-5.125,1,0.029,0.806,0.0,0.102,0.605,76.012,4,sad,0
0,184390,0,0.692,0.883,7,-4.698,1,0.0582,0.0512,0.0,0.228,0.614,122.984,4,pop,0
59,186872,0,0.804,0.771,7,-3.836,1,0.059,0.0466,0.0,0.109,0.73,110.014,4,anime,1
61,139280,1,0.726,0.504,7,-5.268,0,0.0694,0.68,0.0,0.0989,0.21,89.953,4,sad,1
53,222979,1,0.802,0.566,11,-9.816,0,0.145,0.539,4.09e-06,0.134,0.153,140.099,4,sad,1
46,182426,0,0.65,0.514,9,-7.85,0,0.108,0.189,0.0,0.134,0.363,149.999,4,chill,0
47,266349,0,0.758,0.835,1,-4.581,1,0.311,0.355,0.0,0.113,0.806,81.816,4,anime,0
25,247066,0,0.353,0.979,9,-4.464,1,0.0942,4.97e-05,0.000125,0.41,0.242,94.995,4,grunge,0
57,303750,0,0.419,0.825,6,-5.013,1,0.0709,0.49,0.0,0.139,0.363,73.202,4,k-pop,1
36,208504,1,0.716,0.457,6,-11.066,0,0.0395,0.48,0.000453,0.124,0.204,107.928,4,emo,0
64,288013,0,0.471,0.868,1,-2.291,1,0.0295,0.0384,0.0,0.297,0.811,173.969,4,anime,1
54,306600,0,0.449,0.72,10,-5.382,0,0.0355,0.00656,6.84e-05,0.127,0.114,138.482,4,grunge,1
48,161141,0,0.68,0.86,0,-4.674,1,0.183,0.645,0.0,0.337,0.603,129.522,4,sertanejo,0
45,175456,0,0.556,0.954,9,-1.253,1,0.37,0.297,0.0,0.901,0.615,170.091,4,sertanejo,0
70,232906,0,0.727,0.714,2,-4.494,1,0.0872,0.0209,0.0,0.153,0.618,164.003,4,pop,1
68,136058,0,0.803,0.75,11,-4.67,1,0.0551,0.0233,3.87e-05,0.045,0.628,106.0,4,chill,1
0,203122,0,0.708,0.598,5,-8.365,1,0.0291,0.037,0.0,0.17,0.698,112.027,4,pop,0
52,259133,0,0.245,0.96,7,-4.719,1,0.175,0.000184,0.00268,0.0718,0.372,184.042,1,grunge,1
60,215304,0,0.583,0.452,11,-10.459,0,0.026,0.802,0.00632,0.143,0.327,79.999,4,indian,1
48,196000,0,0.515,0.53,10,-8.767,1,0.0444,0.197,0.00012,0.108,0.0764,120.474,4,sad,0
43,134266,0,0.471,0.941,7,-7.538,1,0.0826,7.31e-05,0.911,0.348,0.392,156.052,4,anime,0
49,245600,0,0.617,0.608,5,-6.019,1,0.0299,0.195,0.0,0.95,0.553,105.967,4,sertanejo,0
57,135584,0,0.445,0.328,0,-6.894,1,0.0304,0.807,0.0,0.121,0.526,77.074,4,sad,1
32,170360,1,0.56,0.883,6,-4.569,1,0.107,0.00601,0.0,0.223,0.732,148.092,4,emo,0
60,179016,0,0.312,0.315,5,-15.185,0,0.0522,0.922,0.908,0.117,0.198,122.008,4,chill,1
44,228725,0,0.242,0.561,9,-4.833,0,0.0374,0.000338,0.0,0.405,0.224,120.019,4,grunge,0
43,192000,0,0.847,0.146,0,-19.128,0,0.0674,0.838,0.929,0.211,0.205,119.986,4,anime,0
64,218000,0,0.606,0.769,3,-9.215,0,0.0713,0.14,1.64e-05,0.841,0.593,121.042,4,grunge,1
49,194223,0,0.506,0.655,0,-7.221,1,0.0364,0.839,3.56e-06,0.0933,0.571,121.847,4,sertanejo,0
47,178754,0,0.562,0.817,0,-2.979,1,0.106,0.405,0.0,0.789,0.641,149.827,4,sertanejo,0
44,189077,0,0.583,0.577,11,-7.603,1,0.0376,0.278,0.0,0.123,0.684,117.806,4,sertanejo,0
66,153706,0,0.616,0.395,0,-3.167,1,0.0607,0.379,0.0,0.0871,0.631,74.422,4,k-pop,1
51,318506,0,0.55,0.92,1,-4.057,1,0.0564,0.0159,0.000927,0.212,0.668,135.805,4,k-pop,1
48,223400,0,0.316,0.835,2,-6.67,1,0.321,0.0489,0.000774,0.287,0.415,170.061,4,grunge,0
63,211413,0,0.697,0.84,9,-4.602,0,0.054,0.106,0.0,0.748,0.452,128.034,4,grunge,1
62,198344,0,0.315,0.491,11,-7.0,1,0.0311,0.748,0.0,0.128,0.245,109.966,4,pop-film,1
68,218808,0,0.416,0.343,4,-10.995,1,0.0664,0.514,0.0,0.106,0.578,149.791,3,pop,1
56,174066,0,0.658,0.719,2,-5.417,1,0.153,0.467,0.0,0.777,0.805,161.889,4,sertanejo,1
51,235306,0,0.539,0.762,9,-6.525,0,0.0288,0.000867,0.455,0.133,0.682,100.022,4,emo,1
64,211280,0,0.634,0.858,4,-2.226,0,0.0809,0.101,8.56e-06,0.258,0.637,91.688,4,k-pop,1
71,254950,0,0.547,0.605,8,-6.755,1,0.0415,0.42,0.0,0.125,0.364,121.953,4,k-pop,1
58,124500,0,0.628,0.329,9,-13.577,1,0.104,0.8,0.0855,0.256,0.407,79.976,4,sad,1
53,140356,0,0.534,0.336,10,-10.807,0,0.0642,0.802,0.00964,0.129,0.267,138.116,4,chill,1
44,228985,0,0.63,0.414,9,-9.888,0,0.0291,0.615,0.000329,0.162,0.394,100.946,4,indian,0
48,164154,0,0.6,0.673,9,-6.069,1,0.0654,0.486,0.0,0.125,0.707,119.328,4,sertanejo,0
56,326495,0,0.629,0.687,10,-4.624,0,0.0393,0.592,4.81e-05,0.106,0.762,170.006,4,pop-film,1
50,183973,0,0.631,0.873,7,-4.748,1,0.0653,0.0141,0.0,0.253,0.467,109.117,4,grunge,1
57,302093,0,0.51,0.544,4,-8.475,0,0.0383,0.745,8.9e-06,0.22,0.828,97.431,4,pop-film,1
43,210053,0,0.641,0.45,7,-4.321,1,0.0317,0.674,0.0,0.0996,0.241,84.955,4,sertanejo,0
59,200000,1,0.68,0.597,4,-7.198,0,0.0304,0.0122,0.000599,0.114,0.3,120.052,4,emo,1
44,196366,0,0.676,0.847,6,-2.612,0,0.246,0.189,0.0,0.347,0.699,188.132,4,sertanejo,0
45,325714,1,0.834,0.889,9,-4.504,0,0.294,0.461,0.0,0.0906,0.749,140.078,4,anime,0
43,281253,0,0.414,0.939,2,-4.229,0,0.0653,0.0136,8.68e-06,0.627,0.147,139.951,4,emo,0
43,152528,0,0.714,0.795,11,-3.761,1,0.036,0.346,0.0,0.572,0.612,123.99,4,sertanejo,0
46,196625,0,0.681,0.698,4,-3.974,1,0.0373,0.374,0.0,0.383,0.464,100.183,4,sertanejo,0
84,205946,0,0.649,0.716,8,-5.371,1,0.0349,0.0863,2.63e-05,0.135,0.163,99.988,4,pop,1
51,230360,0,0.456,0.37,10,-12.631,1,0.0481,0.944,0.0425,0.287,0.303,80.503,4,indian,1
57,221666,0,0.613,0.508,7,-8.489,1,0.0343,0.275,8.28e-06,0.0809,0.327,144.106,4,indian,1
59,276378,0,0.807,0.519,0,-7.565,0,0.082,0.247,0.000256,0.0774,0.386,85.008,4,k-pop,1
44,246293,0,0.698,0.634,11,-8.605,1,0.0257,0.232,0.0,0.346,0.783,112.906,4,sertanejo,0
57,238688,0,0.499,0.541,11,-10.463,1,0.0448,0.744,0.00167,0.0579,0.381,81.198,4,pop-film,1
66,262986,0,0.329,0.45,2,-6.312,0,0.0405,0.594,0.0,0.13,0.284,80.095,4,pop,1
55,235833,0,0.635,0.299,1,-13.585,0,0.0384,0.72,5.69e-05,0.132,0.402,83.983,4,pop-film,1
37,368586,0,0.269,0.933,6,-6.422,1,0.183,0.0665,0.0,0.751,0.153,104.601,1,emo,0
60,185216,0,0.536,0.591,0,-5.377,0,0.0292,0.463,0.0,0.133,0.347,128.056,4,pop-film,1
45,177407,0,0.488,0.303,3,-12.426,0,0.0494,0.929,3.44e-06,0.14,0.152,114.962,4,chill,0
57,176103,0,0.61,0.856,0,-6.193,0,0.039,0.606,0.0,0.71,0.938,170.008,4,sertanejo,1
24,104505,0,0.229,0.341,7,-20.766,0,0.041,0.971,0.948,0.333,0.0722,182.425,3,anime,0
59,254345,0,0.649,0.889,1,-5.442,1,0.199,0.102,0.0,0.323,0.601,149.949,4,pop-film,1
79,178453,0,0.828,0.731,9,-3.033,1,0.111,0.0617,0.0,0.048,0.587,119.978,4,k-pop,1
49,185426,0,0.642,0.932,7,-2.664,1,0.0764,0.199,0.0,0.339,0.53,120.052,4,sertanejo,0
43,174293,0,0.415,0.766,5,-3.467,1,0.0418,0.366,0.0,0.86,0.575,139.958,4,sertanejo,0
73,276707,0,0.422,0.578,8,-7.524,1,0.0548,0.443,0.0,0.231,0.227,128.921,4,k-pop,1
68,311106,0,0.239,0.287,7,-12.565,0,0.0388,0.876,0.644,0.122,0.185,71.608,3,anime,1
40,281333,0,0.168,0.408,4,-11.23,0,0.0339,0.0149,0.897,0.125,0.128,140.704,4,anime,0
1,239426,0,0.684,0.487,5,-5.887,1,0.0367,0.495,4.57e-06,0.0821,0.456,81.997,4,pop,0
36,181073,1,0.622,0.735,1,-5.664,1,0.047,0.0669,0.0,0.11,0.947,169.912,4,emo,0
68,168308,1,0.835,0.284,7,-10.121,0,0.0778,0.631,3.96e-06,0.102,0.286,86.982,4,chill,1
64,208440,0,0.504,0.364,1,-9.277,0,0.03,0.893,7.88e-05,0.0904,0.365,149.819,4,pop,1
46,155738,0,0.747,0.76,3,-3.455,1,0.0312,0.775,4.67e-06,0.0873,0.725,110.069,4,sertanejo,0
48,225520,0,0.506,0.976,8,-5.066,0,0.155,0.00185,0.00204,0.338,0.267,95.16,4,grunge,0
54,100623,0,0.802,0.294,1,-14.638,1,0.0836,0.747,0.00612,0.158,0.58,120.725,4,sad,1
59,161000,1,0.649,0.562,9,-7.132,0,0.141,0.474,0.0,0.122,0.702,168.067,4,sad,1
83,164952,0,0.759,0.459,8,-5.187,1,0.0948,0.00323,0.0,0.0788,0.695,109.997,4,k-pop,1
57,308106,0,0.72,0.84,2,-5.049,1,0.042,0.591,1.46e-06,0.15,0.68,85.995,4,pop-film,1
56,200213,1,0.579,0.698,2,-5.701,1,0.0827,0.107,0.0,0.174,0.302,165.071,4,emo,1
23,312200,0,0.454,0.882,1,-6.353,1,0.0609,0.0431,0.0,0.683,0.63,153.982,4,anime,0
51,274412,0,0.477,0.685,2,-4.554,1,0.0325,0.105,0.0,0.282,0.308,152.04,4,anime,1
68,199310,0,0.727,0.56,9,-6.175,1,0.079,0.462,0.0,0.109,0.684,86.993,4,pop,1
58,211764,0,0.754,0.914,6,-1.999,0,0.0548,0.424,2.62e-05,0.116,0.865,136.032,4,pop-film,1
59,253773,0,0.504,0.554,1,-12.085,1,0.0356,0.347,1.36e-05,0.0963,0.386,140.005,4,pop-film,1
1,247493,0,0.394,0.17,0,-10.368,1,0.0451,0.889,0.0,0.105,0.315,130.721,3,pop,0
77,186480,1,0.21,0.94,9,-3.427,1,0.123,0.00602,0.0,0.269,0.255,179.722,4,emo,1
51,285051,0,0.682,0.97,2,-5.332,1,0.0459,0.00591,0.171,0.0448,0.959,137.954,4,indian,1
70,195866,0,0.794,0.762,4,-3.525,0,0.0392,0.0358,1.41e-06,0.191,0.482,109.97,4,k-pop,1
47,262533,0,0.8,0.751,1,-4.972,1,0.0347,0.00194,0.437,0.0676,0.354,121.983,4,k-pop,0
48,301889,0,0.693,0.896,7,-4.114,1,0.0682,0.31,0.0,0.195,0.854,126.995,4,indian,0
43,173913,0,0.607,0.324,11,-13.045,0,0.0315,0.327,0.000122,0.191,0.38,138.049,4,indian,0
49,231262,0,0.724,0.767,5,-10.403,0,0.349,0.598,0.0,0.0701,0.945,75.986,4,indian,0
51,216052,0,0.676,0.667,5,-7.578,1,0.0814,0.182,0.0,0.108,0.519,159.988,4,sad,1
49,302986,0,0.72,0.696,5,-8.18,0,0.0341,0.00907,0.000145,0.186,0.635,125.004,4,k-pop,0
83,164952,0,0.759,0.459,8,-5.187,1,0.0948,0.00323,0.0,0.0788,0.695,109.997,4,pop,1
61,230318,0,0.778,0.599,2,-4.758,1,0.032,0.0705,0.0,0.59,0.949,116.951,4,indian,1
54,254000,1,0.741,0.354,2,-15.505,1,0.0812,0.656,0.702,0.384,0.037,120.018,4,chill,1
56,191869,0,0.511,0.11,2,-20.248,1,0.0769,0.987,0.947,0.11,0.13,95.946,4,chill,1
57,125812,1,0.868,0.675,9,-8.283,1,0.076,0.0389,0.0,0.153,0.522,104.015,4,sad,1
56,264587,0,0.371,0.412,5,-9.156,1,0.046,0.572,0.0,0.108,0.381,179.651,4,pop-film,1
50,78095,1,0.728,0.862,9,-8.207,1,0.0443,0.324,0.00438,0.122,0.403,126.006,4,emo,1
45,239374,0,0.531,0.787,0,-5.24,1,0.0452,0.548,1.41e-05,0.0813,0.693,88.943,4,indian,0
60,83076,0,0.841,0.441,0,-6.416,1,0.0547,0.87,0.0,0.149,0.457,104.075,4,sad,1
82,126345,1,0.763,0.726,1,-6.405,1,0.282,0.259,0.0,0.0976,0.349,139.059,4,emo,1
51,157777,0,0.725,0.462,3,-11.786,1,0.0413,0.231,0.019,0.0775,0.704,107.986,4,indian,1
74,199407,0,0.4,0.366,6,-8.598,1,0.0342,0.87,0.00163,0.102,0.508,80.568,4,pop,1
65,302026,0,0.705,0.744,4,-5.416,0,0.0341,0.582,0.0,0.2,0.706,115.959,4,indian,1
46,301889,0,0.693,0.896,7,-4.114,1,0.0682,0.31,0.0,0.195,0.854,126.995,4,indian,0
47,238087,0,0.436,0.425,7,-6.098,1,0.0433,0.82,0.0,0.297,0.518,187.634,4,sertanejo,0
62,245810,0,0.734,0.848,1,-4.433,1,0.102,0.000913,0.000247,0.256,0.37,112.021,4,k-pop,1
69,192786,0,0.65,0.914,0,-3.106,0,0.0485,0.112,0.0,0.0731,0.725,98.984,4,k-pop,1
45,169496,0,0.445,0.82,8,-7.538,1,0.0407,0.0508,0.84,0.198,0.438,102.826,4,anime,0
62,160736,0,0.653,0.362,5,-8.699,1,0.0472,0.165,0.000131,0.11,0.268,129.854,4,chill,1
53,256105,0,0.532,0.661,11,-4.924,1,0.0268,0.366,0.0,0.354,0.446,86.983,4,anime,1
57,269003,0,0.586,0.833,9,-3.046,1,0.069,0.469,0.0,0.312,0.593,87.892,4,indian,1
61,140156,1,0.774,0.668,1,-6.79,1,0.316,0.137,0.0,0.424,0.507,140.099,4,sad,1
49,202666,1,0.876,0.455,2,-9.575,1,0.11,0.347,0.0,0.187,0.479,135.006,4,sad,0
66,245140,0,0.738,0.868,1,-3.363,1,0.0702,0.000907,0.000209,0.275,0.377,111.991,4,k-pop,1
67,230082,0,0.441,0.61,9,-5.182,0,0.0404,0.238,0.0,0.101,0.348,79.736,4,pop,1
61,320000,0,0.705,0.678,4,-8.644,0,0.0415,0.0483,7.01e-05,0.496,0.691,120.042,4,pop-film,1
36,214066,0,0.48,0.792,7,-6.443,1,0.0411,0.00238,0.0,0.169,0.465,114.605,4,grunge,0
53,107832,1,0.758,0.58,11,-13.134,0,0.082,0.116,0.0,0.108,0.731,142.994,4,sad,1
0,180566,0,0.683,0.534,4,-10.348,1,0.189,0.519,0.247,0.148,0.284,150.469,4,pop,0
67,233986,0,0.328,0.939,2,-1.654,0,0.0423,4.93e-05,0.0065,0.337,0.329,185.971,4,grunge,1
40,312438,0,0.5,0.848,5,-7.455,1,0.0519,0.165,2.23e-05,0.11,0.67,149.973,4,emo,0
53,168653,1,0.529,0.885,11,-3.854,1,0.109,0.0096,0.0,0.2,0.609,93.943,4,sad,1
43,188275,1,0.708,0.278,9,-9.354,1,0.035,0.636,1.1e-06,0.115,0.321,87.023,4,chill,0
42,158360,0,0.539,0.481,1,-11.066,0,0.0262,0.832,0.0,0.0565,0.235,84.998,4,indian,0
53,185305,0,0.705,0.637,10,-7.367,1,0.084,0.126,0.0308,0.233,0.819,127.656,4,indian,1
66,308158,0,0.533,0.436,5,-7.521,0,0.0276,0.234,3.17e-06,0.46,0.371,146.868,3,pop,1
46,153756,0,0.741,0.682,0,-6.028,1,0.0587,0.471,0.0,0.381,0.691,149.981,4,sertanejo,0
55,113803,1,0.694,0.529,1,-7.753,0,0.0849,0.495,0.0,0.104,0.376,84.51,4,emo,1
57,128039,1,0.88,0.798,2,-4.536,1,0.236,0.545,3.29e-05,0.107,0.692,150.023,4,emo,1
55,115600,0,0.387,0.914,9,-10.101,1,0.0862,2.7e-06,0.0,0.258,0.556,154.455,4,grunge,1
42,174839,1,0.785,0.815,10,-4.806,0,0.233,0.112,8.26e-06,0.112,0.359,140.01,4,anime,0
57,340106,0,0.304,0.637,6,-5.922,1,0.0334,0.00749,6.44e-05,0.216,0.174,140.498,4,grunge,1
52,205944,0,0.577,0.893,7,-3.268,1,0.146,0.0213,0.0,0.079,0.808,185.858,4,sertanejo,1
63,105293,0,0.663,0.166,9,-13.851,0,0.213,0.95,0.00904,0.114,0.732,125.613,4,sad,1
1,242096,0,0.586,0.616,5,-7.964,1,0.0324,0.182,0.0,0.0927,0.719,148.088,4,pop,0
70,194418,0,0.735,0.839,10,-4.263,0,0.0381,0.129,0.0,0.41,0.609,100.017,4,pop,1
65,246136,0,0.442,0.412,10,-10.675,1,0.0377,0.781,0.0237,0.15,0.235,176.019,4,pop,1
54,243800,0,0.537,0.67,11,-7.043,1,0.0284,0.0584,0.0,0.153,0.437,78.648,4,grunge,1
66,179228,0,0.677,0.682,3,-6.518,0,0.137,0.00392,0.0,0.181,0.646,89.81,4,pop,1
50,188560,1,0.754,0.517,11,-7.598,1,0.0368,0.587,0.0,0.0971,0.299,120.061,4,emo,1
43,180013,0,0.36,0.247,0,-9.415,1,0.0396,0.838,0.00454,0.104,0.279,77.225,4,indian,0
1,310346,0,0.416,0.954,7,-3.157,0,0.0467,0.0021,0.0,0.177,0.498,144.724,4,grunge,0
57,363658,0,0.575,0.477,11,-10.89,0,0.0524,0.578,4.12e-06,0.1,0.523,82.066,4,pop-film,1
64,245629,0,0.876,0.834,7,-4.653,1,0.137,0.164,0.00021,0.108,0.788,103.012,4,pop,1
45,276680,0,0.315,0.391,7,-8.259,1,0.0329,0.307,0.0,0.623,0.502,70.867,5,sertanejo,0
0,269186,0,0.773,0.82,0,-5.897,0,0.115,0.394,0.0,0.0739,0.555,92.996,4,pop,0
53,173333,0,0.725,0.431,3,-8.765,0,0.135,0.731,0.0,0.696,0.348,144.004,4,sad,1
63,345240,0,0.781,0.766,7,-8.728,1,0.0564,0.122,0.000104,0.121,0.798,106.193,4,pop-film,1
26,258600,0,0.63,0.864,7,-5.426,1,0.123,0.000417,0.364,0.0552,0.553,81.004,4,grunge,0
82,179172,1,0.918,0.585,7,-7.781,1,0.0889,0.0627,0.0,0.624,0.519,131.966,4,pop,1
44,246183,0,0.365,0.183,5,-16.458,0,0.0849,0.978,1.17e-05,0.375,0.129,117.608,3,chill,0
59,218644,0,0.683,0.737,0,-5.66,1,0.0502,0.125,0.0105,0.103,0.919,117.996,4,indian,1
49,139440,1,0.562,0.633,9,-6.099,0,0.341,0.0255,1.93e-06,0.0886,0.45,159.367,4,emo,0
64,240784,0,0.604,0.72,5,-7.276,1,0.0603,0.571,1.18e-05,0.12,0.528,130.995,4,pop-film,1
3,213869,0,0.653,0.667,10,-6.764,0,0.0423,0.154,0.0,0.107,0.556,104.181,4,pop,0
51,331466,0,0.417,0.562,2,-6.563,1,0.0327,0.0555,0.0,0.103,0.411,173.868,4,anime,1
51,177620,0,0.598,0.464,10,-11.27,0,0.0713,0.16,0.0,0.0978,0.264,113.815,4,sad,1
66,310680,0,0.455,0.952,1,-6.382,0,0.0787,0.0232,5.65e-05,0.0662,0.332,90.365,4,anime,1
60,141049,0,0.781,0.373,11,-10.866,1,0.0791,0.202,0.0346,0.142,0.301,125.978,4,chill,1
49,229634,0,0.606,0.272,9,-11.798,1,0.105,0.95,1.66e-06,0.106,0.443,118.665,3,sertanejo,0
66,185000,0,0.519,0.726,11,-2.874,1,0.0446,0.518,0.0,0.116,0.453,171.97,4,k-pop,1
77,142258,0,0.789,0.536,9,-5.422,0,0.0424,0.604,2.09e-06,0.088,0.877,124.029,4,k-pop,1
44,182787,0,0.434,0.626,4,-6.087,1,0.0317,0.239,0.0,0.795,0.516,99.845,4,sertanejo,0
60,303906,0,0.434,0.327,0,-10.72,1,0.0312,0.609,1.78e-06,0.686,0.295,119.506,4,grunge,1
49,125986,0,0.431,0.9,11,-8.631,1,0.0537,0.0035,0.822,0.383,0.45,155.075,4,anime,0
37,245681,0,0.592,0.859,7,-5.066,1,0.0634,0.0377,3.54e-05,0.102,0.659,109.98,4,emo,0
38,320000,0,0.207,0.0581,0,-13.939,1,0.0423,0.756,0.799,0.0794,0.0427,118.231,1,anime,0
52,252293,0,0.62,0.532,2,-7.297,1,0.023,0.0392,0.0245,0.112,0.369,143.993,4,grunge,1
58,48422,1,0.746,0.338,11,-13.472,0,0.109,0.674,0.000375,0.529,0.469,120.053,4,emo,1
38,228839,0,0.595,0.853,0,-4.701,1,0.0531,0.00114,0.00115,0.658,0.709,155.994,4,emo,0
45,162325,0,0.563,0.364,6,-11.777,1,0.053,0.835,0.0,0.0817,0.906,79.758,4,sertanejo,0
53,190946,0,0.67,0.711,9,-7.786,1,0.0563,0.536,0.00149,0.242,0.509,163.998,4,chill,1
47,184117,0,0.42,0.666,3,-9.957,1,0.077,0.818,0.123,0.377,0.653,99.91,4,indian,0
45,276386,0,0.593,0.864,6,-3.348,0,0.084,0.188,0.0,0.333,0.726,145.944,4,sertanejo,0
49,106743,0,0.368,0.281,6,-16.335,1,0.0508,0.0208,0.917,0.0814,0.775,87.387,4,anime,0
61,237558,0,0.675,0.692,8,-6.353,1,0.0963,0.29,0.0,0.178,0.514,109.971,4,k-pop,1
68,290360,0,0.779,0.854,9,-4.958,1,0.219,0.0462,0.0,0.21,0.379,91.992,4,pop,1
51,179761,0,0.484,0.698,2,-4.245,1,0.0299,0.677,0.0,0.435,0.74,105.917,4,sertanejo,1
61,233152,0,0.495,0.951,6,-1.642,0,0.0696,0.00195,0.0,0.252,0.748,159.866,4,anime,1
51,402328,0,0.383,0.819,1,-6.233,1,0.0755,7.47e-05,0.00012,0.162,0.36,119.109,4,grunge,1
56,152169,0,0.357,0.281,9,-12.809,0,0.0312,0.994,0.844,0.273,0.214,107.51,4,emo,1
67,152727,0,0.824,0.589,4,-4.961,0,0.39,0.257,0.0,0.254,0.565,88.027,4,pop,1
48,276609,0,0.498,0.494,1,-10.941,1,0.042,0.749,0.0174,0.0822,0.598,84.456,4,k-pop,0
45,217706,0,0.542,0.81,7,-2.019,1,0.0356,0.143,0.0,0.719,0.462,81.619,4,sertanejo,0
65,215202,0,0.584,0.698,4,-6.61,0,0.0376,0.447,0.0,0.0699,0.436,79.993,4,pop-film,1
52,182880,0,0.617,0.824,9,-5.684,1,0.0625,0.692,0.0,0.868,0.738,160.006,4,sertanejo,1
66,264805,0,0.559,0.541,10,-5.525,1,0.0313,0.34,4.66e-06,0.102,0.309,83.978,4,pop,1
58,141437,0,0.764,0.419,4,-13.796,0,0.207,0.525,2.24e-06,0.368,0.342,124.028,4,sad,1
67,225273,0,0.718,0.58,2,-5.149,0,0.028,0.602,0.0,0.196,0.31,97.979,4,pop,1
49,218277,1,0.592,0.498,8,-9.724,1,0.0429,0.168,0.0,0.106,0.158,159.906,4,sad,0
51,211388,0,0.517,0.474,2,-5.043,1,0.0408,0.783,0.0,0.174,0.693,99.419,3,sertanejo,1
52,250124,0,0.59,0.908,8,-4.137,0,0.0475,0.392,3.12e-06,0.257,0.784,87.989,4,k-pop,1
36,144932,0,0.464,0.984,4,-5.194,1,0.118,0.000875,0.0,0.982,0.595,89.201,4,emo,0
34,235173,0,0.516,0.924,7,-4.573,1,0.0398,0.000241,5.25e-06,0.209,0.488,75.019,4,emo,0
70,334173,0,0.537,0.628,10,-5.342,0,0.029,0.148,0.0,0.0355,0.514,97.87,4,pop-film,1
63,166032,1,0.446,0.407,5,-3.056,1,0.031,0.718,0.0,0.0732,0.141,81.041,4,emo,1
56,318293,0,0.361,0.716,9,-8.219,0,0.0399,0.765,0.00362,0.308,0.648,156.6,3,k-pop,1
51,166415,0,0.665,0.645,7,-6.056,1,0.0673,0.144,0.0,0.165,0.254,106.016,4,chill,1
67,233613,1,0.741,0.845,5,-3.568,0,0.0381,0.15,0.0,0.174,0.926,129.939,4,emo,1
56,274440,0,0.274,0.387,5,-10.206,1,0.0304,0.499,0.000345,0.108,0.15,96.018,4,grunge,1
47,198000,1,0.776,0.67,8,-9.604,1,0.144,0.133,0.0,0.376,0.37,137.921,4,anime,0
48,226160,0,0.586,0.79,6,-3.568,0,0.0363,0.197,0.0,0.438,0.523,136.949,4,sertanejo,0
42,297597,0,0.141,0.357,10,-11.102,0,0.0313,0.0942,0.927,0.107,0.038,79.973,4,anime,0
57,235000,0,0.425,0.837,11,-10.096,1,0.0318,2.04e-06,0.366,0.108,0.441,128.13,4,grunge,1
1,191506,0,0.736,0.569,8,-3.559,0,0.0779,0.144,5.27e-05,0.112,0.433,171.973,4,pop,0
59,168000,0,0.65,0.737,9,-5.018,0,0.0402,0.194,5.09e-06,0.0949,0.376,130.015,4,emo,1
49,129113,1,0.604,0.556,4,-9.566,0,0.0481,0.0853,0.0,0.144,0.293,158.141,4,sad,0
57,139285,0,0.476,0.549,4,-10.426,1,0.395,0.81,0.000226,0.141,0.167,182.104,4,chill,1
59,316360,0,0.452,0.608,4,-13.429,1,0.245,0.357,1.64e-05,0.118,0.676,92.996,4,pop-film,1
59,312157,0,0.557,0.821,1,-7.794,0,0.0573,0.0189,0.0,0.0863,0.184,170.022,4,pop-film,1
66,382973,0,0.63,0.63,4,-7.525,1,0.0364,0.295,1.26e-05,0.0934,0.517,107.103,4,pop,1
49,129113,1,0.604,0.556,4,-9.566,0,0.0481,0.0853,0.0,0.144,0.293,158.141,4,emo,0
43,163252,0,0.572,0.655,9,-5.176,1,0.0919,0.655,0.0,0.295,0.633,84.056,4,sertanejo,0
62,307000,0,0.527,0.447,6,-12.014,1,0.0311,0.243,0.0,0.255,0.536,94.051,4,k-pop,1
60,162726,0,0.543,0.206,6,-18.037,1,0.0319,0.94,0.453,0.385,0.13,113.107,3,chill,1
46,148691,0,0.58,0.903,0,-2.115,1,0.088,0.224,0.0,0.484,0.938,171.827,4,sertanejo,0
44,116000,0,0.703,0.277,4,-16.988,0,0.087,0.953,0.229,0.387,0.575,119.979,4,anime,0
50,150566,0,0.702,0.677,1,-6.944,1,0.241,0.0475,0.0,0.166,0.737,105.923,4,pop-film,1
60,139384,0,0.576,0.405,10,-15.585,0,0.0433,0.779,0.93,0.0972,0.133,130.057,4,chill,1
78,211666,0,0.628,0.698,6,-5.608,0,0.105,0.0472,0.00143,0.0907,0.732,89.976,4,pop,1
44,203133,0,0.498,0.983,1,-3.495,1,0.115,0.00402,0.0,0.0817,0.319,105.535,4,emo,0
54,374877,0,0.548,0.75,0,-7.372,1,0.04,0.565,0.000499,0.138,0.442,112.063,4,indian,1
43,295392,0,0.844,0.523,11,-10.636,0,0.173,0.263,0.0,0.214,0.951,142.495,3,indian,0
59,220500,0,0.614,0.657,9,-3.979,1,0.0255,0.614,0.0,0.157,0.619,92.048,4,sad,1
53,185126,0,0.294,0.128,10,-21.35,1,0.0351,0.941,0.000174,0.0793,0.317,179.444,4,indian,1
51,299573,0,0.602,0.559,10,-6.203,0,0.0426,0.615,0.0,0.131,0.44,122.017,4,indian,1
0,169756,0,0.601,0.713,4,-3.758,0,0.0449,0.0282,0.0,0.158,0.464,122.872,4,pop,0
49,177853,0,0.486,0.936,1,-2.957,1,0.0546,0.00227,3.34e-05,0.168,0.551,101.993,4,anime,0
62,187457,0,0.735,0.74,0,-3.837,0,0.0519,0.0967,0.0,0.101,0.541,141.948,4,k-pop,1
63,110943,0,0.832,0.181,11,-20.989,1,0.0603,0.835,0.0304,0.117,0.213,106.032,4,chill,1
58,385226,0,0.712,0.439,5,-11.056,1,0.0332,0.49,0.000179,0.0873,0.491,120.016,4,k-pop,1
1,242495,0,0.315,0.418,7,-9.146,1,0.0299,0.131,0.000679,0.0836,0.237,129.116,4,pop,0
55,150167,0,0.837,0.36,2,-8.864,1,0.0516,0.773,0.174,0.132,0.457,89.529,4,chill,1
69,238530,0,0.782,0.827,11,-4.219,0,0.0627,0.159,0.0,0.226,0.498,104.032,4,pop,1
51,150680,1,0.653,0.757,9,-7.083,1,0.0489,0.014,5.36e-06,0.138,0.539,90.007,4,emo,1
47,218386,0,0.448,0.933,7,-4.082,0,0.0421,0.000417,0.000454,0.219,0.505,75.991,4,grunge,0
45,112299,0,0.242,0.49,9,-11.905,0,0.0641,0.756,0.784,0.0719,0.275,38.281,4,anime,0
64,152922,0,0.79,0.531,8,-8.065,1,0.147,0.193,0.0,0.13,0.627,104.512,4,chill,1
0,244826,0,0.694,0.816,3,-3.949,0,0.191,0.0217,2.92e-06,0.167,0.798,128.009,4,pop,0
57,192026,0,0.387,0.95,1,-3.747,1,0.0475,0.00193,0.0,0.0689,0.541,191.006,4,anime,1
48,202605,0,0.756,0.392,6,-10.191,0,0.0446,0.262,1.83e-06,0.126,0.0658,125.022,4,chill,0
60,235666,0,0.695,0.39,7,-5.439,1,0.0342,0.117,0.0,0.104,0.455,123.985,3,chill,1
52,87733,0,0.229,0.327,7,-14.188,1,0.0432,0.707,0.0014,0.0654,0.122,146.384,4,k-pop,1
63,175821,0,0.602,0.513,1,-7.953,0,0.0287,0.563,0.0,0.161,0.6,96.96,4,pop-film,1
43,143661,0,0.906,0.376,2,-10.93,1,0.078,0.138,0.000315,0.102,0.762,142.069,4,indian,0
45,276600,0,0.174,0.288,2,-8.649,1,0.0388,0.876,4.01e-06,0.0918,0.289,78.793,4,anime,0
59,296092,0,0.641,0.475,11,-15.918,0,0.0413,0.385,0.0646,0.0771,0.0399,106.938,4,indian,1
53,138707,1,0.719,0.621,0,-4.259,0,0.194,0.358,0.0,0.144,0.834,151.929,4,sad,1
48,380053,1,0.458,0.684,4,-5.664,0,0.0335,0.506,0.0,0.0947,0.198,92.648,4,grunge,0
47,163446,1,0.632,0.623,10,-6.613,1,0.0549,0.233,0.0,0.17,0.435,179.964,4,sad,0
66,205626,1,0.504,0.957,0,-2.657,1,0.0529,0.00298,0.0,0.187,0.676,135.013,4,grunge,1
70,178133,0,0.472,0.8,0,-3.681,1,0.265,0.289,0.0,0.149,0.548,72.203,4,k-pop,1
58,286466,0,0.493,0.175,10,-18.049,0,0.036,0.949,0.777,0.112,0.278,106.903,4,anime,1
55,177153,0,0.423,0.638,7,-8.435,1,0.057,0.717,0.832,0.102,0.143,150.159,4,anime,1
63,205773,0,0.474,0.229,10,-9.47,1,0.0329,0.858,0.0,0.11,0.289,118.827,4,chill,1
74,231400,0,0.553,0.853,8,-3.668,1,0.0339,0.000684,0.0,0.126,0.506,122.023,4,grunge,1
72,160851,0,0.708,0.672,6,-7.493,0,0.0582,0.322,0.0,0.135,0.399,93.886,4,pop,1
51,191480,0,0.624,0.826,3,-4.312,1,0.0394,0.333,0.0,0.328,0.541,112.896,4,sertanejo,1
70,230292,0,0.721,0.628,10,-5.546,1,0.0409,0.61,0.0,0.108,0.514,81.008,4,pop,1
53,175072,0,0.707,0.626,10,-8.112,1,0.0439,0.137,0.0,0.17,0.708,146.008,4,sad,1
65,147485,0,0.363,0.691,11,-6.549,0,0.0978,0.0305,0.000298,0.124,0.22,90.49,3,anime,1
34,208280,0,0.401,0.953,11,-3.354,0,0.065,5.99e-05,0.000791,0.319,0.644,122.863,4,emo,0
71,170000,0,0.42,0.746,8,-10.628,1,0.0467,0.0141,0.0,0.0661,0.229,111.886,4,grunge,1
51,255520,0,0.422,0.67,4,-6.137,1,0.0586,0.0709,0.0,0.0944,0.551,170.19,4,anime,1
40,237631,0,0.507,0.566,2,-5.125,1,0.029,0.806,0.0,0.102,0.605,76.012,4,emo,0
56,248226,0,0.393,0.78,7,-4.771,1,0.0317,0.00966,1.37e-05,0.105,0.204,141.772,4,grunge,1
47,225584,0,0.588,0.108,2,-17.225,1,0.0817,0.874,4.98e-06,0.12,0.198,77.519,4,sad,0
68,223257,0,0.866,0.438,7,-8.943,1,0.0719,0.177,0.0,0.0743,0.695,129.039,4,chill,1
65,251000,0,0.55,0.246,0,-12.503,0,0.03,0.834,0.00279,0.0977,0.218,119.836,3,pop-film,1
53,267213,0,0.456,0.893,5,-2.825,0,0.0813,0.00321,0.0,0.121,0.478,127.884,4,anime,1
50,269813,0,0.264,0.889,8,-3.494,1,0.0589,9.8e-06,0.0396,0.0857,0.492,118.977,4,anime,1
66,326983,0,0.402,0.723,6,-5.26,1,0.0579,0.0663,2e-06,0.233,0.224,160.047,4,grunge,1
45,179267,0,0.507,0.828,7,-5.604,1,0.0932,0.288,0.0,0.937,0.777,167.924,4,sertanejo,0
41,121867,0,0.644,0.637,7,-7.922,1,0.0898,0.382,0.0,0.141,0.216,81.479,4,sad,0
62,288360,0,0.47,0.521,6,-11.142,0,0.0391,0.579,3.39e-06,0.112,0.329,142.268,3,pop-film,1
49,183737,0,0.698,0.666,10,-4.511,1,0.033,0.575,0.0,0.0902,0.714,114.872,4,sertanejo,0
44,176128,0,0.608,0.428,4,-11.056,1,0.0325,0.82,0.00448,0.102,0.333,94.038,4,indian,0
56,144000,0,0.703,0.284,8,-12.47,1,0.0787,0.885,0.000997,0.111,0.0979,91.824,4,chill,1
56,331572,0,0.739,0.664,2,-10.582,1,0.0338,0.539,1.14e-06,0.0856,0.878,106.021,4,indian,1
73,189286,0,0.82,0.842,7,-3.853,1,0.272,0.157,0.0,0.112,0.653,107.952,4,k-pop,1
83,171743,0,0.656,0.436,8,-11.141,1,0.0744,0.845,0.0,0.221,0.196,109.239,4,chill,1
57,178866,0,0.502,0.831,2,-3.723,1,0.295,0.105,1.3e-06,0.174,0.451,199.972,3,grunge,1
86,168601,1,0.695,0.54,4,-5.692,1,0.0493,0.299,0.0,0.367,0.415,121.932,4,pop,1
63,121920,1,0.659,0.423,2,-8.433,1,0.0379,0.0144,0.0,0.135,0.0364,112.223,4,emo,1
56,340662,0,0.605,0.586,4,-6.662,0,0.0292,0.905,2.3e-05,0.0911,0.294,99.968,4,pop-film,1
62,308000,0,0.544,0.678,4,-5.195,1,0.0357,0.429,0.0,0.193,0.249,143.956,4,pop-film,1
13,228119,0,0.469,0.911,5,-3.136,1,0.0643,0.000606,2.2e-05,0.138,0.424,132.066,4,grunge,0
57,173508,0,0.149,0.938,9,-4.245,1,0.154,1.24e-05,0.824,0.0584,0.601,170.056,4,grunge,1
1,232128,0,0.595,0.459,11,-9.413,1,0.0461,0.571,0.000165,0.101,0.272,129.661,4,pop,0
58,131000,0,0.798,0.0841,11,-12.673,1,0.209,0.487,0.8,0.239,0.506,160.038,4,chill,1
73,238680,0,0.289,0.796,0,-4.22,1,0.0494,0.00837,2.61e-05,0.202,0.33,169.835,4,emo,1
70,199174,0,0.559,0.632,5,-7.58,0,0.0608,0.413,0.0,0.118,0.699,90.097,4,pop,1
57,390560,0,0.627,0.838,2,-8.168,1,0.0406,0.22,8.99e-06,0.122,0.728,138.856,4,pop-film,1
42,106484,0,0.456,0.469,2,-7.838,0,0.0339,0.143,0.936,0.212,0.106,120.045,4,anime,0
44,103705,0,0.76,0.366,5,-8.91,1,0.0479,0.837,0.907,0.0945,0.317,84.998,4,anime,0
42,145375,0,0.582,0.73,6,-7.22,0,0.421,0.115,0.0,0.123,0.441,175.073,4,sad,0
41,187187,1,0.678,0.727,5,-6.534,0,0.0646,0.232,6.74e-05,0.107,0.453,143.003,4,sad,0
46,206226,1,0.385,0.98,8,-2.764,0,0.0683,0.00021,0.0034,0.369,0.61,165.932,4,emo,0
46,148779,0,0.599,0.767,2,-3.557,1,0.0457,0.375,0.0,0.371,0.52,123.011,4,sertanejo,0
56,289012,0,0.558,0.506,1,-6.761,0,0.0236,0.704,3.05e-06,0.0896,0.358,90.001,4,pop-film,1
29,165849,0,0.652,0.347,0,-11.901,0,0.0304,0.79,1.57e-05,0.119,0.109,105.981,4,anime,0
61,235973,0,0.666,0.439,4,-11.383,1,0.027,0.287,0.00417,0.121,0.417,87.997,4,pop-film,1
50,151347,0,0.779,0.554,2,-8.247,1,0.0667,0.0608,0.0,0.0942,0.299,90.016,4,emo,1
3,263400,0,0.598,0.448,8,-6.312,1,0.0232,0.162,0.0,0.106,0.168,95.009,3,pop,0
39,231428,0,0.561,0.404,0,-10.193,1,0.0324,0.735,0.0186,0.164,0.52,139.774,4,pop-film,0
42,296560,0,0.484,0.727,0,-6.107,1,0.0358,0.198,0.00204,0.107,0.216,120.066,4,grunge,0
34,176430,1,0.574,0.862,11,-6.733,1,0.486,0.0213,0.0,0.11,0.567,177.814,4,emo,0
70,336960,0,0.631,0.644,10,-10.81,0,0.0348,0.341,0.000411,0.0877,0.861,103.376,4,anime,1
51,228728,0,0.674,0.723,9,-5.6,1,0.0567,0.0379,0.0,0.114,0.557,121.948,4,anime,1
53,302040,0,0.575,0.795,2,-6.149,1,0.0357,0.0787,2.62e-05,0.086,0.149,105.015,4,grunge,1
45,129586,0,0.411,0.244,7,-13.5,1,0.0324,0.0366,0.00227,0.108,0.0309,71.999,3,anime,0
67,270375,0,0.692,0.624,9,-6.492,0,0.0337,0.368,0.0,0.108,0.487,132.896,4,pop,1
47,240517,0,0.67,0.964,4,-4.958,0,0.138,0.33,0.00227,0.142,0.487,115.959,4,indian,0
42,180937,0,0.556,0.284,10,-13.33,1,0.0465,0.87,0.00824,0.116,0.198,119.782,4,indian,0
48,216560,0,0.617,0.653,5,-7.368,1,0.0312,0.44,0.0,0.888,0.307,140.023,4,sertanejo,0
68,177694,0,0.817,0.715,9,-5.13,1,0.0484,0.183,0.0,0.214,0.398,100.002,4,pop,1
63,269032,0,0.495,0.654,3,-6.639,0,0.0679,0.713,0.0,0.165,0.35,123.896,4,indian,1
36,240000,0,0.721,0.486,1,-12.614,1,0.0482,0.0426,0.0,0.0624,0.595,132.068,4,anime,0
43,303167,0,0.544,0.413,11,-8.606,1,0.159,0.961,0.908,0.115,0.438,126.142,3,chill,0
47,253600,0,0.561,0.487,5,-13.121,0,0.0736,0.523,0.0,0.0802,0.524,147.468,4,sertanejo,0
64,264854,0,0.616,0.75,2,-4.629,1,0.0594,0.172,0.0,0.137,0.434,128.051,4,pop-film,1
52,157333,0,0.492,0.969,9,-4.419,1,0.0492,0.00144,1.36e-06,0.0789,0.538,95.137,4,grunge,1
54,222226,0,0.527,0.922,4,-2.637,1,0.0414,0.0645,9.05e-05,0.314,0.915,175.032,4,anime,1
67,193106,0,0.578,0.897,0,-3.906,1,0.0357,0.000666,0.0,0.0924,0.737,115.491,4,grunge,1
62,301586,0,0.693,0.956,1,-5.012,0,0.071,0.289,0.0,0.294,0.665,90.005,4,pop-film,1
56,139311,0,0.735,0.58,1,-6.478,1,0.341,0.0372,0.0,0.153,0.253,139.065,4,emo,1
34,230120,0,0.645,0.41,10,-7.796,1,0.0344,0.764,0.0,0.151,0.517,95.016,4,emo,0
43,194000,0,0.594,0.567,0,-9.957,0,0.0384,0.139,4.9e-06,0.134,0.185,134.932,4,k-pop,0
45,1345998,0,0.582,0.572,10,-7.739,1,0.0353,0.606,0.0,0.0905,0.812,156.966,3,k-pop,0
47,191440,0,0.483,0.913,6,-4.305,1,0.0425,0.000391,0.0,0.309,0.279,103.108,4,grunge,0
40,219376,1,0.788,0.743,6,-5.067,1,0.4,0.0911,0.0,0.117,0.741,174.047,4,emo,0
68,247941,0,0.487,0.456,8,-7.144,1,0.0319,0.789,1.79e-06,0.141,0.348,136.088,4,indian,1
26,255233,0,0.488,0.926,0,-5.622,1,0.0891,0.00373,0.000305,0.364,0.76,94.743,4,grunge,0
58,116881,0,0.758,0.206,7,-16.333,1,0.112,0.922,0.00518,0.177,0.389,115.008,4,sad,1
48,238160,0,0.441,0.867,4,-5.878,0,0.0426,0.0306,0.0,0.0747,0.416,150.095,4,grunge,0
54,126316,0,0.78,0.438,8,-9.318,1,0.132,0.175,0.0,0.163,0.795,176.189,4,sad,1
66,104783,0,0.814,0.0987,7,-22.009,1,0.038,0.702,0.872,0.114,0.872,109.975,5,sad,1
52,130882,0,0.283,0.806,9,-6.017,0,0.0555,0.00442,0.243,0.283,0.261,67.651,4,anime,1
1,184390,0,0.692,0.883,7,-4.698,1,0.0582,0.0512,0.0,0.228,0.614,122.984,4,pop,0
46,323468,0,0.705,0.978,9,-2.422,1,0.124,0.404,0.0,0.362,0.882,178.083,4,sertanejo,0
44,238538,0,0.713,0.75,1,-3.242,1,0.0325,0.0773,0.0,0.386,0.739,130.059,4,sertanejo,0
62,291015,0,0.681,0.515,7,-11.644,1,0.0745,0.638,1.32e-06,0.175,0.757,141.035,3,pop-film,1
56,317266,0,0.344,0.9,10,-5.997,1,0.158,0.000229,0.000965,0.316,0.251,180.059,4,anime,1
70,303586,0,0.504,0.354,4,-11.3,1,0.0339,0.29,4.71e-06,0.157,0.292,140.87,4,grunge,1
73,298986,0,0.662,0.4,2,-11.2,1,0.0548,0.735,1.65e-05,0.0863,0.617,79.972,4,pop,1
49,218320,0,0.798,0.87,0,-6.217,1,0.0334,0.304,0.109,0.0549,0.961,91.254,4,sertanejo,0
0,217200,0,0.359,0.573,9,-6.054,1,0.0326,0.665,0.000178,0.136,0.562,73.368,4,grunge,0
70,201773,0,0.726,0.829,6,-3.876,0,0.111,0.146,0.0,0.0916,0.95,149.994,4,k-pop,1
49,187000,0,0.583,0.705,1,-11.583,1,0.507,0.135,0.0,0.148,0.696,165.362,4,anime,0
68,195093,0,0.597,0.496,5,-9.441,1,0.077,0.0839,0.0,0.117,0.319,160.05,4,chill,1
39,173615,1,0.784,0.326,11,-9.043,1,0.229,0.832,0.000627,0.0723,0.283,146.006,4,sad,0
31,169010,0,0.717,0.463,11,-8.387,1,0.0316,0.838,0.0,0.112,0.232,124.939,4,sad,0
53,292761,0,0.726,0.74,11,-7.133,0,0.144,0.0617,0.0192,0.351,0.914,138.979,4,anime,1
47,215000,0,0.377,0.474,7,-9.904,1,0.0275,0.0259,0.0,0.0886,0.573,188.119,4,sertanejo,0
46,208960,0,0.58,0.702,4,-5.565,1,0.0337,0.0466,3.2e-06,0.536,0.299,105.076,4,grunge,0
53,167072,0,0.642,0.367,4,-9.992,1,0.0297,0.791,5.31e-05,0.0845,0.516,102.002,4,chill,1
45,203266,0,0.421,0.978,6,-4.004,0,0.302,0.0037,0.0,0.111,0.359,196.921,4,grunge,0
54,181666,0,0.476,0.907,7,-3.938,1,0.0593,3.98e-05,4.32e-06,0.353,0.303,96.515,4,grunge,1
67,252160,0,0.659,0.665,8,-8.181,0,0.0266,0.456,0.000486,0.0898,0.692,93.012,4,pop-film,1
45,220928,0,0.435,0.662,5,-3.979,0,0.0584,0.377,0.0,0.251,0.413,101.811,4,sertanejo,0
24,283066,0,0.59,0.709,6,-6.75,0,0.0283,0.0501,0.0,0.206,0.486,110.807,3,grunge,0
64,228615,0,0.635,0.79,2,-4.897,1,0.0336,0.404,0.0,0.0919,0.577,104.936,4,k-pop,1
69,280161,0,0.659,0.774,7,-7.014,1,0.0372,0.606,0.000333,0.185,0.883,82.995,4,pop,1
4,146426,0,0.757,0.571,7,-4.547,0,0.0906,0.264,8.97e-06,0.313,0.538,159.933,4,pop,0
83,168437,0,0.863,0.62,7,-7.167,1,0.135,0.0508,0.00324,0.129,0.432,103.971,4,k-pop,1
47,243066,0,0.691,0.935,2,-2.791,1,0.431,0.284,0.0,0.132,0.71,118.694,4,k-pop,0
55,76453,0,0.504,0.415,8,-19.308,0,0.121,0.879,0.494,0.35,0.626,114.263,4,grunge,1
45,188000,0,0.711,0.33,9,-12.348,0,0.0293,0.797,0.00242,0.125,0.463,98.988,4,indian,0
27,253786,0,0.515,0.981,5,-3.855,1,0.0532,0.00101,0.0,0.077,0.611,145.97,4,grunge,0
46,188470,0,0.585,0.567,6,-8.084,1,0.0489,0.53,0.000151,0.0908,0.334,170.003,4,sad,0
46,388362,0,0.624,0.535,0,-10.531,1,0.0376,0.642,5.31e-06,0.114,0.577,114.867,4,indian,0
27,199908,0,0.482,0.926,11,-3.866,0,0.0565,1.61e-05,0.00377,0.0636,0.44,141.964,4,grunge,0
39,249469,0,0.811,0.808,4,-7.112,0,0.3,0.31,0.0,0.632,0.838,92.011,4,anime,0
45,57853,0,0.305,0.893,5,-9.621,0,0.048,0.000746,0.914,0.366,0.173,120.226,4,anime,0
51,294720,0,0.249,0.914,2,-3.434,1,0.0599,0.0113,9.55e-06,0.318,0.209,150.052,4,grunge,1
62,61120,0,0.576,0.274,9,-13.531,0,0.0327,0.455,0.0,0.0842,0.404,85.969,4,pop-film,1
62,321613,0,0.499,0.683,6,-6.373,0,0.0334,0.703,0.00161,0.0749,0.295,134.95,4,pop-film,1
68,332711,0,0.638,0.631,4,-6.993,0,0.0353,0.624,0.0144,0.074,0.46,119.973,4,pop,1
50,145669,0,0.642,0.251,1,-13.259,1,0.0633,0.943,0.0013,0.265,0.111,127.024,4,chill,1
50,254653,0,0.786,0.659,2,-7.447,0,0.0289,0.433,0.00109,0.0997,0.951,135.449,4,k-pop,1
52,194218,0,0.475,0.855,6,-3.036,0,0.307,0.31,0.0,0.921,0.623,165.129,4,sertanejo,1
73,176973,0,0.778,0.8,2,-3.529,1,0.227,0.254,0.0,0.139,0.585,137.997,4,k-pop,1
54,91000,0,0.651,0.0816,5,-23.961,1,0.0643,0.987,0.86,0.219,0.293,72.025,4,anime,1
44,326293,0,0.751,0.291,9,-12.096,0,0.0455,0.703,0.0,0.116,0.646,98.444,3,k-pop,0
85,199053,0,0.746,0.765,6,-4.41,0,0.0993,0.0112,0.0,0.0936,0.737,114.044,4,pop,1
9,279923,0,0.71,0.149,7,-19.431,0,0.185,0.972,0.911,0.321,0.542,142.002,4,sad,0
58,260507,0,0.507,0.752,2,-4.337,1,0.19,0.52,0.0,0.258,0.953,124.96,4,pop-film,1
46,212690,0,0.404,0.962,6,-2.234,1,0.133,0.0457,3.15e-06,0.904,0.314,154.99,4,anime,0
66,174039,0,0.299,0.447,3,-7.862,0,0.0383,0.858,0.000314,0.097,0.321,121.723,4,pop,1
61,181818,0,0.32,0.373,2,-11.963,0,0.0432,0.563,0.931,0.318,0.0669,66.011,4,chill,1
59,201658,0,0.604,0.687,0,-5.13,0,0.0327,0.757,0.234,0.0718,0.504,119.992,4,k-pop,1
13,946552,0,0.364,0.194,10,-14.938,1,0.0431,0.936,0.0,0.0626,0.184,79.237,3,k-pop,0
52,378313,0,0.447,0.866,6,-5.588,1,0.0775,1.07e-05,3.87e-06,0.185,0.285,86.469,4,grunge,1
47,203289,0,0.561,0.744,4,-6.403,1,0.0408,0.581,0.0,0.821,0.638,152.076,4,sertanejo,0
61,222133,0,0.715,0.864,11,-5.013,0,0.0751,0.0188,0.0,0.719,0.57,122.016,4,pop-film,1
32,317840,0,0.467,0.569,1,-5.958,0,0.0283,0.0388,0.0348,0.0975,0.049,134.945,3,grunge,0
69,248946,0,0.45,0.983,5,-2.246,1,0.282,0.0186,0.0,0.265,0.314,179.041,4,anime,1
56,221147,0,0.708,0.59,4,-7.848,1,0.0374,0.3,0.0,0.359,0.874,140.031,4,emo,1
62,137957,0,0.582,0.891,1,-4.709,1,0.0947,0.538,0.0,0.378,0.661,155.907,3,sertanejo,1
0,193143,0,0.887,0.388,8,-14.505,1,0.349,0.739,0.143,0.106,0.205,120.035,4,pop,0
67,158294,0,0.716,0.77,3,-4.071,0,0.158,0.144,0.0,0.0211,0.924,170.045,4,pop,1
45,256000,0,0.476,0.481,6,-9.441,0,0.0302,0.733,0.123,0.0504,0.152,130.031,4,indian,0
52,247306,0,0.42,0.964,5,-3.35,1,0.0902,0.015,0.0,0.207,0.584,170.019,4,anime,1
37,133746,0,0.744,0.695,1,-7.847,0,0.234,0.476,6.07e-05,0.113,0.266,139.956,4,emo,0
58,302533,0,0.557,0.933,6,-3.7,0,0.035,2.14e-05,8.66e-06,0.117,0.435,110.946,4,grunge,1
64,325172,0,0.508,0.761,8,-5.118,0,0.0422,0.0933,2e-06,0.268,0.339,100.011,4,pop-film,1
50,136997,1,0.891,0.434,3,-11.964,0,0.131,0.459,2.21e-06,0.0857,0.543,115.014,4,sad,1
60,114285,1,0.543,0.61,9,-7.646,1,0.0646,0.205,0.0,0.133,0.101,177.999,4,sad,1
66,212853,0,0.768,0.826,5,-4.904,1,0.0335,0.00199,0.000374,0.031,0.926,114.997,4,emo,1
52,146666,0,0.733,0.402,9,-8.774,1,0.0337,0.707,0.0,0.111,0.15,108.005,4,sad,1
45,248570,0,0.654,0.722,7,-2.334,1,0.0349,0.0969,0.0,0.522,0.714,130.598,3,sertanejo,0
44,194245,0,0.667,0.193,4,-17.939,1,0.0316,0.867,0.000222,0.108,0.307,90.77,4,indian,0
41,260440,0,0.419,0.899,11,-3.405,1,0.0499,0.00403,0.0,0.114,0.465,149.009,4,emo,0
56,217226,0,0.292,0.906,8,-4.073,1,0.0605,0.000256,0.000743,0.231,0.348,179.004,4,anime,1
44,217331,0,0.564,0.576,6,-10.057,1,0.0349,0.26,0.0,0.13,0.377,90.013,4,indian,0
55,248613,0,0.701,0.906,1,-6.251,0,0.152,0.245,5.62e-05,0.0299,0.759,157.841,4,indian,1
44,179200,1,0.747,0.892,6,-3.963,0,0.243,0.346,2.01e-06,0.0781,0.57,149.905,4,anime,0
0,256133,0,0.559,0.487,6,-9.349,1,0.0266,0.0333,0.0826,0.129,0.145,149.959,4,grunge,0
40,177013,1,0.425,0.814,2,-5.186,1,0.0478,0.00142,0.0,0.125,0.283,151.921,4,emo,0
50,173362,0,0.752,0.342,6,-14.416,0,0.0956,0.881,0.00153,0.0885,0.309,99.987,4,sad,1
61,106020,1,0.803,0.789,10,-3.434,0,0.0383,0.0304,0.0,0.378,0.647,119.999,4,emo,1
52,158446,0,0.792,0.718,1,-4.619,1,0.044,0.39,7.5e-05,0.301,0.545,103.049,4,indian,1
68,148556,0,0.475,0.0989,10,-9.55,1,0.0474,0.853,0.0,0.271,0.3,133.713,4,chill,1
0,175238,1,0.561,0.965,7,-3.673,0,0.0343,0.00383,7.07e-06,0.371,0.304,128.04,4,pop,0
35,255893,0,0.457,0.893,6,-1.926,1,0.0567,5.01e-05,0.000195,0.336,0.614,155.062,4,anime,0
76,167922,0,0.689,0.771,5,-3.618,1,0.0548,0.00776,0.0,0.521,0.482,157.052,4,k-pop,1
65,317739,0,0.875,0.539,3,-8.364,0,0.0367,0.0586,0.0047,0.116,0.305,115.004,4,k-pop,1
56,254999,0,0.77,0.834,0,-3.375,0,0.0428,0.61,1.28e-06,0.0844,0.628,100.997,4,pop-film,1
60,232966,0,0.813,0.876,1,-2.92,0,0.0922,0.024,0.0,0.287,0.757,98.989,4,k-pop,1
48,187653,0,0.495,0.536,6,-7.157,1,0.0316,0.705,0.0,0.953,0.696,150.081,4,sertanejo,0
48,292546,0,0.71,0.519,1,-9.507,1,0.0348,0.709,0.000397,0.074,0.81,149.982,1,k-pop,0
47,185149,0,0.668,0.682,9,-7.999,1,0.0419,0.00143,0.00469,0.467,0.565,139.998,4,indian,0
56,120293,0,0.58,0.903,4,-4.909,1,0.142,0.0291,0.0,0.072,0.218,81.036,4,grunge,1
0,183066,0,0.623,0.668,6,-7.282,0,0.0531,0.475,0.0,0.0862,0.823,161.948,4,pop,0
57,116476,0,0.489,0.687,7,-7.762,1,0.0333,0.14,0.731,0.131,0.187,77.093,4,anime,1
53,184866,0,0.524,0.94,9,-3.994,1,0.111,0.000217,0.0,0.623,0.664,150.184,4,grunge,1
56,220013,0,0.404,0.726,11,-2.926,1,0.028,0.0501,0.0,0.214,0.408,168.878,4,emo,1
44,186985,0,0.56,0.152,9,-16.463,1,0.0537,0.269,0.000108,0.155,0.293,156.168,4,indian,0
45,432746,0,0.772,0.633,6,-9.397,0,0.0688,0.0197,0.000563,0.153,0.614,124.611,4,k-pop,0
58,175000,0,0.73,0.705,5,-4.358,0,0.0328,0.286,0.0,0.113,0.655,139.924,4,pop-film,1
51,171205,0,0.501,0.315,4,-12.914,1,0.0508,0.872,0.81,0.219,0.216,84.859,4,chill,1
44,244426,0,0.794,0.592,2,-11.053,0,0.0427,0.202,0.00859,0.101,0.913,99.973,4,k-pop,0
69,197795,0,0.689,0.692,3,-4.388,0,0.0354,0.113,0.0,0.134,0.902,116.024,4,anime,1
67,304088,0,0.647,0.792,2,-9.815,1,0.0373,0.00536,5.82e-05,0.054,0.306,132.032,4,pop-film,1
59,115662,0,0.75,0.618,1,-4.633,0,0.0761,0.0273,0.149,0.102,0.548,83.004,4,sad,1
36,226173,0,0.549,0.947,4,-3.598,0,0.152,0.000337,0.0,0.252,0.592,97.484,4,anime,0
45,187562,0,0.642,0.786,9,-3.557,1,0.0791,0.285,0.0,0.697,0.862,155.082,4,sertanejo,0
64,228106,0,0.508,0.832,11,-4.395,1,0.032,0.000372,0.0,0.0859,0.404,136.004,4,grunge,1
45,163879,0,0.385,0.67,9,-4.308,0,0.0413,0.717,0.0,0.458,0.541,142.039,4,sertanejo,0
43,307514,0,0.535,0.538,5,-9.643,0,0.0532,0.237,4.08e-06,0.0803,0.69,91.641,4,k-pop,0
43,197378,0,0.608,0.593,0,-4.689,1,0.0323,0.72,0.0,0.115,0.533,95.76,3,sertanejo,0
82,217866,0,0.498,0.59,1,-4.721,0,0.032,0.511,0.0,0.107,0.0784,145.867,4,pop,1
57,260000,0,0.645,0.674,4,-10.094,0,0.0348,0.408,2.22e-06,0.0963,0.503,140.003,4,pop-film,1
76,170344,0,0.813,0.415,0,-5.926,1,0.0349,0.777,0.0,0.131,0.667,91.921,4,pop,1
55,151400,0,0.159,0.197,9,-15.228,0,0.0312,0.505,0.94,0.127,0.125,85.869,3,anime,1
51,162080,1,0.703,0.469,1,-12.51,1,0.0724,0.0803,1.68e-06,0.137,0.762,77.012,4,chill,1
48,338152,0,0.434,0.532,1,-8.945,0,0.0363,0.807,0.00137,0.0767,0.25,84.895,4,indian,0
47,191893,0,0.541,0.64,11,-9.203,0,0.0494,0.624,0.0,0.49,0.639,93.049,4,sertanejo,0
56,265810,0,0.53,0.557,7,-6.373,1,0.031,0.648,0.00029,0.123,0.359,86.983,4,indian,1
44,318546,0,0.622,0.748,1,-7.73,1,0.0437,0.161,0.0,0.1,0.725,128.844,4,k-pop,0
45,149656,0,0.488,0.92,2,-3.43,1,0.111,0.171,0.0,0.871,0.435,164.003,4,sertanejo,0
57,305038,0,0.532,0.396,5,-9.633,1,0.0273,0.677,4.09e-05,0.0798,0.143,105.052,4,pop-film,1
0,238106,0,0.286,0.929,11,-8.494,0,0.091,0.00231,0.00074,0.0946,0.127,99.762,4,emo,0
58,158540,1,0.745,0.612,5,-5.86,0,0.0816,0.0856,0.0,0.088,0.461,151.998,4,emo,1
43,192029,0,0.742,0.771,2,-6.276,1,0.048,0.495,2.33e-06,0.285,0.821,111.966,4,sertanejo,0
47,188544,0,0.555,0.689,7,-6.42,1,0.0293,0.515,1.89e-05,0.441,0.513,166.04,4,sertanejo,0
71,108695,0,0.613,0.339,5,-14.908,0,0.135,0.678,0.0,0.166,0.292,106.582,5,emo,1
75,180956,0,0.813,0.787,11,-4.254,1,0.0777,0.0452,0.000107,0.0506,0.326,130.018,4,pop,1
49,179555,1,0.766,0.488,0,-7.161,0,0.0455,0.097,0.0,0.0971,0.176,135.071,4,sad,0
45,144000,0,0.569,0.207,8,-18.596,1,0.0436,0.881,0.941,0.108,0.36,79.978,4,chill,0
43,186257,0,0.598,0.628,0,-3.406,1,0.0457,0.805,0.0,0.594,0.599,114.847,3,sertanejo,0
42,365624,0,0.375,0.559,10,-8.896,1,0.0523,0.367,0.0,0.0923,0.408,159.93,3,indian,0
43,258750,0,0.632,0.821,3,-4.51,1,0.0697,0.528,0.0,0.293,0.44,127.994,4,indian,0
52,393219,0,0.611,0.512,11,-12.533,0,0.0361,0.3,0.000851,0.219,0.263,99.987,1,indian,1
65,240169,0,0.627,0.779,4,-4.944,0,0.0392,0.214,9.34e-06,0.112,0.619,149.929,4,pop,1
66,174002,0,0.886,0.579,0,-7.231,1,0.209,0.236,4.23e-06,0.0586,0.427,105.028,4,pop,1
49,289333,0,0.476,0.788,9,-4.821,0,0.0446,0.237,2.49e-05,0.106,0.746,90.066,4,indian,0
56,318666,0,0.473,0.845,2,-5.13,0,0.0455,0.0105,2.87e-05,0.13,0.223,121.963,3,anime,1
59,228266,0,0.56,0.952,1,-2.579,0,0.162,0.135,0.0,0.162,0.689,89.872,4,anime,1
0,173947,1,0.905,0.563,8,-6.135,1,0.102,0.0254,9.71e-06,0.113,0.324,106.998,4,k-pop,0
59,306626,0,0.642,0.562,9,-9.304,0,0.0607,0.584,0.0,0.104,0.671,149.82,4,pop-film,1
50,194815,0,0.611,0.626,0,-6.175,1,0.0529,0.644,0.0,0.449,0.468,153.942,4,sertanejo,1
52,196250,0,0.663,0.351,5,-12.064,0,0.39,0.406,0.0,0.147,0.477,118.505,4,sad,1
43,286720,0,0.343,0.508,2,-9.742,1,0.0341,0.191,0.000377,0.278,0.304,78.126,4,indian,0
62,190348,0,0.668,0.427,9,-8.74,1,0.0271,0.492,1.44e-05,0.201,0.604,87.031,4,chill,1
67,155573,1,0.589,0.665,0,-7.105,1,0.044,0.0545,0.0,0.221,0.298,74.978,4,emo,1
68,199653,0,0.739,0.841,5,-4.162,1,0.06,0.0312,0.0,0.173,0.562,106.99,4,k-pop,1
33,162262,0,0.71,0.86,2,-8.416,1,0.454,0.342,0.0,0.0355,0.781,98.045,4,anime,0
49,219543,0,0.594,0.743,4,-2.564,1,0.0303,0.467,0.0,0.597,0.714,120.0,4,sertanejo,0
65,115099,1,0.831,0.368,10,-15.12,0,0.216,0.0281,0.374,0.113,0.348,104.985,4,sad,1
33,178026,0,0.373,0.968,2,-4.236,1,0.0425,0.000535,0.0,0.304,0.681,133.928,4,emo,0
51,170880,0,0.75,0.401,0,-9.105,1,0.305,0.326,0.177,0.269,0.23,139.695,4,sad,1
55,191440,1,0.679,0.853,0,-5.289,0,0.0659,0.195,0.0,0.132,0.767,76.064,4,emo,1
61,171680,0,0.614,0.513,10,-5.442,1,0.0291,0.482,0.0,0.114,0.336,86.005,4,k-pop,1
59,274201,0,0.434,0.378,8,-8.7,1,0.029,0.766,0.000136,0.115,0.291,92.982,4,pop-film,1
74,188041,1,0.789,0.509,6,-8.629,0,0.277,0.525,7.55e-06,0.0936,0.61,75.009,4,sad,1
51,186947,0,0.699,0.866,11,-3.842,0,0.187,0.0398,1.77e-06,0.0505,0.569,95.063,4,indian,1
0,214706,0,0.392,0.579,7,-9.195,1,0.164,0.835,0.00179,0.145,0.549,80.961,4,pop,0
65,232513,0,0.493,0.404,6,-11.628,0,0.0394,0.75,0.0,0.366,0.82,179.992,3,pop,1
56,292826,0,0.871,0.363,0,-6.691,0,0.033,0.0301,0.0609,0.11,0.454,105.034,4,k-pop,1
61,287323,0,0.389,0.148,3,-11.011,1,0.03,0.897,0.0,0.114,0.4,142.611,4,indian,1
69,227191,0,0.655,0.756,8,-4.388,1,0.07,0.0298,0.0,0.396,0.469,121.936,4,k-pop,1
68,221168,1,0.362,0.432,2,-9.359,0,0.112,0.0882,0.0,0.264,0.256,81.29,4,chill,1
58,340066,0,0.706,0.735,6,-7.564,1,0.0322,0.37,0.0165,0.107,0.827,119.969,4,k-pop,1
59,157779,0,0.769,0.395,2,-7.71,1,0.0287,0.285,0.0,0.0776,0.558,81.485,4,chill,1
35,162323,0,0.368,0.681,10,-6.282,0,0.0591,0.424,0.0,0.145,0.205,107.801,4,chill,0
46,262143,0,0.769,0.718,0,-5.809,1,0.0241,0.234,0.0,0.168,0.725,105.015,4,sertanejo,0
51,240171,0,0.473,0.542,7,-6.859,1,0.0503,0.565,0.0,0.506,0.19,76.633,3,sertanejo,1
69,226212,0,0.367,0.668,2,-4.484,0,0.052,0.336,0.0,0.147,0.384,104.961,4,k-pop,1
67,272973,0,0.599,0.543,0,-9.226,1,0.0302,0.0129,0.00204,0.291,0.624,91.105,4,grunge,1
52,151651,0,0.386,0.486,2,-11.295,1,0.0492,0.0484,0.0,0.0918,0.247,102.955,4,indian,1
8,281380,0,0.412,0.236,4,-15.159,0,0.0379,0.83,0.00653,0.147,0.119,140.214,4,pop,0
45,207653,0,0.509,0.678,9,-5.25,1,0.0319,0.239,0.0,0.38,0.505,152.171,4,sertanejo,0
67,260133,0,0.527,0.495,10,-7.783,0,0.0353,0.587,0.0,0.127,0.474,122.826,4,pop-film,1
72,217822,1,0.635,0.902,0,-3.559,1,0.109,0.172,0.0,0.125,0.285,102.062,4,emo,1
52,171119,0,0.494,0.712,2,-6.605,0,0.0346,0.195,0.00028,0.108,0.386,156.059,4,k-pop,1
54,134786,0,0.329,0.258,1,-16.147,0,0.0615,0.943,0.934,0.105,0.0338,95.328,5,anime,1
42,252507,0,0.515,0.797,5,-4.7,0,0.0343,0.55,0.0,0.314,0.692,159.948,4,k-pop,0
34,198478,1,0.743,0.593,11,-8.458,0,0.204,0.0255,1.09e-06,0.102,0.155,158.051,4,emo,0
57,225391,0,0.776,0.477,1,-10.049,1,0.0308,0.592,0.000184,0.105,0.774,115.008,4,indian,1
49,257142,0,0.537,0.829,2,-6.831,1,0.0318,0.0268,0.00715,0.124,0.0383,140.047,4,indian,0
68,106501,0,0.625,0.165,4,-14.581,1,0.0354,0.835,1.11e-06,0.105,0.419,94.744,4,pop,1
32,216960,0,0.748,0.408,10,-10.864,1,0.278,0.355,0.000501,0.643,0.336,125.015,4,sad,0
66,289560,0,0.511,0.767,2,-5.699,1,0.0524,0.651,0.0,0.153,0.463,79.923,4,indian,1
73,206773,0,0.305,0.833,6,-7.981,1,0.0398,0.000327,2.36e-05,0.091,0.586,100.675,4,grunge,1
62,231384,0,0.492,0.931,9,-3.837,0,0.297,0.00244,0.0,0.353,0.444,166.071,4,k-pop,1
56,156733,1,0.812,0.634,10,-8.31,1,0.136,0.45,3.42e-06,0.128,0.609,98.015,4,emo,1
82,210960,0,0.646,0.795,9,-3.293,1,0.0976,0.0319,0.0,0.267,0.796,89.99,4,pop,1
66,195338,0,0.625,0.835,11,-3.32,0,0.325,0.211,0.000191,0.0897,0.547,183.826,4,pop,1
43,182666,0,0.495,0.472,9,-11.292,1,0.0309,0.434,0.0,0.62,0.485,107.176,3,sertanejo,0
62,237140,0,0.558,0.733,8,-6.65,1,0.0693,0.0334,0.00193,0.193,0.173,89.992,4,chill,1
59,213205,0,0.71,0.661,1,-7.904,1,0.0461,0.65,6.53e-06,0.0947,0.654,135.005,4,chill,1
65,330400,0,0.658,0.407,4,-12.007,1,0.0364,0.727,1.26e-06,0.139,0.137,80.164,4,pop,1
63,178923,0,0.732,0.555,1,-7.902,0,0.034,0.00522,4.65e-06,0.0586,0.65,124.011,4,k-pop,1
58,247506,0,0.674,0.87,6,-3.607,0,0.0865,0.241,0.0,0.0875,0.86,119.99,4,anime,1
44,197927,1,0.762,0.545,1,-10.262,1,0.348,0.152,0.0,0.352,0.248,129.887,4,anime,0
0,206959,0,0.342,0.991,2,-2.836,1,0.125,2.44e-05,0.049,0.404,0.242,176.359,4,grunge,0
55,215803,0,0.703,0.636,4,-5.737,0,0.307,0.026,0.0,0.0355,0.648,136.949,4,emo,1
46,170920,0,0.689,0.883,2,-4.369,1,0.0905,0.363,0.0,0.48,0.593,135.827,4,sertanejo,0
47,205513,0,0.699,0.815,0,-4.282,1,0.0584,0.0217,0.0,0.0466,0.737,127.985,4,indian,0
49,198545,0,0.446,0.64,5,-4.191,0,0.032,0.128,0.0,0.0758,0.182,110.076,4,grunge,0
60,118571,0,0.587,0.638,8,-4.177,0,0.313,0.14,0.0,0.0964,0.76,168.153,4,sad,1
39,187931,0,0.522,0.128,4,-18.717,1,0.0357,0.894,0.026,0.0941,0.124,109.986,4,sad,0
52,146400,0,0.611,0.311,0,-12.199,1,0.0382,0.904,0.00409,0.111,0.194,100.092,4,chill,1
63,87353,0,0.753,0.24,10,-12.095,1,0.0458,0.903,0.000451,0.109,0.183,77.993,4,sad,1
64,215217,0,0.778,0.474,9,-10.109,1,0.08,0.528,0.0,0.104,0.219,91.969,4,pop,1
72,200218,0,0.815,0.761,4,-7.162,0,0.144,0.192,0.0,0.0272,0.82,121.999,4,pop-film,1
48,158816,0,0.524,0.931,1,-2.583,1,0.234,0.207,0.0,0.369,0.603,159.894,4,sertanejo,0
51,182024,0,0.621,0.617,11,-10.234,1,0.374,0.0336,5.67e-06,0.116,0.514,87.404,4,anime,1
57,139833,0,0.829,0.391,1,-21.041,1,0.29,0.282,0.816,0.0653,0.629,129.989,4,sad,1
53,176526,0,0.633,0.739,5,-6.03,1,0.111,0.226,0.0,0.94,0.737,131.683,4,sertanejo,1
54,108213,1,0.703,0.612,0,-4.513,1,0.272,0.145,0.0,0.0938,0.184,159.896,4,emo,1
58,281160,0,0.256,0.641,1,-10.283,1,0.0552,0.199,0.0329,0.0853,0.382,203.006,4,grunge,1
61,152500,0,0.636,0.427,7,-7.908,0,0.0253,0.698,0.0,0.111,0.618,83.538,4,emo,1
55,191906,0,0.434,0.763,0,-4.123,1,0.0327,0.0283,0.0,0.153,0.249,138.941,4,grunge,1
71,196906,0,0.579,0.849,4,-5.218,0,0.0303,0.108,0.0,0.0909,0.581,100.021,4,grunge,1
25,217520,1,0.439,0.998,2,-1.854,0,0.249,3.58e-05,0.000203,0.218,0.0382,131.059,4,grunge,0
35,174198,1,0.753,0.613,9,-7.947,1,0.129,0.0701,0.0,0.279,0.632,87.585,4,emo,0
33,251440,0,0.467,0.486,5,-10.832,1,0.035,0.347,1.43e-05,0.105,0.232,142.297,4,anime,0
60,325363,0,0.742,0.867,5,-7.697,1,0.0361,0.134,4.98e-06,0.153,0.757,129.987,4,pop-film,1
60,418466,0,0.31,0.637,3,-8.595,0,0.037,0.215,0.116,0.0619,0.426,147.4,4,grunge,1
71,142511,0,0.717,0.471,9,-7.971,1,0.0348,0.792,1.24e-06,0.327,0.426,110.026,4,pop-film,1
65,253906,0,0.683,0.766,5,-8.733,0,0.041,0.554,0.00346,0.0815,0.568,119.19,4,grunge,1
50,190270,0,0.877,0.396,10,-9.015,1,0.0559,0.331,0.0,0.0871,0.518,111.057,4,indian,1
33,181476,0,0.616,0.841,2,-5.028,0,0.327,0.444,0.0,0.122,0.672,79.55,4,anime,0
59,499383,0,0.622,0.876,6,-5.952,0,0.12,0.232,0.0,0.144,0.796,110.019,4,pop-film,1
58,184826,0,0.598,0.236,9,-9.733,1,0.0363,0.845,0.0,0.109,0.413,149.839,4,indian,1
3,60126,0,0.409,0.231,1,-10.846,0,0.0332,0.976,1.25e-06,0.192,0.674,129.81,3,pop-film,0
46,160682,0,0.657,0.89,1,-4.731,1,0.0489,0.238,0.0,0.151,0.841,162.062,4,sertanejo,0
57,133972,0,0.548,0.548,0,-9.017,1,0.104,0.462,0.0,0.132,0.366,146.271,4,sad,1
53,232906,0,0.498,0.879,1,-4.3,1,0.057,0.0216,0.0,0.112,0.64,90.495,4,anime,1
60,130588,0,0.473,0.792,0,-3.171,1,0.0421,0.000103,0.0495,0.154,0.587,169.975,4,emo,1
54,255413,0,0.795,0.832,5,-3.215,0,0.0676,0.294,0.0,0.343,0.773,131.986,4,k-pop,1
57,142092,1,0.657,0.821,0,-5.655,1,0.232,0.686,0.0,0.0736,0.823,169.897,4,chill,1
75,211578,0,0.676,0.696,9,-6.68,1,0.0452,0.666,0.0,0.0931,0.606,94.945,4,pop,1
57,132800,0,0.663,0.236,10,-15.844,0,0.0507,0.892,0.302,0.0788,0.236,74.97,4,sad,1
1,136058,0,0.803,0.75,11,-4.67,1,0.0551,0.0233,3.87e-05,0.045,0.628,106.0,4,chill,0
57,194168,0,0.667,0.647,10,-9.173,1,0.0381,0.524,0.0,0.0613,0.962,179.895,4,sertanejo,1
51,212963,0,0.382,0.54,4,-8.768,1,0.0289,0.908,0.651,0.0915,0.0948,139.693,3,chill,1
50,286533,0,0.453,0.718,2,-4.224,1,0.0663,0.114,0.0,0.879,0.321,173.694,4,sertanejo,1
13,293403,0,0.492,0.416,0,-11.569,1,0.393,0.925,0.856,0.15,0.468,67.202,3,chill,0
60,319480,0,0.677,0.533,0,-9.741,1,0.0343,0.157,5.92e-05,0.121,0.398,119.954,4,pop-film,1
52,318876,0,0.374,0.474,7,-10.08,1,0.0534,0.328,0.00283,0.338,0.144,115.134,4,indian,1
27,200586,1,0.427,0.984,5,-3.054,0,0.116,1.69e-05,0.000111,0.355,0.352,151.255,4,grunge,0
44,199333,0,0.593,0.919,4,-1.825,1,0.0494,0.235,0.0,0.865,0.379,138.034,4,sertanejo,0
77,132226,1,0.798,0.528,11,-8.908,1,0.042,0.293,1e-06,0.0727,0.728,149.995,4,emo,1
51,105600,0,0.507,0.446,0,-9.497,1,0.107,0.157,0.00825,0.119,0.154,149.994,4,chill,1
44,199633,0,0.68,0.214,3,-18.048,0,0.0913,0.516,6.2e-05,0.372,0.0999,119.997,4,indian,0
37,296093,0,0.467,0.683,0,-6.072,1,0.0277,0.0146,0.00101,0.179,0.133,130.014,4,grunge,0
61,159149,1,0.645,0.708,5,-6.005,0,0.0382,0.00909,0.000356,0.115,0.282,80.503,4,sad,1
11,385860,0,0.282,0.181,0,-13.767,1,0.034,0.734,0.0635,0.0737,0.0522,79.987,4,anime,0
62,310706,0,0.692,0.709,2,-10.778,1,0.0502,0.154,1.46e-06,0.167,0.714,102.999,4,pop-film,1
44,281354,0,0.368,0.546,10,-5.29,1,0.0426,0.722,0.0,0.385,0.424,201.438,4,sertanejo,0
66,268164,0,0.577,0.574,0,-6.525,1,0.0278,0.572,0.0,0.1,0.436,94.009,4,indian,1
36,188400,0,0.39,0.682,2,-7.31,1,0.119,0.38,0.000256,0.147,0.0942,150.025,4,pop-film,0
67,154650,0,0.648,0.607,11,-6.399,1,0.0577,0.3,0.0,0.163,0.356,154.901,4,chill,1
64,118650,0,0.871,0.426,8,-12.469,0,0.142,0.487,0.0545,0.102,0.296,131.081,4,chill,1
60,145119,1,0.752,0.906,4,-4.426,0,0.113,0.106,0.0157,0.167,0.53,107.529,4,sad,1
52,143500,0,0.732,0.677,10,-4.964,1,0.0418,0.176,0.0,0.116,0.57,150.067,4,sad,1
48,286229,0,0.533,0.596,7,-4.88,1,0.0275,0.684,0.0,0.573,0.372,142.476,4,sertanejo,0
54,318066,0,0.633,0.543,2,-9.142,1,0.0296,0.0798,0.00671,0.0964,0.118,129.089,4,grunge,1
57,295466,0,0.749,0.774,7,-9.928,1,0.0847,0.101,0.0,0.0881,0.729,96.007,4,pop-film,1
51,188370,0,0.68,0.831,0,-4.154,0,0.0376,0.308,0.0,0.742,0.493,110.059,4,sertanejo,1
57,123870,0,0.682,0.141,2,-19.345,0,0.0616,0.801,0.886,0.112,0.109,93.099,4,anime,1
47,260510,0,0.605,0.678,0,-3.257,1,0.0311,0.642,0.0,0.157,0.439,125.059,4,sertanejo,0
52,240440,0,0.596,0.882,2,-5.279,1,0.0296,2.58e-05,0.457,0.0421,0.109,119.999,4,chill,1
54,155715,0,0.662,0.206,11,-14.994,0,0.0473,0.95,0.797,0.102,0.278,123.934,4,chill,1
29,213133,0,0.475,0.883,2,-5.265,1,0.0594,0.0133,0.0,0.196,0.687,179.902,4,grunge,0
63,330546,0,0.582,0.812,7,-6.147,1,0.0418,0.166,0.00162,0.0407,0.7,86.051,4,pop-film,1
39,234126,0,0.673,0.333,0,-9.737,1,0.0342,0.798,1.61e-05,0.106,0.365,129.957,1,pop-film,0
64,117495,0,0.698,0.193,1,-15.01,1,0.0902,0.914,0.937,0.0882,0.607,84.03,4,chill,1
50,208868,0,0.643,0.905,10,-3.732,0,0.0587,0.34,3.5e-06,0.342,0.606,104.267,4,sertanejo,1
59,180211,0,0.533,0.831,5,-3.696,1,0.0609,0.00804,0.0,0.0975,0.741,96.091,4,emo,1
48,320917,0,0.519,0.706,10,-8.06,1,0.196,0.591,0.0,0.366,0.717,93.143,4,sertanejo,0
49,225875,0,0.653,0.401,5,-12.029,1,0.0279,0.893,0.143,0.109,0.311,129.988,4,indian,0
52,77583,1,0.645,0.324,2,-12.177,1,0.0759,0.443,0.14,0.127,0.32,164.095,4,sad,1
63,152595,1,0.705,0.419,2,-12.746,1,0.0891,0.0143,0.0393,0.645,0.303,126.522,4,sad,1
64,202135,0,0.662,0.688,0,-9.019,1,0.0413,0.0422,0.000918,0.431,0.365,102.95,4,pop,1
60,141049,0,0.781,0.373,11,-10.866,1,0.0791,0.202,0.0346,0.142,0.301,125.978,4,sad,1
69,213333,0,0.745,0.826,6,-4.339,0,0.0866,0.357,0.0,0.302,0.674,90.149,4,pop,1
60,328880,0,0.797,0.306,11,-14.176,0,0.0487,0.337,0.0,0.169,0.519,124.003,4,pop-film,1
66,304373,1,0.395,0.756,7,-4.12,1,0.0544,1.74e-05,0.00665,0.319,0.475,112.092,4,grunge,1
55,173230,0,0.486,0.361,0,-7.682,0,0.21,0.135,0.0,0.0989,0.5,196.78,3,chill,1
0,200672,1,0.83,0.583,0,-2.052,1,0.0412,0.0563,0.0005,0.109,0.146,134.0,4,chill,0
32,241946,0,0.299,0.987,9,-4.573,1,0.278,0.000533,9.65e-06,0.26,0.0779,185.141,4,emo,0
41,156036,0,0.54,0.201,5,-20.203,1,0.0591,0.955,0.948,0.347,0.353,191.969,4,anime,0
44,183973,0,0.636,0.884,7,-4.743,1,0.0584,0.0142,0.0,0.253,0.446,109.16,4,grunge,0
62,230661,0,0.673,0.663,4,-10.026,1,0.0446,0.0648,1.79e-05,0.117,0.678,124.002,4,pop-film,1
49,180122,0,0.662,0.845,2,-3.063,1,0.0472,0.543,0.0,0.324,0.689,160.129,4,sertanejo,0
47,177253,0,0.581,0.582,4,-6.574,0,0.0348,0.728,6.73e-05,0.234,0.818,98.391,4,k-pop,0
67,180413,0,0.595,0.817,11,-6.187,0,0.0474,0.000712,0.0386,0.142,0.483,144.961,4,pop,1
46,128341,0,0.784,0.385,1,-12.477,1,0.0864,0.795,0.902,0.105,0.44,92.007,4,anime,0
44,166590,0,0.728,0.379,0,-10.252,1,0.0524,0.831,0.000482,0.154,0.384,132.024,3,indian,0
49,195862,0,0.485,0.468,5,-11.186,1,0.0441,0.699,0.0,0.127,0.492,173.984,4,indian,0
53,90842,1,0.622,0.259,0,-15.976,0,0.198,0.102,0.364,0.0833,0.25,177.817,4,chill,1
25,133076,0,0.559,0.337,7,-15.041,1,0.058,0.964,0.828,0.0869,0.0787,155.979,3,anime,0
0,258532,0,0.512,0.452,2,-8.991,1,0.0292,0.775,0.0818,0.065,0.235,124.103,4,pop,0
0,264892,0,0.569,0.75,11,-4.851,1,0.335,0.688,8.4e-06,0.115,0.522,155.904,4,pop-film,0
32,243753,0,0.771,0.861,10,-7.818,0,0.107,0.307,0.0,0.326,0.426,124.0,4,anime,0
43,233333,0,0.384,0.936,2,-3.776,1,0.0579,0.00037,0.238,0.157,0.474,171.828,4,grunge,0
51,207853,0,0.704,0.865,4,-5.494,1,0.0678,0.489,0.0,0.863,0.817,146.067,4,sertanejo,1
52,173923,0,0.764,0.402,2,-10.282,0,0.0519,0.332,0.0,0.109,0.508,99.972,4,sad,1
45,242178,0,0.524,0.371,9,-10.85,1,0.0329,0.888,0.0,0.112,0.376,144.033,4,indian,0
41,423613,0,0.457,0.703,6,-6.523,1,0.191,0.486,9.38e-06,0.121,0.813,167.962,4,indian,0
47,176377,0,0.592,0.57,10,-3.588,0,0.0635,0.818,0.0,0.12,0.736,79.613,4,sertanejo,0
69,249662,0,0.628,0.703,10,-4.27,0,0.0812,0.0263,0.0,0.26,0.594,99.783,4,pop,1
50,155000,0,0.751,0.258,7,-14.304,0,0.126,0.123,0.152,0.196,0.51,60.012,4,anime,1
61,228480,0,0.544,0.867,10,-5.527,1,0.0517,2.63e-05,0.0165,0.266,0.726,93.925,4,grunge,1
50,199821,0,0.617,0.67,2,-6.552,0,0.0352,0.668,0.0,0.685,0.478,112.028,3,sertanejo,1
46,171692,0,0.508,0.855,0,-3.634,1,0.18,0.517,0.0,0.0999,0.641,172.008,4,sertanejo,0
65,194477,0,0.463,0.458,9,-6.705,1,0.0422,0.776,5.47e-05,0.544,0.593,110.052,4,pop-film,1
53,177173,0,0.69,0.523,2,-3.954,1,0.0286,0.812,0.000257,0.16,0.609,100.788,4,sertanejo,1
45,95108,1,0.825,0.35,1,-14.294,1,0.27,0.176,0.727,0.313,0.45,120.065,4,sad,0
0,173947,1,0.905,0.563,8,-6.135,1,0.102,0.0254,9.71e-06,0.113,0.324,106.998,4,k-pop,0
44,166652,0,0.663,0.625,7,-4.042,1,0.0338,0.653,0.0,0.158,0.746,133.929,4,sertanejo,0
37,209079,0,0.545,0.994,0,-1.533,1,0.117,0.00036,9.32e-06,0.217,0.379,109.922,4,emo,0
50,105600,0,0.507,0.446,0,-9.497,1,0.107,0.157,0.00825,0.119,0.154,149.994,4,sad,1
53,250017,0,0.5,0.539,9,-8.127,0,0.0593,0.572,0.0,0.323,0.29,140.078,3,k-pop,1
64,264805,0,0.566,0.541,10,-5.525,1,0.0306,0.341,4.45e-06,0.102,0.31,83.939,4,pop-film,1
45,158887,0,0.468,0.223,5,-12.11,1,0.0336,0.719,0.0408,0.0598,0.401,155.97,4,anime,0
27,236213,0,0.4,0.998,0,-2.319,0,0.0997,0.000107,0.0501,0.983,0.0384,88.458,4,grunge,0
51,220344,0,0.701,0.419,4,-9.778,1,0.0698,0.841,8.72e-05,0.0946,0.61,116.076,4,indian,1
43,128104,1,0.823,0.663,7,-8.267,1,0.254,0.557,0.0,0.182,0.49,120.215,4,anime,0
55,215075,0,0.742,0.947,0,-3.749,1,0.0321,0.0906,0.0221,0.0721,0.88,130.043,4,indian,1
43,237375,1,0.865,0.497,1,-8.465,0,0.242,0.643,2.03e-06,0.111,0.547,87.031,4,emo,0
44,194899,1,0.613,0.519,0,-8.479,0,0.154,0.23,0.0,0.0996,0.27,149.261,4,emo,0
1,197995,0,0.503,0.849,5,-2.709,1,0.0615,0.00428,0.0,0.0667,0.762,165.096,4,k-pop,0
54,365672,0,0.796,0.517,1,-6.289,1,0.0257,0.613,1.28e-05,0.138,0.614,107.475,1,indian,1
33,152905,0,0.292,0.991,8,-4.86,1,0.152,8.7e-05,0.0,0.833,0.336,139.048,4,emo,0
47,225900,0,0.672,0.498,7,-9.271,0,0.0376,0.822,8.13e-05,0.121,0.223,119.895,3,k-pop,0
62,195692,0,0.735,0.576,11,-10.496,0,0.0428,0.0163,0.000155,0.102,0.847,130.018,4,chill,1
34,205435,0,0.603,0.64,0,-5.601,1,0.0318,0.258,0.0,0.349,0.699,129.988,4,pop,0
0,173947,1,0.905,0.563,8,-6.135,1,0.102,0.0254,9.71e-06,0.113,0.324,106.998,4,k-pop,0
0,169756,0,0.601,0.713,4,-3.758,0,0.0449,0.0282,0.0,0.158,0.464,122.872,4,pop,0
44,305335,0,0.658,0.621,8,-7.506,1,0.03,0.0112,0.000755,0.109,0.613,92.025,4,indian,0
78,230292,0,0.72,0.63,10,-5.549,1,0.0413,0.615,0.0,0.108,0.512,81.009,4,pop,1
1,230480,0,0.431,0.224,6,-8.683,1,0.0379,0.948,0.0,0.112,0.401,87.122,5,pop,0
54,270333,0,0.784,0.454,9,-8.925,1,0.14,0.63,0.000502,0.102,0.668,91.013,4,indian,1
43,354190,0,0.662,0.681,11,-10.138,1,0.0477,0.284,0.00148,0.0769,0.414,99.986,4,indian,0
53,276244,0,0.358,0.252,11,-9.51,1,0.0346,0.604,0.0,0.0915,0.284,145.549,4,k-pop,1
49,186458,0,0.744,0.555,5,-7.92,0,0.11,0.226,0.0,0.262,0.853,149.909,4,emo,0
41,160000,0,0.962,0.265,11,-11.224,0,0.0796,0.525,0.00884,0.106,0.32,120.017,4,chill,0
0,201573,0,0.512,0.796,1,-4.075,1,0.0645,0.00147,0.000209,0.0938,0.344,171.014,4,pop,0
44,250252,0,0.596,0.662,5,-5.158,1,0.0264,0.227,0.0,0.106,0.427,138.14,4,sertanejo,0
29,212266,1,0.509,0.85,4,-6.897,0,0.0284,0.000294,0.0,0.115,0.797,128.838,4,grunge,0
58,122758,0,0.607,0.191,10,-9.553,0,0.0309,0.962,0.926,0.109,0.113,86.994,4,chill,1
0,266383,0,0.505,0.87,9,-9.392,0,0.165,0.512,0.346,0.085,0.445,112.102,4,k-pop,0
36,184173,0,0.382,0.945,2,-2.897,1,0.067,0.000486,0.0,0.0481,0.314,154.96,4,emo,0
42,135312,0,0.485,0.245,2,-12.661,0,0.0677,0.782,1.59e-06,0.11,0.178,98.54,4,sad,0
42,199206,0,0.844,0.828,11,-5.346,0,0.12,0.56,0.0,0.128,0.834,100.035,4,anime,0
51,238243,0,0.436,0.719,11,-5.957,0,0.0852,0.271,0.0,0.132,0.709,171.858,4,indian,1
58,274133,0,0.214,0.703,7,-9.558,1,0.0487,0.00141,0.928,0.0572,0.0786,101.921,3,anime,1
58,68043,0,0.368,0.0509,11,-27.439,1,0.0333,0.959,0.866,0.14,0.446,185.343,3,anime,1
47,150000,0,0.811,0.499,7,-9.37,1,0.0589,0.255,0.00478,0.189,0.373,144.028,4,indian,0
43,179815,0,0.691,0.592,4,-13.27,0,0.0322,0.0891,0.856,0.134,0.843,135.071,4,anime,0
36,220971,0,0.55,0.694,8,-6.443,1,0.0277,0.414,1.18e-05,0.116,0.332,77.515,4,emo,0
52,154000,1,0.891,0.627,7,-5.988,1,0.143,0.0614,0.00128,0.138,0.519,159.998,4,emo,1
88,178146,1,0.563,0.664,9,-5.044,1,0.154,0.335,0.0,0.0849,0.688,166.928,4,pop,1
64,186146,0,0.453,0.911,2,-3.775,0,0.0382,0.00554,0.0,0.0627,0.218,137.011,4,grunge,1
45,270000,0,0.57,0.703,7,-5.51,1,0.0486,0.313,5.92e-06,0.0556,0.598,172.025,4,indian,0
56,134020,0,0.59,0.443,11,-11.408,1,0.0466,0.726,6.11e-06,0.387,0.198,120.025,4,sad,1
49,215996,0,0.693,0.871,11,-4.549,0,0.28,0.181,0.0,0.0893,0.612,159.995,4,anime,0
62,214851,0,0.528,0.423,8,-7.381,1,0.0264,0.678,0.00148,0.167,0.249,135.917,4,k-pop,1
73,213426,0,0.722,0.676,11,-5.885,0,0.0829,0.000835,1.2e-05,0.321,0.362,129.943,4,k-pop,1
70,232258,0,0.824,0.543,4,-8.667,0,0.209,0.101,0.0,0.178,0.548,124.018,4,pop,1
51,208731,1,0.71,0.645,4,-6.413,0,0.0396,0.427,0.000222,0.0393,0.479,119.968,4,emo,1
44,177866,0,0.646,0.756,8,-5.316,0,0.0446,0.0228,0.00638,0.14,0.503,179.998,4,k-pop,0
49,248035,1,0.633,0.865,9,-5.819,1,0.152,0.0159,0.0,0.0844,0.59,160.026,4,emo,0
0,211520,0,0.513,0.906,1,-3.673,1,0.0737,0.00272,8.42e-06,0.113,0.73,173.0,4,emo,0
48,175862,0,0.698,0.137,10,-14.391,1,0.0364,0.992,0.000775,0.12,0.309,115.979,4,indian,0
46,211853,0,0.556,0.689,0,-5.778,1,0.0373,0.62,1.67e-05,0.899,0.296,144.843,4,sertanejo,0
57,153267,0,0.689,0.751,1,-5.876,1,0.0339,0.307,0.00424,0.076,0.692,140.16,4,chill,1
58,265666,0,0.452,0.49,4,-11.685,0,0.0397,0.658,5.71e-06,0.167,0.724,123.669,4,pop-film,1
70,228567,0,0.741,0.761,8,-5.414,1,0.143,0.759,0.000607,0.126,0.912,147.047,3,pop-film,1
59,184773,0,0.534,0.922,8,-2.305,1,0.0568,0.00216,6.34e-05,0.257,0.71,98.022,4,grunge,1
41,255013,0,0.47,0.426,2,-8.187,1,0.0304,0.5,0.0,0.0747,0.264,143.95,4,anime,0
57,277337,0,0.417,0.52,3,-4.872,1,0.0324,0.19,0.0,0.0783,0.346,123.934,3,anime,1
49,209250,0,0.642,0.93,11,-4.056,0,0.106,0.228,0.0,0.418,0.559,119.978,4,sertanejo,0
47,305853,0,0.379,0.927,7,-5.533,1,0.114,0.269,0.0,0.836,0.633,96.087,4,sertanejo,0
65,232505,0,0.688,0.701,3,-7.505,1,0.0298,0.06,0.0301,0.271,0.385,110.019,4,pop,1
44,329826,0,0.784,0.786,1,-7.146,0,0.043,0.172,7.79e-06,0.0503,0.786,109.996,4,k-pop,0
60,327029,0,0.563,0.689,0,-4.294,0,0.0262,0.294,0.0,0.288,0.321,101.94,4,pop-film,1
49,193170,0,0.83,0.598,0,-6.312,1,0.0627,0.821,0.0,0.0897,0.415,122.974,4,sad,0
66,295157,0,0.484,0.788,4,-7.625,0,0.0565,0.69,0.0132,0.0939,0.741,171.973,4,indian,1
51,235128,0,0.665,0.854,0,-4.916,1,0.104,0.731,0.0,0.155,0.48,72.457,4,indian,1
35,196000,0,0.635,0.385,3,-9.99,1,0.0439,0.625,0.0,0.771,0.0995,60.042,4,sad,0
57,249798,0,0.771,0.915,5,-5.501,0,0.188,0.286,0.0,0.0983,0.659,123.877,4,pop-film,1
62,110344,0,0.769,0.612,2,-6.727,1,0.343,0.0777,0.0,0.0953,0.394,174.135,4,sad,1
77,196540,0,0.779,0.801,6,-5.564,0,0.0457,0.395,0.0,0.108,0.72,139.998,4,k-pop,1
52,162352,0,0.777,0.457,4,-6.525,1,0.0823,0.481,0.0,0.114,0.652,136.037,4,sad,1
44,149318,0,0.638,0.331,11,-12.28,0,0.032,0.957,0.867,0.103,0.208,66.005,4,anime,0
3,174321,0,0.889,0.34,11,-7.773,0,0.0697,0.218,0.13,0.055,0.716,94.009,4,pop,0
4,167760,0,0.705,0.562,8,-3.378,0,0.0674,0.257,0.0,0.137,0.569,163.893,4,pop,0
65,278808,0,0.679,0.908,11,-2.949,1,0.0379,0.0613,0.000778,0.0711,0.658,119.978,4,anime,1
50,300316,0,0.564,0.763,9,-7.544,1,0.0304,0.762,0.0,0.896,0.865,83.959,4,sertanejo,1
43,154547,0,0.587,0.489,9,-21.12,0,0.0425,0.672,0.959,0.41,0.212,77.997,4,anime,0
52,246400,0,0.694,0.502,0,-7.004,1,0.166,0.785,0.000227,0.117,0.584,75.011,4,sad,1
4,144573,0,0.712,0.539,2,-5.194,1,0.174,0.116,0.0,0.219,0.406,167.764,4,pop,0
0,219493,0,0.727,0.937,11,-2.871,0,0.286,0.00417,0.0,0.091,0.749,132.067,4,k-pop,0
74,183225,0,0.814,0.786,8,-5.178,0,0.232,0.069,0.0,0.0976,0.797,93.025,4,pop,1
45,190480,0,0.727,0.558,7,-12.475,1,0.0447,0.588,0.000376,0.0985,0.586,104.991,4,k-pop,0
50,314062,0,0.662,0.873,11,-3.927,1,0.0489,0.043,1.71e-06,0.338,0.532,89.972,4,k-pop,1
59,197040,0,0.582,0.929,8,-3.582,1,0.0668,0.00134,0.0365,0.0371,0.58,106.003,4,grunge,1
67,162772,0,0.836,0.51,1,-10.091,0,0.371,0.713,3.35e-05,0.101,0.56,151.499,3,pop,1
66,224211,0,0.767,0.867,4,-2.931,0,0.247,0.109,0.0,0.155,0.786,151.965,4,pop,1
59,250013,0,0.482,0.723,10,-10.08,0,0.0425,5.66e-05,0.000432,0.0939,0.554,117.051,4,grunge,1
69,213626,0,0.743,0.655,7,-5.228,0,0.0866,0.0391,0.0,0.118,0.164,91.004,4,pop,1
53,113502,0,0.776,0.3,1,-9.614,0,0.0641,0.845,0.0,0.168,0.719,128.817,4,sad,1
57,296760,0,0.642,0.493,0,-9.618,0,0.0325,0.163,0.000796,0.111,0.281,120.019,4,k-pop,1
57,294504,0,0.759,0.938,11,-5.387,1,0.123,0.143,3.97e-06,0.402,0.81,92.017,4,indian,1
48,224826,0,0.577,0.79,11,-7.731,0,0.0964,0.331,0.0,0.367,0.556,149.98,4,sertanejo,0
48,137160,0,0.174,0.28,5,-17.965,1,0.0425,0.737,0.535,0.184,0.113,84.597,4,anime,0
54,189293,1,0.655,0.885,7,-4.116,1,0.0438,0.00117,0.000473,0.0448,0.938,100.088,4,grunge,1
63,172381,0,0.834,0.688,9,-7.494,1,0.0653,0.175,0.0,0.174,0.876,117.949,4,pop-film,1
56,362533,0,0.697,0.464,5,-8.832,0,0.0254,0.716,0.0112,0.0457,0.382,108.994,4,pop-film,1
44,191999,0,0.6,0.464,0,-8.596,1,0.0261,0.505,0.00116,0.0644,0.407,114.927,4,k-pop,0
0,170344,0,0.813,0.415,0,-5.926,1,0.0349,0.777,0.0,0.131,0.667,91.921,4,chill,0
60,474653,0,0.613,0.696,8,-9.486,0,0.0504,0.136,0.00222,0.053,0.874,122.056,4,pop-film,1
65,57495,0,0.683,0.468,9,-10.058,0,0.0743,0.87,0.673,0.108,0.47,117.095,4,chill,1
57,253200,0,0.678,0.771,6,-2.849,1,0.0266,0.0277,0.00253,0.149,0.462,105.976,4,pop-film,1
49,252026,0,0.704,0.654,7,-6.266,1,0.0291,0.65,0.0,0.315,0.318,97.564,4,sertanejo,0
51,130040,0,0.74,0.851,11,-4.831,1,0.116,0.132,0.0,0.576,0.492,98.094,4,sertanejo,1
50,216226,0,0.575,0.902,6,-3.092,1,0.0321,0.077,0.0,0.359,0.601,130.024,4,emo,1
61,246864,0,0.404,0.89,7,-6.416,0,0.309,0.524,0.000164,0.139,0.73,74.924,4,pop-film,1
1,155906,0,0.44,0.94,11,-2.057,0,0.0706,0.0362,0.0,0.31,0.858,123.572,4,anime,0
25,327680,0,0.367,0.887,5,-6.819,0,0.066,0.0223,0.0,0.971,0.131,100.0,4,anime,0
51,176210,0,0.578,0.344,4,-13.383,1,0.0378,0.573,4.02e-05,0.667,0.108,123.937,4,sad,1
58,273146,0,0.639,0.233,4,-12.47,1,0.0345,0.868,0.0,0.151,0.607,136.772,4,pop-film,1
83,238805,0,0.761,0.525,11,-6.9,1,0.0944,0.44,6.7e-06,0.0921,0.531,80.87,4,pop,1
42,265213,0,0.57,0.839,9,-9.194,0,0.0399,5.43e-05,0.678,0.116,0.514,124.97,4,anime,0
56,273737,0,0.514,0.873,4,-7.76,0,0.139,0.172,0.0,0.482,0.583,173.03,4,indian,1
55,113803,0,0.74,0.222,4,-18.576,0,0.0586,0.468,0.918,0.0782,0.148,139.991,4,anime,1
0,183066,0,0.623,0.668,6,-7.282,0,0.0531,0.475,0.0,0.0862,0.823,161.948,4,pop,0
62,273583,0,0.528,0.593,1,-3.68,1,0.0545,0.289,0.00054,0.0724,0.351,167.238,4,anime,1
52,296066,0,0.669,0.63,11,-4.881,0,0.0416,0.000311,5.36e-06,0.0554,0.661,138.008,4,anime,1
62,170322,0,0.424,0.557,7,-10.873,0,0.084,0.836,0.746,0.204,0.329,123.421,4,sad,1
61,338875,0,0.518,0.719,7,-4.863,1,0.0414,0.574,6.97e-05,0.22,0.286,115.032,4,pop-film,1
50,254253,0,0.496,0.725,9,-8.485,1,0.0371,0.68,0.0,0.883,0.501,155.016,4,sertanejo,1
48,182166,0,0.611,0.593,9,-8.059,1,0.0342,0.367,0.0,0.139,0.89,97.041,4,sertanejo,0
57,206270,0,0.461,0.467,0,-7.628,1,0.0586,0.00766,0.0,0.11,0.167,74.686,4,sad,1
63,195855,0,0.704,0.787,0,-3.114,1,0.082,0.114,0.0,0.228,0.707,96.929,4,k-pop,1
59,347013,0,0.402,0.61,11,-9.509,0,0.141,0.368,0.0,0.109,0.463,86.248,4,pop-film,1
54,174683,0,0.65,0.628,2,-6.879,1,0.0645,0.534,0.0,0.28,0.554,79.069,4,chill,1
3,186066,0,0.821,0.602,9,-6.628,1,0.168,0.108,0.0,0.246,0.628,90.035,4,pop,0
15,245735,0,0.654,0.934,6,-4.67,1,0.119,0.0428,0.0,0.249,0.656,135.991,4,indian,0
57,237882,0,0.327,0.325,7,-11.303,1,0.0297,0.686,0.0,0.12,0.359,84.951,4,indian,1
63,161624,0,0.735,0.593,11,-7.473,1,0.0885,0.731,0.178,0.135,0.475,160.07,4,indian,1
50,216133,0,0.682,0.501,2,-7.457,1,0.0287,0.323,0.0,0.131,0.777,131.769,4,sertanejo,1
87,198040,0,0.357,0.425,5,-7.301,1,0.0333,0.584,0.0,0.322,0.27,102.078,3,pop,1
52,186845,0,0.733,0.406,9,-9.351,1,0.0808,0.434,0.0,0.115,0.47,148.959,4,indian,1
47,195108,0,0.654,0.667,0,-4.636,1,0.0378,0.366,0.0,0.299,0.602,109.871,4,sertanejo,0
53,293824,0,0.473,0.9,11,-3.073,0,0.0511,0.00209,0.0,0.0948,0.377,186.91,4,anime,1
48,151401,0,0.792,0.0947,2,-15.794,1,0.0708,0.986,0.919,0.19,0.234,112.412,3,sad,0
59,329221,0,0.465,0.682,4,-8.124,1,0.0512,0.381,0.00041,0.0801,0.583,164.01,4,pop-film,1
60,228131,0,0.635,0.661,9,-9.085,0,0.0681,0.425,0.000272,0.116,0.211,182.008,4,pop-film,1
51,384235,0,0.687,0.819,8,-3.356,1,0.0231,0.441,5.2e-06,0.11,0.501,99.989,1,indian,1
57,324266,0,0.691,0.934,1,-3.408,1,0.185,0.354,0.000206,0.198,0.832,79.428,4,pop-film,1
52,519360,0,0.656,0.81,0,-7.448,1,0.0969,0.686,1.08e-05,0.3,0.962,98.895,4,k-pop,1
67,180000,0,0.722,0.833,6,-3.915,1,0.094,0.0556,0.0,0.195,0.53,93.941,4,k-pop,1
46,143907,0,0.698,0.77,9,-3.619,1,0.0692,0.532,0.0,0.705,0.574,127.132,4,sertanejo,0
37,205424,1,0.884,0.5,0,-10.468,0,0.048,0.217,0.0,0.104,0.662,130.05,4,emo,0
89,228373,0,0.461,0.593,1,-4.954,1,0.0356,0.17,0.0,0.307,0.175,134.17,3,pop,1
52,216219,0,0.585,0.625,6,-5.13,0,0.0765,0.0444,0.0,0.0376,0.666,164.066,4,indian,1
70,195520,1,0.481,0.973,7,-1.945,1,0.0542,0.0037,0.000877,0.325,0.362,99.331,4,emo,1
6,214190,0,0.629,0.763,0,-4.279,0,0.0453,0.244,0.0,0.312,0.809,93.023,4,pop,0
52,215026,0,0.426,0.92,10,-3.243,0,0.0598,0.0559,0.0,0.245,0.296,145.946,4,grunge,1
52,193353,0,0.674,0.737,0,-4.523,1,0.0524,0.547,0.0,0.902,0.5,105.779,4,sertanejo,1
49,217039,0,0.454,0.611,11,-10.152,1,0.0531,0.00192,0.928,0.633,0.109,143.862,4,chill,0
70,180056,0,0.726,0.652,1,-7.764,0,0.11,0.00451,3.32e-05,0.226,0.803,163.879,4,pop,1
55,372133,0,0.533,0.747,10,-5.678,0,0.0443,0.041,5.7e-06,0.261,0.277,124.97,4,grunge,1
52,159300,0,0.265,0.172,7,-14.992,0,0.0389,0.803,0.962,0.143,0.071,119.741,4,anime,1
48,275575,0,0.674,0.311,10,-11.729,0,0.0271,0.886,2.95e-05,0.107,0.595,93.744,3,k-pop,0
63,184343,0,0.657,0.505,1,-7.333,1,0.0451,0.255,0.0,0.263,0.565,91.99,4,chill,1
51,983431,0,0.514,0.642,4,-11.835,1,0.246,0.17,0.0,0.262,0.81,78.657,4,indian,1
44,205293,0,0.566,0.599,1,-6.308,1,0.0259,0.646,0.0,0.135,0.525,92.164,3,sertanejo,0
70,61175,1,0.632,0.322,8,-7.652,1,0.0465,0.0307,0.535,0.44,0.367,70.917,4,sad,1
48,141913,0,0.822,0.345,8,-8.522,0,0.0775,0.194,0.0,0.119,0.33,114.926,4,emo,0
46,174880,0,0.364,0.97,7,-1.71,0,0.377,0.217,0.0,0.682,0.612,164.575,4,sertanejo,0
67,216063,0,0.566,0.475,0,-5.556,0,0.089,0.148,0.0,0.139,0.335,136.442,4,k-pop,1
0,280533,0,0.618,0.439,9,-5.63,1,0.0269,0.424,0.0,0.127,0.242,139.983,4,pop,0
85,185573,0,0.6,0.76,6,-6.124,0,0.0452,0.166,4.09e-05,0.189,0.519,158.078,4,pop,1
61,315213,0,0.628,0.551,0,-6.841,0,0.0612,0.394,0.0,0.178,0.385,136.899,4,pop-film,1
47,202893,0,0.7,0.783,11,-5.595,1,0.0305,0.589,0.0,0.864,0.835,112.686,4,sertanejo,0
67,221093,0,0.486,0.977,7,-3.463,1,0.0603,0.00237,0.0,0.298,0.413,103.501,4,emo,1
63,216360,0,0.537,0.858,1,-4.903,1,0.0349,0.000966,0.0,0.0812,0.502,124.599,4,grunge,1
58,223451,0,0.731,0.481,0,-9.485,0,0.0335,0.833,0.000317,0.138,0.447,117.881,4,indian,1
56,187133,0,0.452,0.67,9,-8.392,0,0.0352,0.243,5.08e-05,0.108,0.539,113.071,4,grunge,1
58,182893,0,0.546,0.835,0,-6.399,1,0.0501,0.0123,0.326,0.103,0.423,133.986,4,emo,1
58,290493,0,0.78,0.904,1,-5.509,0,0.2,0.163,8.54e-05,0.0662,0.664,129.966,4,pop-film,1
72,206866,0,0.708,0.959,1,-1.338,1,0.0604,0.0296,0.00188,0.107,0.644,128.981,4,k-pop,1
57,240068,1,0.606,0.36,3,-7.231,1,0.184,0.509,9.55e-05,0.105,0.0391,72.476,4,emo,1
57,183902,0,0.708,0.263,6,-9.366,1,0.0311,0.715,0.0,0.18,0.673,122.829,4,pop-film,1
61,126345,1,0.763,0.726,1,-6.405,1,0.282,0.259,0.0,0.0976,0.349,139.059,4,emo,1
47,198971,0,0.78,0.739,9,-8.896,0,0.0567,0.0292,1.18e-06,0.0799,0.593,91.99,4,pop,0
58,175375,0,0.779,0.656,8,-5.711,1,0.0641,0.0142,0.0,0.217,0.802,121.938,4,k-pop,1
82,214240,0,0.728,0.859,5,-5.237,0,0.137,0.0401,0.0,0.111,0.535,65.043,4,pop,1
57,150051,1,0.899,0.347,1,-10.895,1,0.0927,0.398,0.000855,0.261,0.817,118.014,4,sad,1
38,125374,1,0.645,0.401,2,-11.822,1,0.411,0.422,0.0,0.144,0.28,129.311,4,sad,0
41,104933,0,0.354,0.966,1,-5.139,0,0.262,0.00362,0.0,0.293,0.55,185.098,4,emo,0
49,1613160,0,0.586,0.411,0,-11.425,1,0.0249,0.741,0.0,0.176,0.683,91.57,4,k-pop,0
43,264813,1,0.672,0.673,8,-6.699,1,0.337,0.0879,0.0,0.289,0.333,139.848,4,indian,0
41,289633,0,0.503,0.373,11,-8.367,1,0.0304,0.0148,0.0289,0.109,0.044,109.74,4,grunge,0
52,200646,0,0.609,0.904,7,-6.029,1,0.0515,0.566,0.0,0.499,0.915,165.96,4,sertanejo,1
64,331746,0,0.517,0.561,4,-5.777,1,0.0303,0.407,0.0,0.0853,0.448,75.977,4,pop-film,1
37,238732,0,0.573,0.697,2,-3.988,1,0.0355,0.0127,0.0,0.102,0.647,103.982,4,anime,0
45,172987,1,0.408,0.516,7,-9.112,0,0.0456,0.691,0.0,0.159,0.514,153.651,3,chill,0
46,185004,0,0.596,0.557,5,-7.383,0,0.0323,0.123,9.47e-06,0.335,0.194,140.229,4,indian,0
67,314357,0,0.722,0.282,5,-7.484,1,0.106,0.373,0.00557,0.147,0.217,91.367,4,chill,1
58,194695,1,0.569,0.917,10,-4.538,1,0.0575,0.00458,0.0,0.221,0.582,133.965,4,emo,1
52,191850,0,0.753,0.712,6,-5.039,1,0.0637,0.0131,0.0,0.192,0.653,118.981,4,anime,1
34,122823,0,0.535,0.218,0,-12.704,0,0.0356,0.762,5.45e-05,0.13,0.163,109.833,4,sad,0
53,282273,0,0.56,0.787,7,-4.523,1,0.0303,0.263,3.9e-05,0.893,0.356,96.066,4,sertanejo,1
57,196025,0,0.703,0.834,0,-5.491,1,0.0508,0.0396,1.32e-06,0.178,0.537,127.944,4,pop-film,1
87,172714,0,0.762,0.861,0,-3.296,1,0.0955,0.0185,0.0,0.264,0.955,120.048,4,pop,1
47,362762,0,0.691,0.916,9,-5.313,1,0.117,0.029,0.0,0.121,0.394,133.889,4,indian,0
56,416573,0,0.565,0.55,11,-8.003,1,0.0333,0.239,0.0,0.132,0.26,122.06,4,pop-film,1
74,166666,0,0.789,0.744,1,-7.245,1,0.0414,0.281,0.0,0.0763,0.783,143.998,4,pop,1
54,110163,0,0.789,0.659,0,-5.305,1,0.0406,0.382,0.0392,0.252,0.603,91.508,3,sad,1
47,203240,0,0.639,0.952,2,-6.047,1,0.0603,0.00307,7.98e-05,0.0731,0.41,121.002,4,anime,0
51,161141,1,0.68,0.86,0,-4.674,1,0.183,0.645,0.0,0.337,0.603,129.522,4,sertanejo,1
49,175203,0,0.681,0.926,6,-3.459,1,0.0345,0.0704,0.0,0.101,0.832,137.952,4,sertanejo,0
63,136329,0,0.807,0.343,1,-18.298,1,0.205,0.89,0.77,0.145,0.342,109.996,4,sad,1
51,148151,0,0.637,0.828,7,-4.478,1,0.239,0.174,0.0,0.447,0.801,159.795,4,sertanejo,1
2,203149,0,0.736,0.695,7,-3.87,1,0.0468,0.0209,0.0,0.0517,0.784,109.976,4,anime,0
50,175577,0,0.553,0.902,11,-4.35,0,0.0588,0.00286,0.0,0.2,0.572,132.089,4,grunge,1
80,190799,0,0.759,0.548,9,-6.049,0,0.029,0.0392,0.0,0.0828,0.749,116.967,4,pop,1
45,98471,0,0.433,0.387,3,-15.923,0,0.107,0.623,0.000437,0.166,0.222,135.944,4,indian,0
0,216426,0,0.533,0.426,9,-9.525,0,0.0297,0.46,0.0,0.1,0.152,103.267,3,pop,0
56,157333,0,0.807,0.287,1,-9.852,0,0.0386,0.6,0.0,0.105,0.466,89.975,4,chill,1
33,267977,0,0.718,0.526,7,-9.523,0,0.0597,0.735,0.0,0.12,0.697,144.065,4,emo,0
49,186642,0,0.808,0.883,7,-3.484,1,0.262,0.487,1.2e-06,0.12,0.547,140.195,4,anime,0
71,281322,0,0.505,0.667,9,-5.797,1,0.0323,0.597,0.0,0.213,0.516,151.728,4,pop,1
57,288176,0,0.365,0.67,10,-7.51,0,0.221,0.26,1.43e-06,0.14,0.367,78.776,4,pop-film,1
0,236906,0,0.52,0.849,9,-3.794,0,0.186,0.00253,0.0,0.119,0.774,175.908,4,pop,0
55,135981,0,0.651,0.317,8,-10.515,0,0.124,0.626,0.784,0.129,0.273,92.807,4,sad,1
46,227402,0,0.365,0.544,4,-5.172,0,0.0331,0.774,0.0,0.211,0.433,110.348,4,sertanejo,0
65,264706,1,0.509,0.774,6,-4.054,1,0.0338,0.00189,0.000549,0.143,0.0824,116.529,4,grunge,1
0,230461,1,0.676,0.588,7,-7.025,1,0.275,0.137,8.47e-06,0.137,0.484,186.012,4,pop,0
60,139029,0,0.682,0.34,3,-16.013,0,0.0551,0.521,0.873,0.195,0.266,134.028,4,chill,1
76,209266,0,0.653,0.964,9,-4.261,0,0.0582,0.00316,0.00512,0.144,0.87,126.928,4,grunge,1
48,281440,0,0.67,0.702,10,-8.192,0,0.198,0.285,0.00295,0.16,0.586,176.977,3,k-pop,0
56,205333,0,0.536,0.951,5,-4.126,1,0.0498,0.00058,0.00165,0.14,0.491,99.116,4,grunge,1
78,191038,0,0.475,0.695,1,-5.919,1,0.102,0.0159,0.0,0.125,0.552,100.009,4,k-pop,1
47,286224,0,0.733,0.568,4,-9.731,1,0.0415,0.214,9.88e-05,0.128,0.901,88.954,4,k-pop,0
3,183066,0,0.623,0.668,6,-7.282,0,0.0531,0.475,0.0,0.0862,0.823,161.948,4,pop,0
51,192738,1,0.744,0.346,8,-13.948,1,0.318,0.872,6.2e-06,0.132,0.375,90.076,4,sad,1
64,121457,1,0.814,0.54,0,-9.66,1,0.321,0.617,0.0,0.173,0.476,160.039,4,chill,1
58,219065,0,0.479,0.364,5,-9.184,0,0.0606,0.902,8.1e-05,0.101,0.372,135.939,4,chill,1
65,138110,1,0.88,0.309,11,-17.457,0,0.394,0.252,0.0,0.0804,0.592,139.991,4,chill,1
36,92000,0,0.406,0.771,7,-6.125,0,0.0474,0.00525,0.904,0.345,0.0597,120.138,4,emo,0
64,274933,0,0.544,0.659,9,-7.191,1,0.0298,0.427,1.33e-06,0.126,0.361,109.933,4,grunge,1
61,175225,0,0.858,0.359,8,-12.197,1,0.0437,0.146,3.58e-06,0.101,0.432,99.989,4,chill,1
52,178025,0,0.768,0.127,11,-14.982,1,0.0553,0.716,0.776,0.156,0.449,129.893,4,sad,1
56,397773,0,0.468,0.462,2,-10.661,1,0.127,0.514,4.14e-06,0.162,0.161,160.307,3,pop-film,1
53,229680,0,0.399,0.673,10,-5.635,1,0.0402,0.213,0.0,0.161,0.326,147.349,4,grunge,1
67,119066,1,0.574,0.456,9,-9.067,1,0.0812,0.469,0.0,0.264,0.54,180.171,4,sad,1
44,189274,0,0.449,0.522,7,-8.947,0,0.0374,0.158,0.634,0.116,0.0745,154.038,3,anime,0
56,236382,0,0.614,0.437,4,-10.75,1,0.0366,0.656,0.0,0.681,0.773,147.976,4,sertanejo,1
72,247286,0,0.51,0.502,7,-7.016,0,0.0325,0.71,0.0,0.0708,0.321,133.885,4,pop,1
29,89133,0,0.416,0.759,9,-6.76,1,0.0378,0.00296,0.711,0.174,0.0643,107.953,4,grunge,0
51,218511,0,0.813,0.529,7,-3.731,1,0.0364,0.89,0.0,0.0892,0.637,138.011,4,sertanejo,1
77,185097,0,0.526,0.818,3,-5.952,1,0.0358,0.0587,0.0,0.333,0.896,171.96,4,pop,1
62,327893,1,0.551,0.724,10,-7.09,0,0.032,0.00451,0.000167,0.116,0.559,111.243,4,grunge,1
65,329851,0,0.461,0.481,0,-6.389,0,0.0327,0.789,1.01e-06,0.127,0.262,199.807,4,pop-film,1
63,124996,0,0.581,0.399,11,-9.322,0,0.0325,0.916,0.0,0.169,0.183,98.025,4,pop-film,1
62,243813,0,0.679,0.931,1,-3.74,0,0.0474,0.00466,0.0,0.0652,0.962,121.001,4,anime,1
47,297493,0,0.276,0.5,7,-9.815,1,0.0354,0.0066,0.567,0.339,0.0586,173.926,3,anime,0
43,158724,0,0.733,0.725,11,-3.492,0,0.177,0.32,0.0,0.183,0.755,115.031,4,sertanejo,0
58,211440,0,0.367,0.981,11,-5.1,0,0.128,5.39e-06,0.0461,0.0822,0.205,165.21,4,grunge,1
48,210309,0,0.549,0.954,5,-7.046,1,0.152,0.00127,0.16,0.142,0.613,194.043,4,indian,0
45,192200,0,0.609,0.532,7,-4.188,1,0.0283,0.00282,0.0,0.451,0.324,109.941,4,sertanejo,0
37,222833,1,0.77,0.388,3,-11.19,1,0.0856,0.11,0.0,0.182,0.555,112.101,4,emo,0
13,269624,0,0.521,0.298,8,-10.272,1,0.159,0.974,0.909,0.234,0.487,105.178,1,chill,0
55,107448,0,0.73,0.162,9,-16.627,1,0.0672,0.265,0.893,0.0987,0.152,170.026,4,anime,1
51,162682,0,0.671,0.66,10,-4.884,1,0.0356,0.646,0.0,0.101,0.735,105.052,4,sertanejo,1
68,586075,0,0.589,0.885,4,-3.4,1,0.035,0.545,0.0,0.132,0.831,91.01,4,pop-film,1
77,231486,0,0.55,0.448,11,-9.117,1,0.0366,0.777,0.000459,0.111,0.388,147.986,4,pop-film,1
55,127425,0,0.77,0.618,1,-7.28,1,0.324,0.276,0.0,0.0775,0.463,142.045,4,emo,1
72,218614,0,0.77,0.817,0,-4.092,0,0.0339,0.0265,0.000103,0.084,0.866,139.979,4,k-pop,1
54,279500,0,0.589,0.811,1,-5.052,0,0.0429,0.473,0.0,0.114,0.166,119.969,4,indian,1
41,182773,0,0.296,0.947,6,-3.766,1,0.0705,0.0382,0.000254,0.198,0.573,176.043,4,emo,0
50,187053,1,0.832,0.936,9,-4.206,1,0.244,0.523,0.0,0.25,0.608,139.997,4,anime,1
58,198346,1,0.44,0.755,1,-5.982,1,0.413,0.107,0.0,0.0802,0.91,88.907,4,sad,1
62,154565,1,0.779,0.767,11,-5.462,0,0.258,0.00214,0.0,0.102,0.523,91.981,4,emo,1
49,222249,0,0.591,0.425,11,-9.462,0,0.045,0.803,4.42e-06,0.0978,0.684,171.956,4,anime,0
72,146646,0,0.323,0.349,7,-12.524,1,0.0761,0.965,0.00548,0.116,0.2,180.203,4,indian,1
58,204506,0,0.599,0.853,11,-3.878,0,0.0365,0.00123,0.000504,0.37,0.676,94.997,4,emo,1
60,210373,0,0.673,0.601,6,-5.191,1,0.0478,0.244,0.0,0.176,0.374,120.006,4,chill,1
46,211787,0,0.718,0.678,6,-11.895,1,0.22,0.485,0.0019,0.102,0.472,181.88,4,indian,0
76,274097,0,0.539,0.846,8,-3.192,1,0.0354,0.00631,1.71e-06,0.13,0.462,106.994,4,k-pop,1
67,227226,0,0.874,0.787,10,-2.416,0,0.129,0.118,0.0,0.11,0.896,108.007,4,k-pop,1
44,199500,0,0.374,0.255,5,-14.045,1,0.0345,0.804,0.0,0.105,0.41,98.231,4,indian,0
55,140636,1,0.478,0.722,10,-6.162,1,0.043,0.0188,0.0,0.395,0.344,156.947,4,sad,1
57,313333,0,0.383,0.225,2,-14.552,1,0.0338,0.857,0.000515,0.0969,0.251,84.694,4,pop-film,1
52,205440,0,0.642,0.747,6,-4.506,1,0.11,0.213,0.0,0.182,0.643,154.239,4,pop-film,1
61,273256,0,0.743,0.921,3,-5.005,0,0.133,0.289,0.0064,0.0402,0.686,113.3,3,pop-film,1
41,196932,0,0.504,0.548,7,-6.559,1,0.0296,0.803,0.0,0.324,0.279,162.997,3,indian,0
49,146670,0,0.563,0.68,0,-7.591,0,0.419,0.741,2.49e-06,0.275,0.349,143.843,4,emo,0
53,259200,0,0.734,0.721,9,-5.806,0,0.0556,0.157,2.96e-06,0.256,0.387,100.043,4,k-pop,1
54,172195,0,0.634,0.775,10,-6.943,1,0.0691,0.745,0.0,0.483,0.653,84.972,4,sertanejo,1
44,130908,0,0.673,0.354,11,-15.846,0,0.0553,0.686,0.787,0.0787,0.282,102.623,4,sad,0
70,235497,0,0.827,0.817,2,-4.081,1,0.0953,0.00496,1.19e-05,0.294,0.167,97.008,4,k-pop,1
60,268333,0,0.436,0.819,0,-6.71,1,0.036,0.0171,0.00882,0.117,0.405,144.26,4,emo,1
57,131056,1,0.699,0.39,6,-12.128,0,0.0752,0.39,0.0,0.106,0.509,160.071,4,sad,1
44,194040,0,0.606,0.921,1,-3.111,1,0.0299,0.0479,0.0,0.106,0.681,125.073,4,emo,0
59,289012,0,0.558,0.506,1,-6.761,0,0.0236,0.704,3.05e-06,0.0896,0.358,90.001,4,pop-film,1
53,168209,0,0.411,0.601,8,-6.837,1,0.0665,0.268,0.000278,0.0899,0.526,87.648,4,anime,1
56,165333,1,0.669,0.444,8,-8.021,0,0.0453,0.412,0.0,0.349,0.586,139.031,4,sad,1
45,153290,0,0.573,0.482,6,-10.494,0,0.0347,0.83,0.785,0.11,0.193,155.002,4,indian,0
0,155960,0,0.865,0.573,5,-5.501,1,0.0678,0.0863,0.0,0.305,0.563,94.999,4,pop,0
47,174244,0,0.489,0.447,9,-12.445,1,0.0422,0.777,0.222,0.0843,0.122,169.906,4,chill,0
43,253066,0,0.501,0.415,1,-8.882,0,0.0242,0.0375,2.6e-06,0.336,0.227,76.608,4,grunge,0
3,185906,0,0.569,0.963,7,-3.069,1,0.0593,0.000787,0.0256,0.22,0.82,76.995,4,grunge,0
43,198404,0,0.696,0.543,8,-8.73,0,0.0454,0.438,3.29e-05,0.394,0.3,115.983,4,chill,0
56,180035,1,0.723,0.54,10,-12.31,1,0.28,0.905,0.0473,0.251,0.711,143.93,4,sad,1
23,356493,0,0.382,0.86,9,-6.344,1,0.0763,0.0402,0.0,0.736,0.218,171.911,4,anime,0
56,211462,0,0.59,0.459,4,-9.488,1,0.034,0.661,0.0,0.203,0.293,149.885,3,indian,1
0,267493,0,0.532,0.842,2,-6.152,1,0.0403,0.00131,1.2e-06,0.33,0.715,126.042,4,emo,0
63,175453,0,0.357,0.996,3,-3.496,0,0.103,0.0012,0.0,0.35,0.278,183.039,4,emo,1
50,372293,0,0.499,0.534,8,-9.081,1,0.0316,0.877,0.00282,0.195,0.717,117.524,4,k-pop,1
44,176069,0,0.456,0.859,5,-7.397,0,0.0471,0.000837,0.473,0.137,0.143,144.967,4,anime,0
33,198933,0,0.462,0.961,2,-3.393,1,0.0603,0.00342,0.0,0.26,0.92,134.739,4,grunge,0
36,286797,0,0.532,0.945,8,-2.979,1,0.0544,0.0379,0.00113,0.213,0.675,152.964,4,emo,0
74,222500,0,0.435,0.658,7,-5.949,0,0.0368,0.699,0.0,0.125,0.524,77.17,4,pop,1
68,233173,1,0.639,0.71,1,-7.445,1,0.0275,0.0133,0.0,0.118,0.378,119.989,4,grunge,1
54,128399,0,0.696,0.451,2,-9.711,1,0.0317,0.174,4.84e-05,0.722,0.396,116.997,4,indian,1
71,216328,0,0.69,0.575,11,-5.763,0,0.124,0.345,0.0,0.309,0.509,87.967,4,pop,1
55,201933,0,0.488,0.968,6,-1.55,0,0.25,0.0295,0.0,0.215,0.359,163.988,4,anime,1
68,253636,0,0.764,0.601,6,-6.999,1,0.325,0.198,0.0,0.265,0.905,87.926,4,pop,1
49,107061,1,0.786,0.496,7,-5.103,1,0.421,0.215,0.0,0.104,0.316,129.897,4,emo,0
49,271746,0,0.721,0.584,0,-12.328,0,0.0486,0.0798,0.00221,0.682,0.536,132.972,4,k-pop,0
42,152112,0,0.606,0.899,0,-6.827,1,0.266,0.00185,9.52e-06,0.732,0.689,141.923,4,indian,0
47,199000,0,0.604,0.469,3,-8.314,1,0.0543,0.649,6.26e-05,0.124,0.495,66.383,4,indian,0
83,186964,0,0.794,0.719,0,-7.227,1,0.0761,0.0119,0.0,0.276,0.69,90.016,4,pop,1
63,135728,1,0.792,0.747,9,-7.941,1,0.226,0.0704,0.0,0.32,0.455,145.015,4,anime,1
57,275503,0,0.331,0.235,4,-13.816,0,0.0411,0.891,2.98e-06,0.107,0.252,82.511,4,pop-film,1
66,286443,0,0.574,0.841,4,-4.449,1,0.0948,0.399,1e-06,0.205,0.927,83.706,4,indian,1
50,148389,0,0.553,0.378,4,-10.735,1,0.0688,0.607,0.000324,0.26,0.332,170.051,4,indian,1
47,188973,0,0.301,0.751,2,-3.742,1,0.0498,0.0939,0.0,0.253,0.308,159.274,3,sertanejo,0
52,341450,0,0.474,0.483,0,-7.155,1,0.0466,0.481,0.0,0.114,0.306,139.807,4,sertanejo,1
58,223706,0,0.294,0.342,1,-6.341,1,0.0395,0.469,6.79e-06,0.0958,0.229,135.084,4,k-pop,1
58,142267,0,0.684,0.0892,1,-19.013,0,0.0609,0.981,0.951,0.261,0.223,112.674,4,sad,1
58,298600,0,0.356,0.904,2,-3.953,1,0.0624,0.000244,1.75e-06,0.359,0.38,162.397,4,grunge,1
45,238730,0,0.7,0.601,8,-6.174,1,0.0303,0.742,0.0,0.112,0.549,120.005,4,sertanejo,0
65,136914,0,0.691,0.186,10,-13.672,0,0.0487,0.686,0.934,0.0762,0.548,86.383,4,chill,1
54,195920,0,0.604,0.805,1,-4.335,0,0.0478,0.00129,3.17e-06,0.124,0.726,154.996,4,anime,1
49,196008,0,0.415,0.651,4,-5.757,0,0.0666,0.14,0.0,0.133,0.552,122.292,4,anime,0
58,281520,0,0.749,0.646,2,-9.598,1,0.0389,0.111,0.0426,0.22,0.752,129.996,4,pop-film,1
52,215063,0,0.543,0.602,8,-10.354,0,0.0389,0.624,3.14e-06,0.545,0.382,89.979,4,k-pop,1
57,176005,0,0.687,0.172,1,-11.643,1,0.0428,0.786,0.0,0.0985,0.435,131.946,4,chill,1
54,161694,1,0.881,0.604,1,-8.117,1,0.198,0.226,0.121,0.163,0.431,118.05,4,emo,1
70,199029,0,0.779,0.964,10,-2.888,0,0.0995,0.0858,1.46e-05,0.676,0.613,139.241,4,pop,1
39,134509,0,0.638,0.23,11,-13.836,1,0.056,0.777,0.0,0.105,0.412,116.095,4,chill,0
56,253160,0,0.572,0.939,4,-1.577,0,0.0471,0.0657,0.0,0.368,0.671,97.928,4,anime,1
61,171514,1,0.714,0.471,1,-12.226,1,0.21,0.56,0.0,0.126,0.589,80.014,4,anime,1
62,152727,0,0.651,0.205,9,-10.572,1,0.0465,0.719,0.000832,0.122,0.123,110.016,4,chill,1
50,173006,0,0.595,0.642,3,-5.182,1,0.048,0.517,0.0,0.753,0.643,75.837,4,sertanejo,1
47,117890,0,0.555,0.338,7,-13.937,1,0.0396,0.95,0.175,0.314,0.496,114.245,4,sad,0
61,122150,0,0.826,0.26,2,-15.202,1,0.168,0.538,0.0,0.0898,0.245,110.079,4,sad,1
56,280250,0,0.524,0.575,0,-6.571,0,0.0294,0.397,1.8e-06,0.269,0.206,89.915,4,pop-film,1
38,213466,1,0.489,0.865,8,-3.334,1,0.061,0.12,0.0,0.117,0.373,108.125,4,emo,0
34,170888,1,0.458,0.889,6,-5.517,1,0.348,0.24,0.0,0.804,0.503,176.856,4,emo,0
49,337840,0,0.666,0.918,11,-6.017,0,0.0905,0.153,0.000256,0.0844,0.814,126.016,4,k-pop,0
71,294600,0,0.32,0.88,2,-6.035,1,0.0504,0.000101,4.31e-06,0.076,0.257,146.349,4,grunge,1
69,329386,0,0.59,0.859,2,-5.005,0,0.0416,0.633,0.0,0.286,0.634,149.966,4,indian,1
65,166757,0,0.712,0.683,10,-6.965,0,0.0926,0.323,6.84e-06,0.171,0.526,83.935,4,pop-film,1
47,195428,0,0.586,0.756,8,-4.825,0,0.11,0.0843,0.0,0.295,0.403,140.029,4,indian,0
64,174912,0,0.553,0.872,1,-5.617,1,0.0374,0.00109,0.00115,0.0988,0.543,106.927,4,grunge,1
0,170964,0,0.438,0.178,5,-9.402,1,0.0414,0.957,1.1e-06,0.316,0.344,75.25,1,pop,0
54,338880,0,0.545,0.897,0,-3.983,1,0.0409,0.105,0.0,0.209,0.459,90.517,4,anime,1
49,154280,0,0.564,0.829,10,-4.504,1,0.0397,0.0859,0.0,0.344,0.608,135.008,4,sad,0
50,156933,0,0.353,0.745,2,-5.934,1,0.0726,0.694,0.0,0.727,0.367,184.044,4,sertanejo,1
49,252026,0,0.529,0.767,5,-5.193,1,0.0382,0.0507,0.0,0.78,0.335,73.982,4,sertanejo,0
63,208201,0,0.704,0.646,6,-6.658,1,0.0596,0.0104,0.0,0.219,0.64,141.87,4,k-pop,1
71,379768,0,0.586,0.532,11,-8.837,0,0.0328,0.779,0.000565,0.124,0.494,99.994,4,pop,1
29,109691,0,0.483,0.997,2,-4.142,1,0.151,0.00204,1.73e-06,0.325,0.214,103.784,4,grunge,0
34,245946,0,0.424,0.96,7,-4.13,0,0.14,0.00101,0.0,0.0935,0.412,165.046,4,emo,0
51,120288,0,0.764,0.394,8,-11.483,1,0.175,0.332,0.0,0.108,0.351,105.909,4,sad,1
80,220440,0,0.553,0.664,8,-7.417,1,0.0741,0.0709,0.0056,0.106,0.467,140.06,4,pop,1
56,153693,0,0.786,0.356,6,-11.432,1,0.0462,0.771,0.694,0.1,0.519,116.023,4,indian,1
48,200837,1,0.779,0.335,0,-11.08,0,0.254,0.742,0.0,0.0932,0.51,62.482,4,sad,0
45,201857,0,0.367,0.439,9,-7.93,0,0.0301,0.726,8.91e-06,0.1,0.241,139.759,3,pop-film,0
51,390386,0,0.587,0.775,4,-7.549,1,0.0721,0.75,0.0784,0.0948,0.586,87.938,4,k-pop,1
53,445120,0,0.583,0.814,6,-9.177,0,0.0616,0.491,0.00259,0.192,0.738,145.984,4,k-pop,1
61,322013,0,0.745,0.46,5,-9.92,0,0.0614,0.0952,1.06e-06,0.0751,0.802,84.994,4,pop-film,1
66,279026,0,0.651,0.708,4,-12.389,1,0.0512,0.0819,0.00301,0.0782,0.734,90.037,4,pop,1
75,166023,0,0.711,0.747,0,-6.335,1,0.0523,0.459,0.0,0.0957,0.852,136.0,4,chill,1
53,141956,0,0.694,0.573,9,-9.218,1,0.125,0.371,0.0,0.124,0.772,167.92,4,emo,1
66,310000,0,0.576,0.688,9,-5.136,1,0.0319,0.346,0.0439,0.262,0.726,135.984,4,pop-film,1
42,172562,0,0.603,0.834,10,-5.834,0,0.0954,0.00336,0.801,0.211,0.352,80.019,4,anime,0
57,265213,0,0.415,0.689,1,-6.486,1,0.0302,0.154,0.0,0.0637,0.245,143.043,4,emo,1
55,258786,0,0.427,0.93,1,-5.988,1,0.0745,1.12e-05,3.22e-05,0.439,0.345,140.934,4,grunge,1
47,218636,0,0.597,0.474,0,-9.846,1,0.0304,0.758,1.68e-06,0.116,0.315,132.004,4,indian,0
0,178000,0,0.736,0.436,6,-8.053,1,0.0394,0.364,0.0,0.161,0.21,120.008,4,chill,0
56,128906,0,0.749,0.124,10,-16.562,1,0.0398,0.849,0.819,0.132,0.164,108.016,4,sad,1
2,184390,0,0.692,0.883,7,-4.698,1,0.0582,0.0512,0.0,0.228,0.614,122.984,4,pop,0
69,190673,0,0.644,0.892,0,-1.1,0,0.0567,0.13,0.000113,0.0893,0.767,180.044,4,pop,1
2,162687,0,0.74,0.813,1,-5.68,1,0.322,0.0308,0.0,0.0939,0.51,89.287,4,indian,0
64,196018,0,0.616,0.833,3,-3.314,0,0.067,0.315,0.0,0.175,0.595,97.898,4,k-pop,1
65,266280,0,0.292,0.714,2,-4.919,1,0.0316,0.000658,0.000109,0.102,0.462,151.412,3,grunge,1
50,282306,0,0.543,0.268,11,-17.464,0,0.0862,0.577,0.000702,0.286,0.118,174.018,4,sad,1
26,228866,0,0.203,0.922,1,-6.358,1,0.0682,1.79e-05,0.535,0.789,0.27,92.48,4,grunge,0
54,290813,0,0.497,0.947,7,-3.99,1,0.061,0.0351,1.33e-05,0.191,0.302,169.995,4,anime,1
79,284866,0,0.73,0.777,3,-5.194,0,0.0496,0.105,0.000478,0.0691,0.575,130.0,4,pop,1
48,258122,0,0.597,0.892,4,-5.121,0,0.0492,0.145,9.24e-05,0.118,0.634,80.009,4,indian,0
3,184390,0,0.692,0.883,7,-4.698,1,0.0582,0.0512,0.0,0.228,0.614,122.984,4,pop,0
48,192693,0,0.579,0.364,6,-15.208,0,0.0318,0.4,0.0,0.196,0.529,101.837,4,sertanejo,0
88,172626,1,0.824,0.764,5,-4.175,0,0.0854,0.0888,0.00294,0.117,0.881,107.998,4,pop,1
51,143320,1,0.785,0.69,0,-6.363,1,0.0561,0.0334,0.0,0.151,0.644,118.091,4,sad,1
0,158994,0,0.687,0.717,11,-6.61,1,0.0755,0.0744,0.0,0.134,0.685,88.063,4,pop,0
37,145336,0,0.752,0.899,4,-4.683,0,0.364,0.381,0.0,0.0938,0.607,180.132,4,anime,0
61,327880,0,0.76,0.547,7,-9.386,1,0.0351,0.0957,1.04e-05,0.12,0.667,95.023,4,pop-film,1
71,259200,0,0.384,0.561,3,-10.059,0,0.0296,0.373,0.253,0.0775,0.159,136.136,3,grunge,1
55,136888,1,0.732,0.615,11,-6.514,1,0.0399,0.0592,1.64e-06,0.115,0.384,135.002,4,sad,1
43,224933,0,0.59,0.617,7,-6.588,1,0.0259,0.499,0.0,0.361,0.468,74.016,4,sertanejo,0
56,231857,1,0.789,0.652,4,-9.734,0,0.219,0.38,1.57e-06,0.091,0.0775,139.981,4,sad,1
60,329080,0,0.395,0.378,3,-9.743,1,0.0443,0.88,0.0879,0.105,0.286,152.204,4,pop-film,1
0,238373,0,0.674,0.58,0,-8.081,1,0.0312,0.311,2.41e-05,0.198,0.305,128.003,4,grunge,0
46,150000,1,0.71,0.527,11,-6.385,1,0.0721,0.662,2.21e-06,0.0995,0.479,131.828,4,sad,0
63,96053,0,0.778,0.309,8,-16.688,1,0.324,0.915,0.0925,0.343,0.556,80.115,4,chill,1
41,185059,0,0.612,0.205,6,-12.279,1,0.0307,0.884,1.98e-06,0.139,0.31,82.953,4,indian,0
47,213666,0,0.714,0.471,8,-9.536,1,0.0306,0.813,0.0,0.154,0.766,109.037,3,sertanejo,0
71,189052,0,0.738,0.861,2,-4.141,1,0.237,0.318,0.00182,0.325,0.58,131.98,4,k-pop,1
47,195760,0,0.519,0.5,9,-3.557,1,0.0264,0.569,0.0,0.651,0.557,75.523,3,sertanejo,0
61,197580,0,0.596,0.4,11,-6.245,0,0.0284,0.566,0.000246,0.29,0.227,79.018,4,chill,1
36,223074,0,0.226,0.882,7,-2.653,1,0.104,0.024,0.0,0.393,0.358,72.486,4,emo,0
58,287440,0,0.85,0.901,2,-7.266,1,0.173,0.238,4.53e-06,0.0411,0.678,125.073,4,k-pop,1
35,384835,0,0.509,0.843,1,-6.734,1,0.429,0.56,0.0,0.168,0.593,79.317,1,anime,0
55,205145,0,0.756,0.751,2,-8.044,1,0.0703,0.121,1.45e-05,0.233,0.513,99.976,4,pop-film,1
63,274354,0,0.705,0.422,0,-7.375,1,0.0299,0.793,0.0,0.0895,0.484,117.949,4,indian,1
67,139213,0,0.852,0.762,6,-4.448,0,0.0487,0.333,1.66e-06,0.159,0.907,131.958,4,k-pop,1
63,274354,0,0.705,0.422,0,-7.375,1,0.0299,0.793,0.0,0.0895,0.482,117.948,4,pop-film,1
64,243346,0,0.308,0.955,4,-3.763,1,0.111,2.39e-05,0.113,0.166,0.237,174.991,4,anime,1
53,185107,0,0.632,0.454,7,-6.996,1,0.0505,0.51,2.68e-06,0.179,0.493,90.024,4,chill,1
38,257000,0,0.615,0.558,1,-8.376,0,0.0341,0.891,0.0114,0.1,0.175,122.329,4,emo,0
39,177600,0,0.838,0.937,1,-4.008,1,0.221,0.332,0.0,0.611,0.296,100.018,4,anime,0
60,216251,0,0.546,0.945,1,-3.031,1,0.213,0.144,0.0,0.0909,0.914,124.524,4,pop-film,1
65,247286,0,0.495,0.498,7,-7.023,0,0.0337,0.701,0.0,0.0706,0.32,133.992,4,pop,1
53,125384,0,0.801,0.335,2,-14.452,1,0.3,0.73,0.737,0.102,0.0388,77.998,4,chill,1
46,145074,0,0.61,0.357,0,-8.956,1,0.0304,0.936,0.701,0.0691,0.0642,134.067,4,sad,0
45,170786,0,0.728,0.827,8,-3.509,1,0.0485,0.1,0.0,0.735,0.723,114.887,4,sertanejo,0
43,164000,0,0.818,0.371,8,-8.319,1,0.0502,0.189,0.000489,0.124,0.39,90.006,4,chill,0
48,261959,0,0.282,0.866,10,-4.223,0,0.0588,0.000705,0.0055,0.101,0.277,163.987,4,emo,0
51,96595,0,0.89,0.287,8,-8.973,1,0.098,0.629,0.0,0.124,0.804,121.968,4,sad,1
32,102000,0,0.402,0.406,9,-9.661,0,0.134,0.702,0.262,0.131,0.281,85.151,4,chill,0
63,247812,0,0.634,0.648,3,-6.781,0,0.0412,0.361,0.0,0.619,0.667,95.989,4,pop-film,1
48,186985,0,0.686,0.566,4,-11.567,1,0.0496,0.159,0.0221,0.104,0.698,94.977,4,indian,0
43,225276,0,0.636,0.81,8,-4.499,1,0.442,0.262,0.0,0.281,0.297,162.977,4,anime,0
58,284514,0,0.788,0.55,11,-7.747,0,0.189,0.173,0.433,0.0937,0.497,101.953,4,indian,1
49,180813,0,0.842,0.336,5,-10.937,1,0.0878,0.61,0.00112,0.11,0.705,153.989,4,emo,0
77,240793,0,0.661,0.836,5,-3.164,0,0.059,0.00268,0.0,0.497,0.396,124.952,4,k-pop,1
45,225360,0,0.415,0.501,11,-7.232,1,0.0361,0.83,0.0,0.242,0.306,114.579,4,sertanejo,0
72,132158,0,0.701,0.638,6,-3.711,1,0.302,0.492,0.0,0.153,0.813,177.867,4,pop,1
39,174480,1,0.531,0.876,3,-4.253,1,0.0382,0.003,1.67e-06,0.127,0.205,130.969,4,emo,0
49,131350,0,0.695,0.397,9,-12.358,1,0.0473,0.657,0.0,0.0793,0.619,105.995,4,sad,0
58,114580,0,0.764,0.393,9,-10.623,1,0.101,0.53,0.00012,0.185,0.403,155.066,4,sad,1
46,286765,0,0.668,0.677,3,-5.81,1,0.0341,0.364,0.0,0.135,0.403,98.023,4,sertanejo,0
49,328384,0,0.653,0.554,5,-8.156,1,0.0243,0.157,1.23e-06,0.172,0.455,99.974,4,indian,0
43,313597,0,0.838,0.92,10,-3.734,0,0.178,0.155,7.95e-06,0.392,0.745,104.968,4,indian,0
51,258613,0,0.39,0.916,0,-2.859,1,0.0579,0.0229,0.0,0.197,0.483,92.118,4,anime,1
45,199986,0,0.709,0.802,4,-5.111,1,0.0655,0.354,0.0,0.117,0.852,131.561,3,sertanejo,0
43,239600,0,0.369,0.643,3,-5.098,1,0.0346,0.00323,0.0,0.0907,0.212,175.233,4,grunge,0
41,223160,0,0.394,0.934,10,-5.494,1,0.103,0.000205,0.000258,0.204,0.262,127.041,4,grunge,0
57,206270,0,0.461,0.467,0,-7.628,1,0.0586,0.00766,0.0,0.11,0.167,74.686,4,emo,1
61,243000,0,0.481,0.82,8,-3.508,1,0.031,0.00858,0.0,0.0756,0.345,139.936,4,grunge,1
2,230826,0,0.755,0.844,5,-6.234,0,0.326,0.328,8.8e-06,0.555,0.745,171.867,4,pop,0
52,154557,0,0.596,0.609,9,-7.637,1,0.0646,0.505,0.0,0.991,0.54,117.876,4,sertanejo,1
0,183066,0,0.623,0.668,6,-7.282,0,0.0531,0.475,0.0,0.0862,0.823,161.948,4,pop,0
61,142588,0,0.402,0.405,9,-12.486,1,0.0713,0.513,0.0167,0.155,0.072,84.873,4,sad,1
63,161270,0,0.725,0.308,10,-14.737,0,0.0417,0.813,0.748,0.573,0.122,124.004,4,chill,1
55,347573,0,0.58,0.846,2,-3.464,1,0.0523,0.592,0.0,0.113,0.774,89.952,4,indian,1
61,179172,0,0.917,0.596,7,-7.378,1,0.0914,0.0555,0.0,0.667,0.511,131.96,4,k-pop,1
71,238666,0,0.42,0.672,6,-7.902,1,0.027,0.0067,0.0,0.108,0.476,168.019,4,grunge,1
46,268160,0,0.353,0.832,6,-9.83,0,0.18,0.386,1.85e-05,0.938,0.287,99.703,4,sertanejo,0
57,117391,0,0.801,0.643,5,-5.635,1,0.0355,0.824,5.09e-05,0.109,0.664,147.29,4,chill,1
62,85333,0,0.475,0.083,0,-28.071,1,0.0361,0.831,0.817,0.117,0.0362,54.528,4,anime,1
54,174922,0,0.623,0.484,0,-7.115,1,0.0566,0.713,0.0,0.582,0.446,139.251,4,sertanejo,1
28,196266,0,0.391,0.834,1,-6.657,1,0.048,0.0233,9.85e-05,0.363,0.694,92.147,4,grunge,0
50,186678,0,0.709,0.873,1,-2.423,0,0.032,0.501,0.0,0.15,0.837,145.972,4,sertanejo,1
43,275600,0,0.423,0.879,9,-4.092,1,0.082,0.0106,3.15e-05,0.0734,0.459,170.089,4,anime,0
59,226493,0,0.699,0.8,5,-4.717,0,0.0901,0.016,1.19e-06,0.0906,0.561,128.021,4,anime,1
73,182678,1,0.748,0.465,5,-8.163,1,0.0869,0.399,0.0,0.294,0.412,119.872,4,chill,1
52,97500,0,0.441,0.504,7,-9.469,1,0.359,0.897,0.000301,0.279,0.144,169.824,4,chill,1
49,135849,0,0.763,0.762,11,-4.641,1,0.0514,0.0397,0.000132,0.0548,0.692,106.021,4,chill,0
56,224000,1,0.652,0.483,6,-8.92,1,0.246,0.931,0.0,0.0959,0.469,78.267,4,sad,1
0,157779,0,0.769,0.395,2,-7.71,1,0.0287,0.285,0.0,0.0776,0.558,81.485,4,chill,0
43,285986,0,0.755,0.482,8,-8.645,1,0.0446,0.312,5.18e-05,0.118,0.205,105.023,4,k-pop,0
26,186133,0,0.529,0.902,1,-8.416,1,0.0545,0.00235,0.0122,0.327,0.421,163.972,4,grunge,0
58,286253,0,0.731,0.664,11,-9.817,0,0.0836,0.128,0.0,0.0608,0.724,164.108,4,pop-film,1
56,290548,0,0.536,0.706,2,-5.897,1,0.0274,0.5,0.00597,0.112,0.442,113.972,4,indian,1
76,183266,0,0.601,0.786,1,-3.706,1,0.234,0.213,0.0,0.209,0.79,172.156,4,k-pop,1
46,164757,0,0.663,0.824,4,-3.55,1,0.176,0.284,0.0,0.469,0.836,77.01,4,sertanejo,0
1,194087,0,0.701,0.425,7,-10.965,1,0.375,0.328,0.13,0.1,0.562,135.128,4,pop,0
58,278401,0,0.501,0.382,9,-9.31,1,0.0283,0.722,1.15e-05,0.154,0.264,80.657,4,pop-film,1
45,174206,0,0.648,0.068,9,-17.357,0,0.0454,0.953,0.0121,0.109,0.578,72.57,4,chill,0
74,265063,0,0.54,0.796,4,-7.538,1,0.0521,0.371,0.00165,0.11,0.636,78.99,4,indian,1
64,255000,0,0.457,0.768,9,-3.592,1,0.0378,0.169,0.0,0.103,0.232,99.739,4,grunge,1
43,267546,0,0.29,0.54,2,-7.491,1,0.0322,0.293,0.0,0.102,0.394,82.08,4,anime,0
60,104071,1,0.648,0.218,10,-13.603,0,0.384,0.817,0.005,0.108,0.596,88.577,4,emo,1
54,109241,0,0.672,0.285,1,-7.031,1,0.0474,0.241,0.905,0.25,0.454,145.0,4,sad,1
52,217960,0,0.478,0.676,11,-6.155,0,0.0708,0.00825,0.0,0.0583,0.416,148.039,4,grunge,1
63,316468,0,0.79,0.476,9,-10.674,1,0.0338,0.782,0.0942,0.113,0.774,123.977,4,emo,1
65,244573,0,0.357,0.549,11,-7.843,0,0.0698,0.000798,0.00485,0.22,0.531,130.749,4,grunge,1
63,350200,0,0.348,0.492,7,-4.844,1,0.0324,0.171,0.0,0.116,0.3,171.637,4,anime,1
73,311186,0,0.57,0.55,10,-8.343,1,0.035,0.524,3.73e-05,0.0921,0.435,117.999,4,indian,1
46,371957,0,0.363,0.493,9,-8.286,1,0.0408,0.604,8.75e-05,0.0989,0.384,146.794,3,indian,0
58,180789,1,0.548,0.63,5,-6.1,1,0.0343,0.0111,0.000721,0.128,0.338,75.972,4,sad,1
48,164376,0,0.44,0.306,2,-14.857,0,0.0378,0.888,0.894,0.0878,0.0702,75.006,4,anime,0
57,82698,0,0.576,0.291,2,-13.178,1,0.051,0.825,0.493,0.11,0.344,119.717,4,pop-film,1
44,184500,0,0.285,0.315,11,-10.124,1,0.0344,0.79,3.67e-05,0.096,0.175,79.886,4,indian,0
64,159168,0,0.541,0.688,7,-5.184,1,0.198,0.00479,0.0,0.0733,0.649,109.843,4,k-pop,1
64,257253,0,0.45,0.895,11,-4.739,1,0.0386,0.0293,0.0,0.116,0.463,77.577,4,grunge,1
58,169411,0,0.606,0.67,5,-6.009,1,0.0493,0.141,0.0,0.107,0.526,169.977,4,chill,1
81,161920,0,0.463,0.857,4,-3.063,1,0.0632,0.0506,0.0,0.184,0.856,111.647,4,emo,1
58,206315,1,0.852,0.34,7,-9.759,1,0.0614,0.787,7.44e-06,0.0842,0.141,114.023,4,chill,1
70,87411,0,0.593,0.275,6,-15.25,0,0.0638,0.816,0.0115,0.108,0.363,114.82,4,sad,1
47,225266,0,0.486,0.928,0,-4.056,1,0.0513,0.0532,0.0,0.168,0.443,82.468,4,emo,0
61,205493,0,0.406,0.81,1,-6.127,1,0.0343,1.04e-05,1.34e-06,0.325,0.638,128.282,4,grunge,1
58,220000,0,0.316,0.903,3,-3.234,1,0.0908,0.000331,7.19e-05,0.102,0.59,171.953,3,grunge,1
34,165148,1,0.739,0.638,9,-6.497,1,0.0262,0.201,0.0,0.123,0.536,101.058,4,emo,0
47,131146,0,0.805,0.241,2,-18.466,0,0.37,0.514,1.2e-05,0.15,0.387,131.94,4,sad,0
57,232936,0,0.294,0.697,6,-6.029,1,0.128,0.0398,0.00011,0.136,0.183,160.566,4,chill,1
57,266309,0,0.766,0.909,2,-6.181,0,0.0693,0.196,0.0,0.106,0.51,99.958,4,pop-film,1
58,211764,0,0.697,0.796,1,-3.685,0,0.0742,0.155,0.0,0.162,0.312,85.002,4,pop-film,1
46,172088,0,0.796,0.645,1,-6.302,1,0.0364,0.671,0.0,0.499,0.761,104.057,4,sertanejo,0
53,211307,1,0.569,0.499,4,-7.872,0,0.288,0.756,4.3e-06,0.104,0.281,138.678,4,chill,1
33,216000,1,0.504,0.63,5,-7.579,1,0.0655,0.0748,0.0,0.35,0.313,160.007,4,emo,0
54,276546,0,0.666,0.741,0,-10.85,0,0.261,0.224,0.0,0.447,0.916,75.186,4,k-pop,1
63,233013,0,0.681,0.847,7,-2.462,1,0.0869,0.0306,0.0,0.0808,0.507,167.031,4,k-pop,1
39,226359,0,0.63,0.855,9,-7.225,0,0.209,0.195,0.0,0.425,0.409,85.995,4,anime,0
0,295866,0,0.414,0.919,4,-2.475,1,0.069,0.00182,0.000136,0.387,0.643,148.116,4,anime,0
60,299119,0,0.79,0.848,2,-7.798,1,0.0508,0.364,0.00147,0.148,0.641,127.034,4,pop-film,1
49,252306,0,0.58,0.982,4,-3.428,0,0.0729,0.00696,4.82e-06,0.165,0.51,98.189,4,grunge,0
41,280746,0,0.505,0.947,6,-5.533,1,0.0546,1.06e-05,3.27e-06,0.374,0.551,115.993,4,grunge,0
68,218418,0,0.832,0.962,7,-5.859,1,0.0959,0.517,0.00239,0.0857,0.359,130.006,4,pop-film,1
45,202795,0,0.675,0.553,9,-4.014,1,0.0345,0.427,0.0,0.705,0.428,148.939,4,sertanejo,0
56,181198,0,0.613,0.428,1,-16.208,1,0.337,0.775,0.577,0.0932,0.219,101.041,4,sad,1
67,140142,0,0.722,0.543,2,-9.789,0,0.0692,0.355,0.411,0.0963,0.315,137.143,4,k-pop,1
53,341177,0,0.403,0.56,2,-7.46,1,0.0362,0.354,5.71e-06,0.125,0.168,155.701,4,indian,1
46,188895,0,0.522,0.635,7,-6.661,1,0.0303,0.199,0.0,0.0809,0.412,139.949,4,grunge,0
52,155126,0,0.483,0.892,1,-5.886,0,0.247,0.354,0.0,0.956,0.828,191.954,4,sertanejo,1
44,155820,0,0.538,0.609,3,-5.291,1,0.17,0.385,0.0,0.0968,0.716,199.36,4,sertanejo,0
2,216720,0,0.639,0.836,0,-4.878,0,0.048,0.027,0.0,0.283,0.814,104.998,4,pop,0
58,177026,0,0.738,0.305,0,-9.667,1,0.0286,0.851,1.74e-05,0.15,0.489,116.07,1,indian,1
55,135739,1,0.82,0.691,6,-6.646,0,0.0723,0.0113,0.0,0.344,0.683,142.028,4,emo,1
62,159080,1,0.392,0.499,11,-6.997,1,0.0425,0.0166,0.0,0.234,0.232,135.551,4,emo,1
48,317884,0,0.502,0.612,2,-4.787,1,0.0269,0.204,1.46e-06,0.117,0.419,82.021,4,indian,0
0,333800,1,0.793,0.737,6,-4.731,0,0.0785,0.0765,0.0,0.0747,0.697,167.969,4,pop,0
33,160496,0,0.339,0.551,7,-9.123,0,0.0345,0.00925,0.000654,0.461,0.424,82.935,4,anime,0
49,182587,0,0.45,0.806,7,-4.741,0,0.13,0.585,0.0,0.1,0.43,178.331,4,sertanejo,0
68,332711,0,0.638,0.631,4,-6.993,0,0.0353,0.624,0.0144,0.074,0.46,119.973,4,pop-film,1
53,72306,0,0.648,0.172,0,-21.154,1,0.303,0.885,0.065,0.495,0.563,94.484,4,chill,1
42,294000,0,0.517,0.742,4,-6.067,0,0.0725,0.0995,0.0125,0.0947,0.0637,121.206,4,emo,0
44,211193,0,0.633,0.743,7,-8.029,1,0.0362,0.29,0.00696,0.0629,0.548,176.021,4,indian,0
52,184600,0,0.581,0.68,8,-5.076,0,0.0357,0.11,0.0,0.177,0.438,107.986,4,anime,1
48,241714,0,0.636,0.288,1,-13.341,1,0.0583,0.888,0.184,0.109,0.289,140.07,4,chill,0
42,135312,0,0.485,0.245,2,-12.661,0,0.0677,0.782,1.59e-06,0.11,0.178,98.54,4,chill,0
60,203733,0,0.363,0.71,2,-3.08,1,0.0308,0.216,0.0,0.121,0.383,170.113,4,emo,1
60,252800,1,0.298,0.927,10,-4.396,0,0.0995,0.00021,0.0,0.296,0.389,133.997,4,grunge,1
63,270438,0,0.611,0.612,2,-7.978,1,0.114,0.441,0.0,0.18,0.898,171.841,4,indian,1
83,185586,0,0.496,0.863,9,-4.153,1,0.0381,0.0046,0.0,0.639,0.243,110.018,4,grunge,1
70,210000,0,0.665,0.539,11,-7.213,0,0.0474,0.825,5.85e-06,0.121,0.368,110.101,4,pop,1
48,214880,0,0.492,0.581,1,-5.922,1,0.047,0.471,0.0,0.0509,0.351,100.033,4,anime,0
55,278146,0,0.838,0.494,0,-10.255,1,0.0413,0.495,0.000701,0.299,0.729,119.978,4,pop-film,1
3,200681,0,0.482,0.142,3,-12.82,1,0.0516,0.923,0.0,0.136,0.456,114.709,3,pop-film,0
59,115662,0,0.75,0.618,1,-4.633,0,0.0761,0.0273,0.149,0.102,0.548,83.004,4,emo,1
54,235022,1,0.789,0.656,9,-8.559,0,0.108,0.28,0.0,0.179,0.0593,141.996,4,sad,1
50,187326,0,0.374,0.965,6,-4.239,0,0.0622,0.0589,0.511,0.137,0.0678,102.518,4,emo,1
49,204831,0,0.453,0.888,8,-3.761,0,0.0528,0.0117,5.26e-06,0.0879,0.229,96.548,4,grunge,0
72,199026,0,0.658,0.749,9,-2.967,0,0.0634,0.238,2.03e-06,0.272,0.442,128.909,4,k-pop,1
51,117468,0,0.421,0.359,1,-10.406,1,0.0843,0.978,0.0503,0.279,0.463,169.517,3,chill,1
0,242096,0,0.586,0.616,5,-7.964,1,0.0324,0.182,0.0,0.0927,0.719,148.088,4,pop,0
38,226581,0,0.239,0.419,1,-9.635,1,0.0314,0.188,0.188,0.112,0.0379,102.709,4,anime,0
58,225310,0,0.638,0.731,2,-4.537,1,0.0641,0.101,3.34e-05,0.248,0.684,89.928,4,pop-film,1
57,117655,1,0.64,0.505,5,-10.37,1,0.13,0.365,0.0,0.211,0.245,99.82,4,sad,1
61,213818,0,0.661,0.396,7,-13.093,0,0.0466,0.457,0.258,0.919,0.0352,109.989,4,sad,1
60,333740,0,0.63,0.746,0,-6.551,0,0.0398,0.175,0.000836,0.271,0.34,102.954,4,pop-film,1
71,195306,0,0.782,0.731,3,-4.581,0,0.143,0.0376,3.15e-05,0.0956,0.824,138.032,4,k-pop,1
61,213818,0,0.661,0.396,7,-13.093,0,0.0466,0.457,0.258,0.919,0.0352,109.989,4,chill,1
0,197442,0,0.627,0.618,2,-8.529,1,0.0437,0.0558,0.0,0.351,0.848,82.03,4,pop,0
43,105607,0,0.631,0.498,2,-8.702,0,0.0394,0.563,0.888,0.0987,0.249,140.009,4,anime,0
44,197927,1,0.762,0.545,1,-10.262,1,0.348,0.152,0.0,0.352,0.248,129.887,4,sad,0
54,210067,1,0.812,0.38,5,-8.171,1,0.0362,0.712,0.0,0.0994,0.899,115.975,4,emo,1
55,149610,0,0.42,0.166,1,-17.235,1,0.0763,0.924,5.56e-06,0.101,0.267,77.489,4,chill,1
51,195893,0,0.44,0.993,2,-3.481,0,0.184,0.0104,0.0,0.964,0.614,169.77,4,grunge,1
60,151914,1,0.599,0.857,7,-5.7,1,0.299,0.0321,0.0,0.4,0.469,187.985,4,emo,1
26,180845,0,0.444,0.85,9,-4.325,1,0.0353,1.29e-05,0.016,0.201,0.386,94.968,3,grunge,0
2,256768,0,0.359,0.611,6,-7.676,0,0.0389,0.206,0.0254,0.0898,0.427,93.05,4,pop,0
65,262956,0,0.749,0.745,6,-7.367,0,0.0479,0.0041,0.395,0.0748,0.347,115.048,4,chill,1
0,183066,0,0.623,0.668,6,-7.282,0,0.0531,0.475,0.0,0.0862,0.823,161.948,4,pop,0
58,195882,0,0.724,0.492,7,-8.264,0,0.0328,0.239,0.00159,0.0869,0.184,102.009,4,chill,1
58,218813,0,0.428,0.449,1,-12.114,0,0.0342,0.000351,0.000498,0.253,0.196,113.308,4,grunge,1
0,244426,0,0.589,0.492,11,-6.404,1,0.0258,0.163,0.0,0.0786,0.526,96.016,4,emo,0
25,427800,0,0.438,0.823,4,-10.983,1,0.0567,0.25,0.0222,0.908,0.295,116.464,4,grunge,0
46,286956,0,0.384,0.648,4,-6.734,1,0.0365,0.0314,0.0,0.0883,0.261,146.153,4,sertanejo,0
74,193080,0,0.445,0.179,1,-12.938,1,0.0396,0.952,0.00056,0.107,0.119,72.246,4,chill,1
30,221653,0,0.409,0.738,4,-4.582,0,0.0353,0.0204,0.0,0.34,0.359,153.955,4,grunge,0
54,135991,0,0.772,0.469,1,-7.992,1,0.0384,0.744,0.0,0.109,0.7,118.057,4,chill,1
48,139533,0,0.4,0.405,9,-16.459,1,0.0303,0.735,0.808,0.116,0.0955,171.966,4,anime,0
68,165340,0,0.676,0.742,8,-5.017,1,0.162,0.561,0.0,0.155,0.694,77.071,4,k-pop,1
65,241448,0,0.531,0.431,2,-8.937,0,0.037,0.868,2.47e-05,0.127,0.19,107.99,4,pop-film,1
7,166253,0,0.647,0.801,1,-2.946,0,0.249,0.0451,0.0,0.0628,0.517,180.108,4,pop,0
73,175889,0,0.813,0.657,0,-6.447,1,0.0372,0.00269,0.0,0.183,0.651,110.053,3,k-pop,1
41,156808,0,0.737,0.83,11,-4.767,0,0.349,0.485,0.0,0.0936,0.591,75.02,4,anime,0
73,169566,0,0.752,0.642,3,-5.165,0,0.0869,0.0861,0.0,0.0953,0.388,95.043,4,pop,1
45,212093,0,0.614,0.622,10,-8.264,1,0.0312,0.0296,0.0,0.659,0.539,148.959,4,chill,0
38,257579,1,0.467,0.853,2,-4.439,1,0.354,0.468,0.0,0.0928,0.374,77.98,4,emo,0
55,300066,0,0.425,0.75,2,-4.796,1,0.0293,0.00335,0.0,0.115,0.266,86.911,4,grunge,1
47,198000,0,0.584,0.548,8,-10.19,1,0.0361,0.669,0.0036,0.164,0.386,160.002,4,indian,0
42,67452,0,0.324,0.119,7,-15.777,0,0.0413,0.99,0.902,0.0841,0.199,70.085,4,indian,0
56,161333,0,0.35,0.834,6,-3.856,0,0.0596,0.00164,1.19e-05,0.149,0.424,192.005,4,emo,1
49,193205,0,0.478,0.81,9,-4.67,1,0.0792,0.295,0.0,0.097,0.703,132.846,4,sertanejo,0
63,200693,0,0.553,0.907,9,-5.623,0,0.0484,0.00401,0.0,0.266,0.451,100.967,4,grunge,1
58,209226,0,0.405,0.409,7,-7.149,1,0.0305,0.343,0.0,0.197,0.233,119.954,3,emo,1
58,279515,1,0.752,0.481,11,-9.203,0,0.044,0.419,3.11e-05,0.366,0.393,135.671,4,emo,1
52,197783,0,0.572,0.86,0,-3.471,1,0.114,0.081,0.0,0.146,0.897,182.066,4,sertanejo,1
70,213055,0,0.778,0.227,1,-16.191,1,0.0379,0.983,0.14,0.113,0.38,116.033,4,indian,1
59,195760,0,0.681,0.74,10,-5.63,1,0.0412,0.453,0.0,0.952,0.5,113.818,4,sertanejo,1
45,175333,0,0.411,0.293,5,-10.393,1,0.0298,0.801,0.000591,0.0721,0.139,179.81,3,k-pop,0
43,101820,0,0.523,0.617,9,-7.76,0,0.0265,0.0856,0.857,0.139,0.0868,79.964,4,anime,0
48,243773,0,0.459,0.718,10,-5.596,1,0.0319,0.0505,0.0,0.0951,0.34,149.791,4,grunge,0
33,169973,0,0.341,0.98,1,-3.801,0,0.149,0.000916,3.28e-06,0.362,0.521,186.712,4,emo,0
49,279841,0,0.661,0.9,8,-5.54,1,0.0347,0.00291,0.000794,0.272,0.677,134.015,4,indian,0
7,242195,0,0.626,0.726,7,-4.139,0,0.03,0.953,0.000416,0.284,0.896,104.33,4,pop-film,0
68,254173,0,0.718,0.573,1,-7.309,0,0.0451,0.458,0.00533,0.0953,0.686,180.043,4,pop-film,1
47,142032,0,0.76,0.828,1,-4.581,0,0.0571,0.485,0.0,0.638,0.583,129.999,4,sertanejo,0
60,255400,0,0.41,0.834,5,-5.375,1,0.054,0.0651,0.0,0.115,0.333,147.982,4,emo,1
47,109500,0,0.557,0.447,5,-10.288,1,0.043,0.976,0.512,0.132,0.18,150.673,4,chill,0
57,162280,0,0.562,0.861,9,-4.248,1,0.0418,0.669,8.02e-06,0.422,0.249,109.497,4,sertanejo,1
34,427760,0,0.389,0.947,10,-6.817,0,0.125,0.0589,4.28e-06,0.885,0.182,92.407,4,emo,0
2,194761,0,0.508,0.132,10,-11.755,1,0.0331,0.894,0.0,0.106,0.441,75.062,4,pop-film,0
55,268333,0,0.567,0.3,11,-8.421,0,0.0291,0.0145,0.0,0.0687,0.196,141.819,4,anime,1
56,216055,1,0.643,0.42,8,-10.602,1,0.0629,0.753,0.00344,0.0999,0.204,108.971,4,chill,1
62,108120,1,0.844,0.402,11,-8.643,0,0.109,0.92,0.0,0.102,0.471,91.044,4,sad,1
71,84875,0,0.719,0.63,5,-7.142,1,0.0853,0.255,0.557,0.141,0.4,170.103,4,chill,1
57,187194,0,0.633,0.424,5,-9.911,1,0.0299,0.736,0.00182,0.218,0.258,86.0,4,sad,1
54,230280,0,0.428,0.493,5,-5.895,1,0.027,0.14,0.0,0.0976,0.605,184.151,4,sertanejo,1
14,276964,0,0.592,0.698,0,-7.593,1,0.033,0.77,0.0469,0.0951,0.396,112.019,4,indian,0
50,103200,0,0.784,0.146,10,-18.221,1,0.0552,0.739,0.00523,0.0991,0.191,75.035,4,sad,1
0,169756,0,0.601,0.713,4,-3.758,0,0.0449,0.0282,0.0,0.158,0.464,122.872,4,pop,0
59,160000,1,0.698,0.402,6,-9.444,0,0.0333,0.196,0.0,0.104,0.151,119.943,4,emo,1
36,231653,1,0.58,0.444,2,-9.43,1,0.407,0.187,0.0,0.121,0.426,81.681,4,emo,0
43,207031,0,0.735,0.651,4,-5.897,0,0.315,0.262,0.0,0.133,0.163,80.08,4,anime,0
47,319946,0,0.566,0.419,7,-7.661,1,0.0385,0.771,0.0,0.28,0.186,147.881,4,k-pop,0
60,272082,0,0.676,0.671,0,-6.271,1,0.0526,0.568,0.0,0.0885,0.572,81.046,4,pop-film,1
46,210000,0,0.613,0.851,7,-2.41,0,0.0337,0.0309,1.06e-06,0.109,0.862,152.043,4,sertanejo,0
60,160090,1,0.855,0.566,1,-9.905,1,0.239,0.111,0.0,0.0868,0.83,119.972,4,sad,1
69,164666,0,0.678,0.825,3,-4.417,0,0.196,0.0527,0.0,0.0963,0.631,90.047,4,pop,1
53,261238,0,0.274,0.719,8,-5.459,1,0.173,0.00386,2.03e-06,0.0715,0.281,185.038,4,anime,1
64,197800,1,0.541,0.916,7,-5.964,0,0.0612,0.00326,2.04e-06,0.0967,0.627,156.015,4,grunge,1
60,181305,0,0.645,0.242,2,-13.986,0,0.0402,0.805,0.894,0.115,0.0744,140.015,4,chill,1
55,378026,0,0.682,0.532,7,-14.121,1,0.0966,0.0155,0.00041,0.128,0.614,95.007,4,k-pop,1
47,193080,0,0.728,0.558,7,-8.259,1,0.0343,0.652,0.0,0.39,0.817,104.172,4,sertanejo,0
59,203428,1,0.863,0.611,7,-9.613,1,0.158,0.00347,0.000159,0.0865,0.0518,104.959,4,sad,1
35,206132,0,0.57,0.894,5,-6.04,1,0.0908,0.0208,0.0,0.364,0.641,137.888,4,anime,0
44,210466,0,0.439,0.299,2,-13.427,1,0.0452,0.849,0.000226,0.171,0.578,111.393,3,sertanejo,0
61,105142,1,0.774,0.352,6,-13.13,0,0.214,0.105,0.741,0.348,0.258,80.51,4,chill,1
60,310924,0,0.548,0.733,2,-6.634,1,0.0654,0.574,5.29e-06,0.182,0.574,86.96,4,pop-film,1
50,305746,0,0.459,0.46,7,-6.616,1,0.038,0.679,0.0,0.109,0.586,140.184,4,sertanejo,1
65,192596,0,0.716,0.906,2,-3.539,1,0.0719,0.00424,0.0,0.0547,0.763,101.029,4,k-pop,1
63,223533,0,0.449,0.682,2,-5.295,0,0.029,0.205,0.0,0.175,0.254,139.924,4,grunge,1
52,168346,0,0.471,0.977,9,-3.593,0,0.054,0.0435,0.0777,0.433,0.762,159.992,4,grunge,1
38,176166,0,0.535,0.877,7,-9.381,1,0.497,0.593,0.0,0.202,0.543,90.248,4,anime,0
63,231022,0,0.774,0.584,11,-7.89,0,0.107,0.231,0.0,0.198,0.444,132.0,4,pop-film,1
80,217306,0,0.765,0.523,2,-4.333,1,0.03,0.184,3.56e-05,0.132,0.394,104.988,4,pop,1
61,207335,0,0.808,0.403,0,-13.878,0,0.04,0.707,0.929,0.193,0.513,131.952,4,chill,1
36,202718,0,0.607,0.695,0,-9.537,1,0.0567,0.163,4.26e-06,0.109,0.594,150.061,4,pop,0
47,181178,1,0.808,0.462,0,-11.588,1,0.0622,0.444,0.0,0.111,0.393,105.042,4,sad,0
65,227066,1,0.733,0.655,4,-7.574,0,0.0472,0.0246,0.0,0.156,0.265,138.023,4,emo,1
22,193500,0,0.79,0.532,6,-8.617,1,0.0311,0.713,0.0,0.104,0.696,119.915,4,sad,0
45,332403,0,0.403,0.77,8,-6.787,0,0.0434,0.195,0.0,0.151,0.428,140.616,4,indian,0
48,200773,0,0.513,0.779,4,-6.644,1,0.0362,0.163,1.21e-05,0.698,0.618,163.98,4,sertanejo,0
73,121671,1,0.835,0.462,7,-6.227,1,0.155,0.513,0.0,0.0875,0.702,78.99,4,emo,1
27,235026,0,0.474,0.924,5,-4.277,1,0.0467,3.37e-05,0.00105,0.044,0.345,96.146,4,grunge,0
68,291462,0,0.563,0.495,2,-10.272,1,0.0362,0.781,0.0,0.0837,0.244,125.998,4,pop-film,1
47,187293,0,0.549,0.239,2,-9.947,1,0.305,0.863,0.0,0.109,0.616,201.486,5,sertanejo,0
48,245440,0,0.472,0.628,5,-8.862,1,0.0349,0.394,0.0415,0.484,0.352,106.04,3,sertanejo,0
48,335146,0,0.174,0.717,0,-4.741,1,0.0458,0.115,0.0,0.352,0.424,191.988,3,emo,0
32,213618,0,0.671,0.849,4,-7.664,0,0.224,0.547,0.0,0.0806,0.528,84.968,4,anime,0
67,157523,0,0.735,0.37,5,-12.581,0,0.0705,0.389,0.00163,0.106,0.305,112.015,4,chill,1
51,312186,0,0.863,0.746,9,-8.987,0,0.186,0.339,0.00105,0.194,0.84,141.913,4,indian,1
27,246836,0,0.357,0.963,3,-6.446,0,0.0796,0.000111,4.72e-06,0.0276,0.41,168.012,4,grunge,0
6,167760,0,0.705,0.562,8,-3.378,0,0.0674,0.257,0.0,0.137,0.569,163.893,4,pop,0
52,166791,0,0.657,0.875,1,-3.621,0,0.0583,0.497,0.0,0.386,0.954,82.512,4,sertanejo,1
78,189413,0,0.766,0.651,5,-3.546,0,0.0952,0.211,2.51e-06,0.144,0.488,121.995,4,k-pop,1
84,210560,1,0.664,0.609,1,-6.509,1,0.0707,0.304,0.0,0.0926,0.194,130.041,4,pop,1
0,203807,0,0.695,0.884,6,-2.278,0,0.0753,0.0561,0.0,0.213,0.914,103.014,4,pop,0
92,167303,0,0.52,0.731,6,-5.338,0,0.0557,0.342,0.00101,0.311,0.662,173.93,4,pop,1
48,228360,0,0.838,0.64,10,-6.163,1,0.0312,0.383,3.13e-06,0.415,0.793,122.044,4,sertanejo,0
46,152320,0,0.777,0.215,0,-13.706,1,0.0535,0.89,0.00773,0.109,0.221,111.017,4,indian,0
33,375560,0,0.546,0.807,0,-5.803,1,0.132,0.593,0.0,0.809,0.615,88.027,4,anime,0
43,217078,0,0.695,0.942,10,-4.827,0,0.17,0.0281,0.000121,0.315,0.659,149.907,4,k-pop,0
41,354471,1,0.798,0.705,1,-6.396,1,0.37,0.397,0.0,0.0994,0.457,167.934,4,anime,0
32,297813,0,0.568,0.622,11,-8.15,1,0.03,0.0609,2.62e-06,0.301,0.833,81.935,4,grunge,0
72,218666,0,0.538,0.763,11,-6.346,0,0.205,0.0152,0.0,0.109,0.484,180.002,4,pop,1
37,199758,1,0.536,0.586,11,-11.617,0,0.319,0.15,0.0,0.128,0.234,133.797,4,emo,0
58,329072,0,0.648,0.52,7,-8.543,1,0.0249,0.674,0.00129,0.0821,0.492,102.975,4,pop-film,1
68,112800,1,0.421,0.154,0,-12.405,1,0.0319,0.102,0.00692,0.207,0.0949,99.886,4,emo,1
70,231013,0,0.279,0.742,4,-6.46,0,0.0898,0.000185,0.0,0.593,0.328,189.868,4,pop,1
45,175320,0,0.673,0.799,0,-3.806,1,0.0381,0.372,0.0,0.786,0.597,120.042,4,sertanejo,0
60,160042,0,0.621,0.417,2,-9.719,1,0.0324,0.303,9.18e-06,0.31,0.204,133.902,4,chill,1
44,236700,0,0.25,0.618,2,-7.705,1,0.0378,0.16,0.0169,0.109,0.12,66.632,4,indian,0
66,185293,0,0.594,0.869,0,-4.995,0,0.0728,0.0638,0.0,0.346,0.802,152.113,4,anime,1
51,156368,0,0.688,0.492,5,-8.459,1,0.0256,0.492,0.000227,0.147,0.638,107.918,4,k-pop,1
56,195306,0,0.543,0.919,1,-4.831,0,0.0415,0.000441,0.0,0.238,0.498,125.017,4,grunge,1
46,319600,0,0.565,0.683,1,-11.099,0,0.0391,0.616,0.0,0.218,0.964,81.795,3,k-pop,0
44,262466,0,0.285,0.572,1,-10.125,1,0.0567,0.782,0.0174,0.176,0.772,149.383,3,k-pop,0
61,161261,1,0.536,0.646,4,-8.694,0,0.0407,0.166,0.0,0.133,0.296,160.037,4,emo,1
59,387169,0,0.512,0.67,3,-5.792,1,0.027,0.034,0.0,0.309,0.446,105.957,4,pop-film,1
57,122122,1,0.479,0.284,0,-15.633,0,0.398,0.964,8.21e-06,0.108,0.655,175.025,5,sad,1
50,192407,0,0.674,0.564,10,-12.6,0,0.114,0.109,0.6,0.784,0.658,160.028,4,chill,1
68,242322,0,0.392,0.574,5,-5.744,1,0.0336,0.627,0.0,0.532,0.446,65.528,4,pop,1
56,147318,1,0.703,0.552,11,-10.288,1,0.195,0.835,0.101,0.569,0.609,176.132,4,sad,1
52,149857,1,0.672,0.733,11,-5.377,1,0.0566,0.00289,0.0,0.199,0.354,105.043,4,emo,1
62,240613,0,0.748,0.868,5,-2.296,0,0.0533,0.0225,4.85e-06,0.367,0.513,124.952,4,k-pop,1
45,168000,1,0.879,0.484,6,-6.909,1,0.206,0.346,0.0,0.124,0.54,125.898,4,emo,0
44,99636,0,0.763,0.434,0,-12.659,1,0.16,0.69,5.7e-05,0.105,0.417,76.81,4,chill,0
65,190422,0,0.749,0.85,0,-4.346,1,0.0468,0.0319,4.81e-05,0.0678,0.672,145.983,4,k-pop,1
47,95108,0,0.483,0.24,9,-18.583,0,0.0883,0.919,0.726,0.155,0.506,95.164,3,chill,0
52,121600,1,0.652,0.74,0,-5.865,0,0.0284,0.127,0.364,0.104,0.352,150.019,4,sad,1
52,282680,0,0.546,0.663,9,-6.071,1,0.0536,0.00938,0.0,0.178,0.407,171.698,4,anime,1
46,166306,0,0.337,0.741,11,-2.769,1,0.0555,0.381,0.0,0.774,0.85,167.498,3,sertanejo,0
64,290053,0,0.432,0.695,1,-8.022,1,0.111,0.732,0.0014,0.274,0.513,116.153,3,pop-film,1
54,357786,0,0.398,0.355,4,-12.434,0,0.0305,0.512,4.09e-05,0.146,0.634,143.147,4,k-pop,1
56,101615,0,0.501,0.0664,7,-20.161,1,0.0332,0.983,0.00057,0.123,0.547,94.04,4,indian,1
45,328992,0,0.4,0.553,5,-8.263,0,0.0337,0.471,2.96e-06,0.124,0.365,79.269,4,k-pop,0
54,541346,0,0.403,0.439,9,-15.154,0,0.0555,0.073,0.00069,0.0828,0.325,84.822,4,k-pop,1
76,204733,0,0.356,0.96,4,-3.487,1,0.104,0.0142,0.0,0.209,0.0857,125.921,4,emo,1
54,257066,0,0.798,0.813,9,-6.198,0,0.205,0.502,0.0,0.0846,0.802,89.807,3,k-pop,1
76,205493,0,0.657,0.88,10,-3.672,0,0.102,0.121,0.0,0.463,0.769,150.084,4,k-pop,1
65,225697,0,0.761,0.761,5,-5.721,0,0.0899,0.242,0.0,0.103,0.484,121.971,4,k-pop,1
64,258877,0,0.528,0.615,5,-7.118,1,0.0372,0.491,0.000111,0.104,0.225,123.988,4,pop-film,1
61,331443,0,0.601,0.802,3,-6.537,0,0.0372,0.158,1.45e-06,0.314,0.345,109.989,4,pop-film,1
0,238106,0,0.286,0.929,11,-8.494,0,0.091,0.00231,0.00074,0.0946,0.127,99.762,4,emo,0
82,191964,0,0.812,0.89,6,-2.661,0,0.209,0.0961,0.0,0.0222,0.69,100.006,4,k-pop,1
60,122070,0,0.45,0.562,11,-9.653,0,0.109,0.114,0.639,0.231,0.432,144.96,4,sad,1
31,292853,1,0.499,0.777,6,-5.09,0,0.0323,0.00102,0.0333,0.122,0.119,103.048,4,grunge,0
70,226321,0,0.639,0.706,7,-7.874,1,0.448,0.0104,0.0,0.132,0.259,105.782,4,k-pop,1
2,197442,0,0.627,0.618,2,-8.529,1,0.0437,0.0558,0.0,0.351,0.848,82.03,4,pop,0
67,217992,0,0.581,0.424,8,-6.616,1,0.0269,0.723,0.0,0.101,0.352,98.936,4,pop-film,1
47,261133,0,0.693,0.777,6,-6.775,1,0.035,0.168,0.0,0.07,0.626,126.335,4,sertanejo,0
49,201626,0,0.611,0.528,2,-4.72,1,0.0236,0.176,0.0,0.28,0.292,104.01,4,sertanejo,0
59,387716,0,0.583,0.308,7,-18.303,0,0.0465,0.581,0.0106,0.257,0.241,118.226,4,indian,1
25,269200,0,0.288,0.979,4,-5.42,0,0.105,0.00208,1.91e-05,0.943,0.357,159.302,4,grunge,0
69,309457,0,0.55,0.488,6,-8.059,1,0.0284,0.718,0.000118,0.126,0.301,136.025,3,pop,1
61,250633,0,0.514,0.601,0,-8.046,1,0.0677,0.302,0.0,0.075,0.452,92.648,4,k-pop,1
47,231240,0,0.671,0.354,10,-14.556,0,0.148,0.539,1.45e-05,0.436,0.454,109.935,4,indian,0
48,165600,0,0.625,0.464,0,-9.118,0,0.089,0.583,2.87e-06,0.0907,0.343,100.141,4,emo,0
60,153704,0,0.683,0.738,8,-6.455,1,0.127,0.122,0.0,0.315,0.519,178.98,4,emo,1
31,231724,0,0.568,0.833,9,-9.213,1,0.185,0.0406,0.0,0.0685,0.963,96.109,5,pop-film,0
7,182506,0,0.678,0.698,7,-4.57,1,0.0587,0.00214,4.94e-06,0.0945,0.812,192.005,4,pop,0
69,199053,0,0.746,0.765,6,-4.41,0,0.0993,0.0112,0.0,0.0936,0.737,114.044,4,k-pop,1
70,351587,0,0.527,0.525,1,-8.106,1,0.0337,0.876,1.41e-05,0.172,0.257,99.638,4,pop,1
54,243053,0,0.478,0.863,1,-4.914,0,0.0387,0.0181,0.0,0.111,0.491,92.004,4,grunge,1
36,339853,0,0.56,0.925,0,-5.48,1,0.0362,0.0372,0.0,0.104,0.178,135.009,4,grunge,0
55,99474,0,0.521,0.27,8,-17.214,1,0.34,0.142,0.0,0.334,0.345,103.144,1,sad,1
64,266653,0,0.644,0.818,6,-5.924,0,0.0549,0.431,2.62e-05,0.0806,0.789,118.477,4,pop-film,1
54,219437,0,0.608,0.638,11,-6.008,0,0.0292,0.581,0.0172,0.448,0.439,140.109,4,indian,1
0,206959,0,0.342,0.991,2,-2.836,1,0.125,2.44e-05,0.049,0.404,0.242,176.359,4,grunge,0
62,236748,0,0.558,0.856,11,-3.815,0,0.0531,0.00153,0.0,0.0979,0.53,132.89,4,k-pop,1
47,260706,0,0.499,0.891,4,-3.757,0,0.0459,2.86e-05,0.000313,0.28,0.215,99.995,4,anime,0
0,215200,0,0.552,0.443,7,-7.558,1,0.0276,0.776,0.0,0.101,0.448,111.895,4,emo,0
56,303020,0,0.716,0.562,5,-8.741,1,0.0315,0.529,0.000133,0.0928,0.533,105.004,4,indian,1
55,129708,0,0.644,0.714,0,-6.897,0,0.0524,0.152,0.00358,0.106,0.279,162.998,4,sad,1
42,236226,0,0.527,0.839,9,-5.465,1,0.0391,0.000169,4.47e-06,0.282,0.719,141.025,4,emo,0
70,343906,0,0.473,0.562,0,-8.624,1,0.0451,0.65,0.000117,0.12,0.316,74.653,3,indian,1
51,294760,0,0.525,0.665,0,-6.579,1,0.0274,0.577,0.0,0.142,0.36,82.044,4,anime,1
30,199680,0,0.468,0.882,6,-3.906,1,0.0636,0.00347,1.57e-06,0.372,0.327,164.035,4,grunge,0
80,223840,0,0.446,0.764,10,-5.042,1,0.033,0.00135,0.0,0.099,0.543,172.094,4,grunge,1
59,197984,0,0.468,0.742,4,-8.229,0,0.0844,0.333,1.39e-05,0.0825,0.372,147.014,3,pop-film,1
59,284073,0,0.672,0.558,5,-7.936,0,0.0297,0.0111,1.31e-05,0.124,0.236,109.999,4,pop-film,1
3,242280,1,0.565,0.551,0,-7.007,0,0.0687,0.0845,0.0,0.139,0.125,112.98,4,pop,0
61,246713,0,0.613,0.843,1,-1.702,0,0.0505,0.0491,4.29e-05,0.0646,0.821,142.996,4,anime,1
45,226104,0,0.521,0.896,0,-4.436,1,0.0625,0.0932,0.000397,0.911,0.498,154.971,4,sertanejo,0
65,183973,0,0.636,0.884,7,-4.743,1,0.0584,0.0142,0.0,0.253,0.446,109.16,4,grunge,1
53,198093,0,0.514,0.126,9,-19.799,0,0.0559,0.885,0.953,0.113,0.0386,80.455,4,anime,1
53,292960,0,0.639,0.641,0,-8.381,0,0.0321,0.166,0.00113,0.0937,0.366,84.992,4,k-pop,1
60,307720,0,0.682,0.608,5,-9.902,0,0.0436,0.425,3.69e-05,0.122,0.536,79.981,4,pop-film,1
0,208520,0,0.677,0.506,9,-6.652,0,0.0964,0.345,0.0,0.118,0.497,145.843,4,pop,0
0,232800,0,0.474,0.671,4,-4.649,1,0.0289,0.0129,0.0,0.159,0.0682,82.94,4,grunge,0
65,242560,1,0.417,0.706,6,-4.652,0,0.0945,0.00933,0.000572,0.474,0.512,127.884,4,grunge,1
50,197178,0,0.536,0.704,1,-4.33,0,0.0508,0.217,0.0,0.32,0.428,155.016,3,sertanejo,1
58,333653,0,0.69,0.78,8,-7.412,0,0.0489,0.117,0.0,0.0696,0.718,110.963,4,pop-film,1
43,346280,0,0.41,0.48,2,-9.692,1,0.0316,0.534,6.39e-05,0.101,0.332,167.733,4,indian,0
25,218480,0,0.367,0.944,2,-4.892,0,0.0814,1.32e-05,0.0,0.252,0.35,134.245,4,grunge,0
59,295866,1,0.406,0.763,5,-7.246,0,0.0929,0.569,0.0,0.345,0.65,147.986,4,emo,1
49,193424,0,0.377,0.608,0,-4.446,1,0.0313,0.226,0.0,0.119,0.703,100.006,4,sertanejo,0
64,204507,0,0.706,0.693,0,-5.502,1,0.259,0.0123,0.0,0.346,0.838,141.794,4,pop,1
71,108695,0,0.613,0.339,5,-14.908,0,0.135,0.678,0.0,0.166,0.292,106.582,5,sad,1
51,244153,0,0.489,0.404,2,-12.445,1,0.0332,0.101,6.78e-05,0.255,0.311,129.992,4,emo,1
37,219536,0,0.743,0.743,4,-6.982,0,0.271,0.184,0.0,0.0864,0.656,200.119,4,anime,0
55,206912,0,0.689,0.587,9,-4.42,1,0.0292,0.701,0.0,0.108,0.474,105.919,4,sertanejo,1
67,260590,0,0.575,0.541,5,-6.45,1,0.0237,0.759,0.0,0.111,0.27,87.022,4,pop,1
42,283312,0,0.639,0.386,10,-8.845,1,0.0252,0.822,1.85e-06,0.107,0.158,91.89,4,indian,0
45,270632,0,0.695,0.711,0,-6.841,1,0.0395,0.0858,0.00211,0.0945,0.494,109.974,4,indian,0
60,209266,0,0.417,0.871,1,-3.54,1,0.039,0.000483,3.43e-05,0.0867,0.188,142.003,4,grunge,1
58,202507,0,0.482,0.0977,2,-16.832,1,0.0688,0.973,2.95e-05,0.168,0.291,86.111,4,sad,1
56,264805,0,0.559,0.541,10,-5.525,1,0.0313,0.34,4.66e-06,0.102,0.309,83.978,4,pop-film,1
0,223613,0,0.409,0.57,6,-10.54,0,0.0711,0.687,0.0,0.173,0.336,128.657,4,pop,0
47,151384,0,0.623,0.242,10,-15.055,1,0.0698,0.877,0.000745,0.208,0.191,129.907,4,sad,0
48,146362,0,0.694,0.492,1,-7.055,1,0.276,0.379,0.0,0.174,0.198,145.033,4,sad,0
46,262933,0,0.399,0.739,11,-3.708,1,0.0295,0.0128,0.0,0.106,0.337,161.892,3,grunge,0
65,155428,1,0.534,0.449,11,-10.688,0,0.0422,0.44,0.0,0.0934,0.24,105.075,4,emo,1
77,228855,0,0.603,0.573,1,-5.843,1,0.0502,0.478,0.0,0.0971,0.236,82.941,4,pop,1
42,232000,0,0.73,0.583,9,-7.614,1,0.193,0.362,0.0,0.232,0.638,174.201,4,emo,0
58,473025,0,0.548,0.506,6,-13.684,0,0.0495,0.492,0.000442,0.189,0.641,85.628,4,pop-film,1
0,224158,0,0.514,0.61,9,-8.051,0,0.265,0.232,0.00542,0.0869,0.291,149.991,4,indian,0
45,191355,0,0.54,0.351,0,-8.302,1,0.0301,0.592,0.0,0.289,0.51,99.223,4,sertanejo,0
66,87408,0,0.795,0.385,7,-13.526,0,0.329,0.851,5.98e-05,0.234,0.55,109.996,4,sad,1
58,157988,0,0.785,0.287,1,-14.942,1,0.0597,0.627,0.0698,0.085,0.244,114.003,4,sad,1
41,232017,0,0.613,0.306,0,-11.65,0,0.154,0.943,0.902,0.176,0.284,122.915,4,sad,0
65,226789,0,0.515,0.691,5,-4.028,0,0.0344,0.624,0.0,0.121,0.484,169.521,3,pop,1
55,348773,0,0.482,0.529,10,-10.426,1,0.0271,0.000107,0.546,0.0839,0.0879,145.969,4,grunge,1
69,276380,0,0.465,0.769,0,-3.209,1,0.0325,0.581,0.0,0.108,0.473,87.961,4,pop-film,1
68,181176,0,0.786,0.667,5,-8.272,1,0.054,0.0112,0.053,0.074,0.688,102.046,4,pop,1
67,127200,0,0.887,0.673,1,-5.576,1,0.138,0.309,0.0,0.174,0.759,100.012,4,pop,1
57,245674,0,0.627,0.857,1,-4.55,0,0.104,0.0767,0.0,0.324,0.89,134.929,4,pop-film,1
61,172800,0,0.563,0.3,11,-16.664,0,0.0512,0.927,0.655,0.234,0.38,74.971,4,chill,1
63,166000,0,0.776,0.464,8,-11.044,0,0.0553,0.79,0.000521,0.109,0.52,129.07,4,chill,1
41,160000,0,0.962,0.265,11,-11.224,0,0.0796,0.525,0.00884,0.106,0.32,120.017,4,sad,0
62,307684,0,0.362,0.542,2,-6.311,1,0.0514,0.532,0.0,0.367,0.298,141.643,4,sertanejo,1
60,166000,0,0.646,0.456,0,-7.27,1,0.0327,0.176,0.0,0.36,0.45,154.014,4,chill,1
49,245735,0,0.432,0.535,8,-7.34,1,0.032,0.904,0.000641,0.102,0.322,135.849,4,indian,0
50,163658,0,0.718,0.4,1,-10.982,1,0.265,0.796,0.0,0.177,0.398,71.534,4,sad,1
50,153600,0,0.741,0.553,2,-9.026,1,0.239,0.859,0.0,0.133,0.738,74.962,4,sad,1
54,243960,0,0.409,0.896,7,-2.535,1,0.105,0.0107,0.0018,0.127,0.577,167.127,4,anime,1
63,213520,0,0.858,0.447,10,-7.917,1,0.0343,0.67,9.19e-05,0.0738,0.256,119.98,4,k-pop,1
56,211547,0,0.497,0.446,11,-10.57,0,0.0338,0.153,0.0119,0.0901,0.325,81.977,4,pop-film,1
50,161502,0,0.648,0.817,0,-7.449,1,0.103,0.546,0.0,0.41,0.765,145.887,4,sertanejo,1
46,271643,0,0.439,0.636,9,-4.831,0,0.0472,0.753,0.0,0.295,0.336,138.782,4,sertanejo,0
43,294057,0,0.524,0.482,7,-11.685,1,0.0302,0.792,0.496,0.162,0.419,124.977,4,indian,0
68,154756,1,0.683,0.628,6,-6.512,1,0.123,0.659,0.0,0.106,0.356,142.06,4,sad,1
49,195881,0,0.603,0.844,11,-3.629,1,0.0383,0.346,0.0,0.911,0.589,137.971,4,sertanejo,0
48,224800,0,0.593,0.835,7,-2.044,1,0.0272,0.199,0.0,0.74,0.36,107.968,4,sertanejo,0
65,108481,0,0.959,0.317,11,-18.153,0,0.197,0.649,0.00103,0.113,0.641,119.021,4,sad,1
54,180389,0,0.739,0.769,8,-3.793,1,0.0541,0.48,0.0,0.332,0.809,153.915,4,sertanejo,1
47,267906,0,0.525,0.774,4,-8.649,1,0.0451,0.121,0.0,0.935,0.721,77.083,4,sertanejo,0
51,133286,0,0.586,0.457,10,-9.215,1,0.029,0.566,0.893,0.12,0.21,110.034,4,anime,1
51,214741,0,0.78,0.877,2,-1.778,1,0.0391,0.0265,0.00852,0.417,0.738,100.021,4,k-pop,1
53,153707,1,0.62,0.628,1,-6.601,1,0.115,0.0085,0.0,0.127,0.348,177.915,4,sad,1
57,144406,0,0.389,0.178,6,-19.052,0,0.0339,0.806,0.956,0.819,0.0651,117.983,4,chill,1
64,316500,0,0.356,0.47,5,-8.929,1,0.0278,0.518,1e-05,0.0807,0.167,93.895,4,pop-film,1
63,293133,0,0.515,0.594,1,-4.708,1,0.0262,0.00844,0.00658,0.0752,0.218,146.564,4,grunge,1
46,144879,0,0.625,0.737,11,-8.109,0,0.191,0.642,0.0,0.646,0.663,122.734,4,sertanejo,0
52,169771,0,0.608,0.82,6,-3.689,1,0.119,0.611,0.0,0.933,0.673,108.394,4,sertanejo,1
65,330400,0,0.658,0.407,4,-12.007,1,0.0364,0.727,1.26e-06,0.139,0.137,80.164,4,k-pop,1
52,247458,0,0.8,0.921,1,-3.7,1,0.0846,0.0841,1.82e-05,0.189,0.826,137.989,4,indian,1
56,345786,0,0.403,0.272,2,-13.492,1,0.0325,0.403,0.17,0.0806,0.105,130.872,4,grunge,1
41,431189,0,0.367,0.732,8,-7.335,1,0.0562,0.309,0.0,0.0625,0.722,72.559,4,indian,0
58,300373,0,0.694,0.695,4,-5.035,0,0.0276,0.324,0.0,0.177,0.668,120.057,4,pop-film,1
37,367506,0,0.484,0.618,7,-5.623,1,0.0246,0.166,0.00025,0.11,0.464,166.008,4,anime,0
71,224240,0,0.656,0.551,8,-6.43,1,0.0299,0.721,1.26e-06,0.0947,0.329,114.106,4,pop,1
69,246334,0,0.707,0.791,5,-4.483,0,0.035,0.179,0.0,0.102,0.674,106.985,4,k-pop,1
51,234687,0,0.214,0.808,6,-4.668,0,0.0586,0.00154,5.75e-05,0.0741,0.207,159.869,4,grunge,1
90,298933,0,0.629,0.547,10,-13.123,0,0.055,0.72,0.00314,0.0604,0.197,108.375,4,pop,1
74,308459,0,0.516,0.481,0,-9.234,1,0.0433,0.819,2.87e-06,0.0893,0.212,138.997,4,pop-film,1
48,457280,0,0.423,0.903,1,-7.596,1,0.149,0.612,1.43e-05,0.923,0.774,130.675,4,k-pop,0
46,201882,0,0.541,0.645,1,-7.855,1,0.031,0.00947,0.0235,0.112,0.608,169.956,4,chill,0
48,165132,0,0.582,0.886,9,-4.158,0,0.292,0.501,0.0,0.296,0.614,168.705,4,sertanejo,0
60,302142,0,0.623,0.474,0,-10.532,1,0.0382,0.384,2.39e-05,0.0931,0.379,139.981,4,pop-film,1
66,153002,0,0.59,0.632,7,-7.996,1,0.0376,0.301,0.0,0.169,0.345,110.0,4,k-pop,1
53,234592,0,0.579,0.864,11,-3.778,1,0.0437,0.49,0.0,0.959,0.561,95.961,4,sertanejo,1
56,278186,0,0.537,0.944,7,-4.406,1,0.0988,0.00634,0.0,0.0233,0.36,148.019,4,anime,1
44,199344,0,0.743,0.215,2,-14.52,0,0.0514,0.854,0.604,0.0814,0.521,162.09,3,indian,0
49,203076,0,0.438,0.797,11,-4.395,0,0.227,0.0173,0.0,0.164,0.71,195.237,3,indian,0
59,132858,0,0.567,0.214,0,-18.41,1,0.444,0.86,8.69e-05,0.12,0.56,86.251,4,sad,1
68,263152,0,0.631,0.631,6,-6.934,1,0.0307,0.693,0.0,0.133,0.697,89.975,4,pop-film,1
72,173333,0,0.738,0.599,8,-7.102,1,0.0393,0.434,0.0,0.13,0.575,120.052,5,pop,1
46,147574,1,0.727,0.471,4,-8.829,0,0.124,0.356,0.0,0.183,0.232,135.076,4,sad,0
71,214136,0,0.745,0.739,10,-4.591,1,0.0327,0.405,0.000183,0.127,0.556,99.913,4,k-pop,1
34,366533,0,0.424,0.531,3,-5.402,1,0.0283,0.0475,1.32e-05,0.206,0.357,157.888,4,anime,0
68,117916,0,0.926,0.199,10,-13.635,0,0.0916,0.51,0.119,0.224,0.763,113.952,4,chill,1
65,358983,0,0.667,0.92,9,-2.71,1,0.0773,0.00752,0.00232,0.126,0.146,114.977,4,chill,1
57,177366,1,0.677,0.731,1,-6.348,0,0.139,0.13,1.58e-05,0.163,0.613,155.101,4,sad,1
45,392411,0,0.76,0.807,6,-5.603,1,0.0866,0.304,0.0,0.11,0.562,113.975,4,indian,0
49,140982,0,0.619,0.358,11,-12.621,1,0.0465,0.956,0.642,0.101,0.129,126.119,4,sad,0
46,123205,0,0.707,0.803,6,-4.706,1,0.038,0.581,0.0,0.172,0.901,113.616,3,sertanejo,0
49,162217,0,0.518,0.605,5,-7.032,0,0.181,0.1,3.47e-06,0.219,0.319,79.641,4,sad,0
1,272800,0,0.741,0.582,8,-4.445,1,0.281,0.291,0.000101,0.152,0.713,186.096,4,pop,0
52,188054,1,0.432,0.482,5,-9.756,0,0.156,0.518,0.0,0.109,0.438,83.054,4,emo,1
27,277972,0,0.16,0.864,8,-5.408,1,0.0684,0.0365,0.0,0.964,0.34,160.067,4,grunge,0
55,148236,1,0.798,0.57,6,-6.075,0,0.0447,0.0647,0.0,0.117,0.287,117.947,4,sad,1
45,239773,0,0.714,0.823,7,-4.933,1,0.0557,0.225,0.0,0.831,0.69,125.884,3,sertanejo,0
42,161146,0,0.554,0.376,9,-12.5,1,0.0329,0.688,0.0218,0.116,0.323,112.833,4,indian,0
71,254516,0,0.56,0.512,1,-7.185,0,0.0333,0.592,0.0,0.056,0.39,123.991,4,pop-film,1
62,137173,1,0.915,0.692,9,-7.544,1,0.0857,0.15,0.00012,0.0964,0.713,118.981,4,emo,1
34,142973,0,0.245,0.913,9,-6.313,1,0.0416,3.04e-05,0.000236,0.223,0.932,184.986,4,emo,0
56,211902,0,0.603,0.72,2,-7.636,0,0.0616,0.783,9.14e-05,0.42,0.695,91.991,4,indian,1
43,191440,0,0.484,0.913,6,-4.305,1,0.0425,0.000391,0.0,0.309,0.279,103.103,4,grunge,0
58,134817,0,0.914,0.289,10,-11.716,0,0.239,0.628,0.28,0.275,0.722,113.944,4,sad,1
34,170012,1,0.784,0.586,6,-9.897,0,0.186,0.0451,0.0,0.0983,0.593,103.008,4,sad,0
37,256386,0,0.592,0.869,3,-3.832,0,0.0357,0.00626,0.00481,0.107,0.44,138.011,4,emo,0
53,258920,0,0.697,0.598,8,-7.097,1,0.0292,0.176,0.0,0.0429,0.874,121.77,4,sertanejo,1
55,246186,0,0.362,0.926,1,-3.532,0,0.0622,0.000273,0.00373,0.258,0.673,178.991,4,anime,1
48,240071,0,0.349,0.0154,0,-26.107,1,0.0632,0.991,0.875,0.092,0.102,73.862,4,anime,0
36,162875,1,0.582,0.815,5,-5.784,1,0.0758,0.00332,0.000139,0.407,0.473,125.066,4,emo,0
56,277733,0,0.449,0.385,0,-4.878,1,0.0301,0.731,0.0,0.958,0.179,123.299,4,grunge,1
50,213571,0,0.659,0.633,1,-5.343,1,0.0334,0.0621,0.0128,0.334,0.0752,125.939,4,k-pop,1
66,280520,0,0.545,0.517,0,-8.681,0,0.0359,0.0459,0.00724,0.15,0.115,120.044,4,emo,1
57,217786,0,0.49,0.887,1,-5.363,0,0.0787,0.00176,0.0,0.0564,0.598,175.975,4,grunge,1
0,189466,0,0.743,0.735,8,-5.337,1,0.0382,0.00389,0.0,0.304,0.631,104.979,4,pop,0
31,104040,0,0.553,0.448,11,-11.866,1,0.105,0.695,2.85e-05,0.113,0.0962,96.082,4,sad,0
49,232150,0,0.564,0.451,4,-8.226,1,0.0269,0.687,0.0,0.206,0.743,90.005,4,indian,0
52,226960,0,0.632,0.789,7,-6.98,1,0.0414,0.406,0.0,0.708,0.681,134.96,4,sertanejo,1
43,229340,0,0.604,0.406,8,-13.614,0,0.213,0.154,0.0,0.316,0.486,89.775,4,indian,0
51,198123,0,0.591,0.88,8,-3.904,0,0.0476,0.218,0.0,0.971,0.781,148.079,4,sertanejo,1
49,238930,0,0.397,0.684,8,-10.014,1,0.0419,0.0486,0.0075,0.11,0.87,63.047,4,indian,0
58,120000,0,0.767,0.537,5,-7.783,0,0.116,0.595,0.0,0.0862,0.632,87.497,4,sad,1
72,220708,1,0.853,0.467,9,-6.843,0,0.195,0.00596,0.00171,0.203,0.329,87.023,4,emo,1
78,228615,0,0.637,0.799,2,-4.518,1,0.0338,0.394,0.0,0.0921,0.57,104.996,4,k-pop,1
58,130951,0,0.802,0.073,6,-18.369,0,0.0778,0.737,0.803,0.0912,0.151,109.989,4,chill,1
50,224457,0,0.565,0.291,1,-15.968,1,0.044,0.506,0.0045,0.121,0.195,83.017,4,indian,1
62,138119,1,0.341,0.661,10,-4.251,1,0.0335,0.00422,0.0,0.103,0.675,154.99,4,emo,1
49,145312,0,0.795,0.294,10,-12.49,1,0.219,0.71,0.0,0.145,0.468,127.93,4,chill,0
52,151920,0,0.725,0.398,11,-13.445,0,0.0754,0.525,0.000326,0.112,0.148,130.051,4,sad,1
46,242733,0,0.623,0.454,2,-11.842,1,0.026,0.342,0.0,0.412,0.351,104.567,4,sertanejo,0
66,334906,0,0.341,0.662,9,-5.023,0,0.0335,0.105,0.0,0.113,0.2,174.875,4,grunge,1
0,351640,1,0.378,0.664,1,-6.698,1,0.0407,0.542,0.00397,0.11,0.0941,106.316,4,pop,0
57,426506,0,0.492,0.486,9,-10.317,1,0.0558,0.673,6.31e-06,0.238,0.783,134.355,4,pop-film,1
53,227067,0,0.556,0.276,0,-9.603,1,0.0269,0.0862,6.89e-06,0.0999,0.216,75.02,4,chill,1
46,298480,0,0.346,0.53,7,-10.308,1,0.0442,0.798,0.0,0.967,0.342,90.324,4,sertanejo,0
2,169846,0,0.618,0.716,10,-7.039,0,0.0544,0.0397,0.000197,0.0991,0.188,130.154,4,indian,0
33,226640,0,0.725,0.794,8,-7.101,1,0.039,0.0218,0.00353,0.213,0.506,105.055,4,anime,0
51,183451,0,0.627,0.575,4,-7.38,1,0.232,0.78,0.0,0.336,0.494,78.546,4,chill,1
65,298800,0,0.505,0.778,10,-4.778,1,0.0398,0.0277,0.00275,0.115,0.284,140.493,4,grunge,1
49,246486,0,0.568,0.356,2,-8.365,1,0.0335,0.705,0.0,0.141,0.383,147.916,4,indian,0
44,246183,0,0.365,0.183,5,-16.458,0,0.0849,0.978,1.17e-05,0.375,0.129,117.608,3,sad,0
79,201660,1,0.752,0.488,6,-7.05,1,0.0705,0.297,9.11e-06,0.0936,0.533,136.041,4,pop,1
71,322250,0,0.648,0.711,4,-6.216,1,0.0304,0.436,0.0,0.121,0.33,119.935,4,pop-film,1
45,383348,0,0.715,0.377,7,-9.006,1,0.0529,0.749,1.61e-06,0.274,0.708,102.984,4,k-pop,0
62,321056,0,0.583,0.46,4,-11.509,0,0.035,0.751,0.000147,0.146,0.534,129.904,4,pop-film,1
61,232320,0,0.672,0.875,0,-3.728,1,0.0378,0.0136,0.0,0.279,0.676,118.014,4,grunge,1
50,161750,1,0.744,0.416,1,-14.341,1,0.086,0.0762,0.0,0.115,0.575,120.24,4,sad,1
59,203893,0,0.533,0.83,1,-3.092,1,0.0324,0.011,2.98e-06,0.0801,0.249,120.028,4,grunge,1
44,250600,0,0.763,0.769,1,-6.245,1,0.0292,0.235,4.12e-05,0.0545,0.857,92.035,4,sertanejo,0
76,181466,0,0.74,0.848,2,-4.697,1,0.097,0.306,0.0,0.193,0.881,159.991,4,k-pop,1
34,254188,0,0.583,0.8,0,-6.208,1,0.0337,0.0121,0.0,0.367,0.457,142.015,4,anime,0
47,229912,0,0.729,0.52,5,-6.586,0,0.0258,0.562,0.000893,0.101,0.458,114.973,4,k-pop,0
53,186920,0,0.799,0.772,7,-3.812,1,0.0601,0.0508,0.0,0.107,0.731,109.926,4,anime,1
57,239975,0,0.565,0.59,9,-7.277,1,0.0987,0.57,0.0,0.277,0.533,107.291,4,sertanejo,1
22,243320,0,0.516,0.894,0,-6.77,1,0.0726,0.0456,0.0,0.859,0.299,127.953,4,anime,0
47,57877,0,0.789,0.0337,3,-13.449,1,0.0853,0.963,0.558,0.146,0.68,105.996,4,sad,0
45,174000,0,0.566,0.576,6,-7.652,0,0.121,0.629,0.0,0.534,0.3,100.065,4,indian,0
66,210641,0,0.787,0.543,10,-6.7,0,0.037,0.0233,0.0,0.0861,0.332,99.026,4,k-pop,1
53,193921,0,0.747,0.672,6,-6.267,1,0.0616,0.00694,0.0,0.126,0.611,119.017,4,anime,1
56,254516,0,0.56,0.512,1,-7.185,0,0.0333,0.592,0.0,0.056,0.39,123.991,4,pop-film,1
63,344053,0,0.496,0.462,6,-6.189,1,0.0307,0.245,0.0,0.282,0.514,167.936,4,k-pop,1
58,211578,0,0.625,0.103,5,-13.387,1,0.0435,0.921,1.06e-06,0.107,0.668,115.732,4,indian,1
37,185200,0,0.376,0.949,11,-4.767,1,0.0839,0.0034,0.0,0.232,0.569,152.021,4,emo,0
34,222400,0,0.442,0.807,7,-5.394,1,0.0716,0.00575,1.88e-05,0.0503,0.16,164.912,4,emo,0
40,231022,0,0.774,0.584,11,-7.89,0,0.107,0.231,0.0,0.198,0.444,132.0,4,pop-film,0
45,184640,0,0.603,0.908,11,-5.254,1,0.184,0.0144,0.0,0.671,0.457,133.063,4,grunge,0
52,234746,0,0.468,0.524,1,-12.38,0,0.0474,0.00064,0.0221,0.131,0.537,136.293,4,grunge,1
59,175020,0,0.513,0.419,11,-14.803,1,0.349,0.000859,1.18e-05,0.211,0.211,79.323,4,indian,1
0,223613,0,0.409,0.57,6,-10.54,0,0.0711,0.687,0.0,0.173,0.336,128.657,4,pop,0
69,151218,0,0.782,0.69,7,-7.811,1,0.0708,0.00909,0.000661,0.359,0.429,99.944,4,pop,1
58,313040,0,0.489,0.313,2,-14.965,1,0.0633,0.875,0.0125,0.235,0.332,114.71,4,indian,1
59,293000,0,0.714,0.959,8,-2.906,0,0.176,0.36,0.0,0.306,0.775,129.009,4,pop-film,1
50,229411,1,0.73,0.355,0,-10.941,1,0.0345,0.29,0.0072,0.11,0.261,135.99,4,emo,1
52,213913,0,0.573,0.9,0,-4.855,0,0.0368,0.00498,0.00932,0.0952,0.415,91.988,4,indian,1
60,119089,0,0.771,0.0995,0,-11.712,0,0.104,0.896,0.355,0.112,0.397,122.909,4,chill,1
36,310266,1,0.56,0.81,7,-7.876,1,0.0546,0.000156,8.57e-05,0.0926,0.548,123.013,3,grunge,0
70,253773,0,0.616,0.525,7,-7.065,1,0.0258,0.401,0.000484,0.309,0.427,79.976,4,pop-film,1
57,170000,0,0.42,0.746,8,-10.628,1,0.0467,0.0141,0.0,0.0661,0.229,111.886,4,grunge,1
35,196311,0,0.383,0.496,11,-7.101,1,0.0455,0.787,0.0,0.1,0.368,55.693,3,chill,0
44,185894,0,0.65,0.81,0,-5.43,1,0.0736,0.598,0.0,0.977,0.861,103.978,4,sertanejo,0
62,136062,0,0.855,0.405,0,-10.189,0,0.199,0.0415,8.39e-06,0.209,0.522,87.007,4,sad,1
48,216818,0,0.68,0.712,9,-6.781,1,0.0609,0.634,0.0,0.933,0.784,88.0,4,sertanejo,0
51,263851,0,0.455,0.242,1,-13.908,1,0.0528,0.883,4.72e-06,0.1,0.323,147.937,3,chill,1
51,169411,1,0.781,0.563,5,-6.106,0,0.0641,0.0687,0.0,0.113,0.581,113.276,5,sad,1
45,251000,0,0.569,0.512,9,-8.052,0,0.0517,0.845,0.000564,0.682,0.344,145.12,4,sertanejo,0
55,327333,0,0.579,0.708,2,-9.737,0,0.0424,0.535,0.000155,0.0994,0.744,81.023,4,k-pop,1
47,225680,0,0.564,0.603,4,-4.729,1,0.0257,0.657,0.0,0.176,0.394,134.191,4,sertanejo,0
38,135582,0,0.88,0.194,11,-13.696,1,0.0936,0.768,0.858,0.105,0.352,155.825,4,sad,0
34,211998,1,0.654,0.649,4,-7.007,0,0.0651,0.00199,0.000107,0.116,0.311,121.908,4,emo,0
51,337749,0,0.545,0.632,7,-8.462,1,0.0316,0.863,0.00737,0.0931,0.393,107.931,4,indian,1
0,222738,0,0.416,0.964,9,-2.967,1,0.112,2.35e-05,0.000875,0.473,0.212,157.925,4,grunge,0
59,274038,0,0.421,0.472,7,-11.597,1,0.0364,0.873,0.0,0.376,0.604,109.067,4,pop-film,1
59,290400,0,0.429,0.614,4,-6.573,0,0.0709,0.513,0.000316,0.0922,0.743,149.966,3,k-pop,1
66,178598,0,0.602,0.249,2,-9.264,0,0.0287,0.725,0.0,0.243,0.274,131.814,3,pop,1
34,134444,1,0.779,0.695,0,-9.951,1,0.226,0.0963,0.0,0.197,0.74,161.979,4,emo,0
70,343906,0,0.473,0.562,0,-8.624,1,0.0451,0.65,0.000117,0.12,0.316,74.653,3,pop,1
62,295079,0,0.846,0.634,10,-7.753,0,0.0432,0.122,0.0,0.146,0.944,104.964,4,pop-film,1
42,147079,0,0.392,0.309,0,-13.233,1,0.0342,0.852,0.939,0.0758,0.136,113.039,3,anime,0
48,236240,0,0.813,0.562,0,-5.465,1,0.027,0.705,0.0,0.19,0.779,105.709,3,sertanejo,0
60,184543,0,0.637,0.156,10,-19.37,0,0.0309,0.521,0.786,0.13,0.233,94.825,4,chill,1
52,160422,1,0.718,0.69,0,-7.299,1,0.0795,0.0419,0.000419,0.105,0.428,89.982,4,sad,1
62,422713,0,0.792,0.635,7,-13.94,0,0.0863,0.349,5.92e-06,0.324,0.648,122.004,4,pop-film,1
68,208539,0,0.406,0.336,1,-12.011,1,0.0345,0.815,5.26e-06,0.0888,0.327,149.354,3,indian,1
50,217965,0,0.452,0.484,2,-5.88,0,0.031,0.75,0.0,0.141,0.198,71.558,4,k-pop,1
65,144250,0,0.489,0.752,2,-5.422,1,0.0372,0.665,0.000669,0.55,0.179,192.133,4,indian,1
72,196505,0,0.613,0.822,1,-3.48,1,0.062,0.0269,0.0,0.0783,0.54,139.936,4,k-pop,1
31,227741,0,0.572,0.628,3,-7.885,0,0.0473,0.714,0.0263,0.48,0.37,92.924,4,pop-film,0
59,258693,0,0.482,0.97,2,-3.131,0,0.193,0.005,0.0,0.233,0.441,92.513,4,anime,1
64,283260,0,0.597,0.52,8,-7.624,0,0.036,0.484,1.05e-06,0.103,0.192,119.923,4,pop-film,1
66,324373,0,0.608,0.705,7,-5.525,0,0.0364,0.499,0.000124,0.0878,0.733,75.031,4,pop-film,1
65,263120,0,0.633,0.719,1,-8.329,1,0.0418,0.3,2.23e-05,0.34,0.334,112.013,4,anime,1
55,139684,0,0.605,0.396,5,-11.301,0,0.0509,0.8,0.872,0.141,0.622,80.957,4,sad,1
47,384240,0,0.674,0.268,4,-10.606,1,0.037,0.713,0.0,0.103,0.56,98.662,4,sertanejo,0
48,191973,0,0.549,0.343,3,-9.816,1,0.0297,0.495,0.0,0.703,0.388,70.82,4,sertanejo,0
66,168247,1,0.624,0.443,11,-7.544,1,0.3,0.799,0.0,0.108,0.569,97.857,3,chill,1
39,200103,0,0.641,0.553,8,-9.432,1,0.26,0.367,2.52e-06,0.113,0.51,183.036,3,indian,0
57,156265,1,0.713,0.492,1,-7.624,0,0.0784,0.477,0.0,0.104,0.396,82.519,4,emo,1
55,162540,1,0.747,0.615,5,-7.477,0,0.0452,0.207,6.86e-05,0.0846,0.578,94.437,4,sad,1
61,141126,0,0.489,0.307,9,-15.679,0,0.0374,0.765,0.848,0.135,0.182,71.104,4,chill,1
55,234666,0,0.385,0.701,7,-6.225,1,0.0333,0.109,0.0,0.197,0.204,140.778,4,grunge,1
56,134020,0,0.59,0.443,11,-11.408,1,0.0466,0.726,6.11e-06,0.387,0.198,120.025,4,chill,1
26,218986,0,0.44,0.802,6,-7.112,1,0.037,0.00146,0.00195,0.387,0.184,90.219,4,grunge,0
49,166992,1,0.795,0.571,4,-7.1,0,0.0431,0.0164,0.0193,0.103,0.311,134.047,4,emo,0
47,157432,0,0.634,0.602,9,-6.653,1,0.0943,0.337,0.0,0.154,0.405,186.238,4,emo,0
34,208965,0,0.747,0.788,7,-6.912,1,0.201,0.42,0.0,0.111,0.418,81.023,4,anime,0
28,249573,0,0.453,0.65,7,-4.508,1,0.0271,0.00251,0.0,0.158,0.225,152.133,3,grunge,0
34,228386,0,0.452,0.902,7,-4.23,1,0.0536,0.0011,0.0,0.08,0.605,97.223,4,emo,0
66,374205,0,0.523,0.557,7,-7.799,1,0.0293,0.813,0.000581,0.0958,0.196,111.766,4,pop,1
56,214346,0,0.47,0.74,11,-6.093,1,0.07,0.0455,0.0,0.091,0.562,84.841,4,grunge,1
45,196813,0,0.654,0.66,5,-5.594,1,0.0283,0.0252,0.0371,0.278,0.412,108.039,4,grunge,0
1,169756,0,0.601,0.713,4,-3.758,0,0.0449,0.0282,0.0,0.158,0.464,122.872,4,pop,0
0,170964,0,0.438,0.178,5,-9.402,1,0.0414,0.957,1.1e-06,0.316,0.344,75.25,1,pop,0
77,206060,0,0.796,0.572,8,-7.03,0,0.0545,0.416,2.55e-05,0.0975,0.304,98.967,4,pop,1
56,214066,0,0.48,0.792,7,-6.443,1,0.0411,0.00238,0.0,0.169,0.465,114.605,4,grunge,1
50,181090,0,0.426,0.238,4,-19.704,1,0.113,0.905,0.608,0.357,0.249,109.78,4,chill,1
44,92903,0,0.728,0.149,7,-21.921,1,0.0468,0.801,0.872,0.0985,0.304,107.992,4,sad,0
45,258069,0,0.575,0.394,10,-9.913,1,0.0238,0.357,2.05e-05,0.153,0.271,94.936,4,k-pop,0
69,203945,0,0.617,0.57,5,-4.28,0,0.0308,0.0178,5.92e-06,0.55,0.375,107.971,3,k-pop,1
21,287649,0,0.333,0.834,8,-4.826,1,0.0615,0.528,0.0,0.576,0.755,157.327,3,pop-film,0
50,159843,0,0.766,0.344,4,-10.324,1,0.0435,0.958,0.0,0.0975,0.521,130.124,4,indian,1
68,212054,0,0.534,0.461,2,-11.292,1,0.0295,0.795,1.51e-06,0.114,0.244,145.972,4,indian,1
55,199560,0,0.404,0.901,8,-5.991,0,0.0616,0.0035,0.0,0.0924,0.715,171.948,4,anime,1
34,347322,0,0.779,0.815,6,-7.596,0,0.264,0.3,0.0,0.159,0.489,109.903,4,anime,0
58,157988,0,0.785,0.287,1,-14.942,1,0.0597,0.627,0.0698,0.085,0.244,114.003,4,chill,1
54,215075,0,0.742,0.947,0,-3.749,1,0.0321,0.0906,0.0221,0.0721,0.88,130.043,4,indian,1
34,242133,0,0.592,0.881,0,-2.648,0,0.0305,0.144,0.0,0.125,0.321,128.039,4,emo,0
82,186986,0,0.697,0.683,1,-2.881,0,0.117,0.0372,0.0,0.137,0.603,96.133,4,pop,1
46,198426,0,0.546,0.864,0,-1.314,1,0.0293,0.142,0.0,0.825,0.535,149.785,4,sertanejo,0
68,231642,0,0.545,0.468,7,-6.064,1,0.0247,0.637,0.0,0.128,0.279,76.045,4,k-pop,1
51,224390,1,0.64,0.424,2,-11.221,1,0.0378,0.476,0.0,0.0851,0.387,123.006,4,sad,1
49,206824,0,0.58,0.488,1,-10.585,1,0.0262,0.255,2.63e-05,0.108,0.13,131.998,4,grunge,0
54,203649,0,0.702,0.743,0,-8.29,0,0.0445,0.0645,2.79e-05,0.0811,0.45,105.036,4,k-pop,1
43,176999,0,0.585,0.381,1,-9.393,1,0.0302,0.649,0.00634,0.104,0.209,79.93,4,k-pop,0
55,222706,0,0.522,0.777,5,-4.047,1,0.0274,0.000593,0.258,0.286,0.502,97.903,4,grunge,1
51,277506,0,0.522,0.921,1,-4.717,1,0.0473,0.000105,0.585,0.313,0.241,110.088,4,grunge,1
58,166624,1,0.673,0.376,11,-14.029,1,0.0407,0.688,0.548,0.45,0.336,118.033,4,emo,1
57,178523,1,0.603,0.791,8,-4.509,1,0.106,0.00467,0.000165,0.319,0.489,173.979,4,emo,1
57,236693,1,0.489,0.833,9,-5.348,1,0.054,0.0036,1.33e-06,0.111,0.307,135.431,4,grunge,1
4,232948,0,0.515,0.185,7,-13.119,0,0.0285,0.779,5.68e-05,0.13,0.224,109.763,4,pop-film,0
1,206385,1,0.647,0.581,4,-7.678,0,0.0884,0.0029,7.76e-06,0.119,0.113,150.149,4,k-pop,0
49,213193,1,0.687,0.478,7,-7.286,1,0.149,0.48,6.82e-06,0.456,0.494,137.852,4,chill,0
67,161280,0,0.768,0.933,2,-2.95,0,0.0385,0.206,0.915,0.0833,0.245,124.996,4,chill,1
56,235346,0,0.488,0.921,8,-4.729,1,0.061,0.00113,0.0,0.13,0.231,95.934,4,emo,1
55,374173,0,0.497,0.519,2,-8.324,1,0.0297,0.0754,3.07e-05,0.0391,0.415,74.967,4,indian,1
58,160880,0,0.683,0.805,8,-7.678,0,0.106,0.343,0.0,0.109,0.692,109.953,4,chill,1
64,133267,0,0.793,0.215,9,-16.636,0,0.24,0.733,0.0426,0.143,0.335,100.141,4,sad,1
63,197789,0,0.696,0.881,1,-2.082,1,0.104,0.0235,0.0,0.277,0.947,142.019,4,k-pop,1
34,205435,0,0.603,0.64,0,-5.601,1,0.0318,0.258,0.0,0.349,0.699,129.988,4,k-pop,0
68,220177,0,0.69,0.843,1,-2.949,1,0.0534,0.0167,0.0,0.346,0.428,135.01,4,k-pop,1
67,121965,0,0.809,0.282,0,-10.038,1,0.433,0.975,0.00176,0.202,0.778,129.89,4,chill,1
33,122084,0,0.659,0.576,11,-7.18,1,0.314,0.698,0.0,0.0985,0.249,173.024,4,emo,0
19,329173,0,0.603,0.632,0,-10.074,1,0.0405,0.712,0.0,0.476,0.94,154.029,4,pop-film,0
1,203064,0,0.702,0.825,6,-3.787,0,0.0601,0.00883,0.0,0.0674,0.915,102.977,4,pop,0
62,328626,0,0.519,0.666,10,-6.163,1,0.0262,0.553,0.000169,0.0948,0.461,149.839,4,anime,1
0,307014,0,0.71,0.625,6,-9.008,0,0.0295,0.029,1.1e-05,0.108,0.784,140.994,4,pop,0
48,149296,1,0.586,0.534,1,-7.322,1,0.0232,0.213,0.00051,0.115,0.101,89.969,4,emo,0
60,159193,0,0.447,0.314,3,-13.659,0,0.041,0.835,0.96,0.134,0.134,123.936,4,chill,1
51,147826,0,0.682,0.449,7,-10.219,1,0.0318,0.651,0.000575,0.094,0.247,82.465,4,chill,1
23,120000,0,0.536,0.287,9,-11.451,1,0.0402,0.906,0.000984,0.103,0.333,63.198,4,sad,0
64,123445,0,0.703,0.653,11,-3.969,0,0.0376,0.0543,1.27e-05,0.345,0.414,148.02,4,sad,1
43,157080,0,0.519,0.924,7,-2.392,1,0.0542,0.0288,0.0,0.223,0.883,119.969,4,emo,0
67,199226,0,0.84,0.344,5,-8.613,0,0.0374,0.456,3.36e-05,0.35,0.526,111.994,4,chill,1
46,190693,0,0.702,0.377,8,-9.628,1,0.0849,0.667,0.0,0.108,0.308,140.986,4,sad,0
40,295009,0,0.676,0.79,2,-5.043,0,0.0486,0.392,4.11e-06,0.0745,0.518,94.936,4,indian,0
68,174545,0,0.776,0.223,8,-13.686,1,0.0379,0.721,3.8e-06,0.119,0.196,109.966,4,pop,1
63,123200,1,0.492,0.217,2,-20.032,1,0.132,0.865,2.73e-06,0.14,0.159,138.809,3,emo,1
72,341054,0,0.562,0.519,3,-8.744,1,0.0326,0.557,0.000268,0.172,0.415,122.925,4,pop-film,1
50,126336,0,0.712,0.285,8,-20.518,0,0.0809,0.291,0.733,0.106,0.261,91.402,4,sad,1
25,144333,0,0.345,0.844,0,-6.656,1,0.0725,0.000212,0.00497,0.172,0.384,161.465,4,grunge,0
58,273426,0,0.628,0.787,10,-8.623,0,0.0329,0.0106,0.000626,0.159,0.326,135.976,4,pop-film,1
59,147774,0,0.359,0.369,2,-16.999,1,0.0674,0.792,0.506,0.0986,0.124,126.558,1,indian,1
47,109500,0,0.62,0.361,8,-10.407,1,0.0339,0.958,0.184,0.394,0.266,110.638,4,chill,0
45,175274,0,0.522,0.814,0,-3.247,1,0.0696,0.0569,0.0,0.585,0.422,179.903,4,sertanejo,0
49,140982,0,0.619,0.358,11,-12.621,1,0.0465,0.956,0.642,0.101,0.129,126.119,4,chill,0
56,239177,0,0.694,0.425,8,-10.189,0,0.0349,0.63,3.05e-06,0.182,0.348,118.869,3,pop-film,1
65,242103,0,0.711,0.579,0,-11.059,1,0.0363,0.218,0.053,0.32,0.21,114.96,4,indian,1
45,99077,0,0.658,0.489,7,-13.587,0,0.0302,0.403,0.893,0.139,0.48,130.048,4,anime,0
54,277839,0,0.739,0.28,0,-17.212,1,0.0929,0.697,0.0133,0.362,0.755,142.912,4,chill,1
51,253893,0,0.637,0.756,7,-4.614,0,0.0314,0.0382,0.0,0.0508,0.334,134.011,4,anime,1
49,247510,0,0.598,0.537,9,-8.281,1,0.0326,0.285,0.0,0.13,0.397,131.955,4,k-pop,0
63,206175,0,0.527,0.622,7,-8.172,0,0.0842,0.7,2.82e-06,0.126,0.672,173.709,4,pop-film,1
43,245732,0,0.345,0.508,8,-7.595,1,0.0358,0.912,0.00138,0.101,0.287,135.21,4,indian,0
48,265364,0,0.778,0.861,8,-4.809,1,0.0838,0.08,1.15e-06,0.101,0.506,103.988,4,indian,0
46,300202,0,0.724,0.644,2,-7.367,1,0.102,0.0279,0.000801,0.903,0.699,91.995,4,indian,0
61,553430,0,0.531,0.811,2,-5.474,1,0.0418,0.44,0.0,0.195,0.451,149.897,4,pop-film,1
63,210986,0,0.482,0.858,5,-4.169,0,0.069,0.0218,0.0,0.244,0.737,158.075,4,k-pop,1
53,243000,0,0.428,0.931,1,-2.628,0,0.05,5.82e-06,1.5e-06,0.0746,0.575,93.984,4,anime,1
66,197746,0,0.691,0.859,1,-4.118,1,0.112,0.0302,0.0,0.165,0.541,124.958,4,k-pop,1
44,244986,0,0.424,0.458,7,-10.625,1,0.0294,0.656,4.17e-06,0.942,0.183,95.663,4,sertanejo,0
60,326842,0,0.538,0.869,8,-3.464,1,0.0275,0.047,0.0,0.14,0.369,91.972,4,anime,1
42,108546,0,0.573,0.469,4,-7.817,0,0.0246,0.398,0.903,0.268,0.0995,109.983,4,anime,0
59,152426,0,0.873,0.695,1,-7.428,0,0.036,0.306,0.0,0.221,0.612,114.982,4,sad,1
66,242005,0,0.752,0.452,0,-11.399,1,0.35,0.133,0.000194,0.236,0.833,99.684,4,pop,1
41,176692,1,0.845,0.472,2,-10.111,1,0.269,0.114,0.0,0.147,0.209,125.008,4,sad,0
48,132800,0,0.666,0.386,10,-13.636,0,0.0417,0.244,0.113,0.605,0.312,75.023,4,sad,0
77,184444,0,0.882,0.797,10,-3.299,0,0.0819,0.0821,0.0,0.113,0.824,105.025,4,k-pop,1
27,191266,0,0.634,0.471,4,-10.249,1,0.0683,0.00379,5.32e-05,0.0654,0.153,91.996,4,grunge,0
48,210008,0,0.828,0.769,5,-7.02,0,0.0982,0.443,0.49,0.115,0.389,97.018,4,indian,0
78,178453,0,0.709,0.809,2,-3.198,0,0.0541,0.312,0.0,0.0899,0.788,111.01,4,k-pop,1
49,171816,0,0.847,0.859,0,-2.661,1,0.0398,0.165,0.0,0.198,0.776,116.948,4,sertanejo,0
55,172094,0,0.615,0.686,10,-7.986,0,0.409,0.117,0.0,0.17,0.805,193.682,4,indian,1
47,203954,0,0.697,0.461,0,-6.817,1,0.0297,0.154,0.0,0.145,0.501,98.021,4,chill,0
46,130369,0,0.618,0.346,1,-13.175,1,0.0934,0.601,0.0113,0.105,0.315,80.98,4,sad,0
45,308686,0,0.744,0.819,4,-6.932,1,0.0668,0.0836,0.0,0.726,0.749,121.072,4,sertanejo,0
72,358983,0,0.667,0.92,9,-2.71,1,0.0773,0.00752,0.00232,0.126,0.146,114.977,4,chill,1
46,297968,0,0.273,0.617,9,-6.884,1,0.0363,0.0169,0.0,0.153,0.181,96.271,4,indian,0
57,271023,0,0.368,0.587,6,-6.676,0,0.0378,0.309,0.0,0.149,0.391,143.687,4,pop-film,1
1,170964,0,0.438,0.178,5,-9.402,1,0.0414,0.957,1.1e-06,0.316,0.344,75.25,1,pop,0
41,247775,0,0.608,0.762,9,-4.036,0,0.062,0.0629,0.00148,0.0986,0.621,164.055,4,indian,0
58,157714,1,0.47,0.597,3,-6.723,0,0.119,0.33,1.77e-05,0.0865,0.326,139.127,4,chill,1
61,256812,0,0.654,0.671,11,-6.026,1,0.0807,0.359,7.49e-06,0.0656,0.76,90.063,4,indian,1
61,188666,0,0.797,0.39,2,-6.594,1,0.0303,0.726,0.0,0.144,0.536,97.944,4,chill,1
66,240117,0,0.432,0.614,0,-6.782,1,0.055,0.511,0.0,0.191,0.505,169.633,4,pop-film,1
60,173398,0,0.173,0.941,5,-3.371,0,0.161,9.4e-05,0.0076,0.33,0.393,194.553,3,grunge,1
67,130742,0,0.414,0.245,7,-17.929,1,0.0429,0.952,0.761,0.104,0.132,97.236,5,emo,1
56,183942,1,0.76,0.574,1,-8.825,1,0.286,0.592,0.0,0.101,0.651,119.9,4,sad,1
61,121413,1,0.781,0.474,0,-7.436,1,0.24,0.119,0.0,0.0685,0.584,87.615,4,emo,1
44,240000,0,0.885,0.674,10,-10.636,0,0.236,0.33,9.15e-06,0.245,0.395,115.043,4,indian,0
62,268055,0,0.582,0.748,9,-6.029,0,0.0349,0.108,0.0,0.0909,0.148,98.228,3,pop-film,1
58,244960,0,0.596,0.557,0,-6.401,1,0.0299,0.027,1.64e-05,0.0914,0.314,124.023,4,grunge,1
46,214733,0,0.671,0.525,3,-6.947,1,0.0277,0.745,0.0,0.126,0.494,117.86,3,sertanejo,0
56,234736,1,0.719,0.387,10,-9.38,0,0.0643,0.891,0.0,0.114,0.17,135.064,4,emo,1
65,167820,0,0.441,0.59,0,-5.615,1,0.0514,0.242,0.0,0.349,0.411,84.633,4,anime,1
70,205145,0,0.518,0.723,2,-8.075,1,0.137,0.157,1.2e-05,0.107,0.363,100.118,4,pop-film,1
42,330819,0,0.42,0.782,5,-7.414,0,0.0555,0.0179,0.922,0.0704,0.191,101.779,3,anime,0
69,249660,0,0.622,0.779,9,-5.799,1,0.037,0.102,0.000934,0.145,0.761,100.013,4,pop-film,1
59,226501,0,0.834,0.788,6,-7.294,0,0.213,0.359,0.27,0.396,0.705,130.032,4,pop-film,1
65,246136,0,0.442,0.412,10,-10.675,1,0.0377,0.781,0.0237,0.15,0.235,176.019,4,pop-film,1
57,237419,0,0.708,0.771,2,-9.022,0,0.0394,0.00721,0.164,0.277,0.371,92.986,4,chill,1
48,146864,0,0.752,0.129,7,-16.94,0,0.0531,0.845,0.0529,0.0938,0.207,118.022,4,chill,0
47,251053,0,0.595,0.526,9,-6.173,1,0.0255,0.487,0.0,0.373,0.489,101.98,4,sertanejo,0
57,302400,0,0.677,0.837,8,-4.814,0,0.0646,0.237,0.0013,0.115,0.829,111.934,4,indian,1
48,144419,0,0.686,0.555,0,-5.676,1,0.0853,0.223,0.00141,0.0989,0.148,77.009,4,indian,0
47,176362,0,0.544,0.866,7,-4.386,1,0.0545,0.332,0.0,0.898,0.633,96.983,4,sertanejo,0
53,127978,0,0.602,0.2,2,-19.286,0,0.039,0.914,0.591,0.105,0.116,123.889,4,sad,1
47,200725,0,0.477,0.77,0,-6.711,1,0.0524,0.275,0.0,0.184,0.77,181.924,4,sertanejo,0
61,211120,0,0.603,0.708,4,-7.047,0,0.0379,0.000173,3.36e-06,0.158,0.611,105.046,4,pop-film,1
66,259139,0,0.722,0.835,6,-9.082,0,0.0402,0.107,8.23e-05,0.0928,0.558,110.962,4,pop,1
59,153621,1,0.763,0.655,6,-6.78,1,0.0354,0.00215,0.0,0.0908,0.486,124.933,4,sad,1
0,165279,0,0.764,0.696,0,-13.222,1,0.314,0.209,0.0,0.138,0.63,130.018,4,indian,0
50,145909,1,0.895,0.656,10,-8.622,0,0.136,0.0328,0.000228,0.103,0.4,112.025,4,emo,1
73,192765,0,0.658,0.732,6,-4.762,1,0.0654,0.00513,0.0,0.13,0.409,127.995,4,k-pop,1
59,298579,0,0.502,0.315,4,-10.438,1,0.0318,0.979,5.7e-05,0.626,0.397,110.618,4,pop-film,1
48,227771,0,0.481,0.463,0,-6.877,1,0.0389,0.806,0.0,0.455,0.512,142.589,4,sertanejo,0
74,200120,0,0.535,0.765,1,-7.862,0,0.0444,0.054,0.0,0.0921,0.373,191.827,4,pop,1
62,333200,0,0.486,0.382,6,-6.183,1,0.0286,0.613,8.56e-05,0.149,0.164,125.918,3,pop-film,1
55,134491,0,0.545,0.623,2,-3.434,1,0.0444,0.184,0.000386,0.0729,0.244,58.968,4,sad,1
62,216586,0,0.503,0.71,10,-6.382,1,0.085,0.297,0.0,0.329,0.293,81.932,4,k-pop,1
45,99079,0,0.535,0.924,7,-4.536,1,0.0525,0.00562,0.569,0.0997,0.253,104.879,1,anime,0
53,166588,0,0.48,0.0419,1,-29.08,1,0.0356,0.981,0.905,0.365,0.107,85.008,4,anime,1
50,218000,0,0.533,0.828,11,-5.533,1,0.0353,0.161,0.00242,0.0588,0.391,79.947,4,indian,1
0,173947,1,0.905,0.563,8,-6.135,1,0.102,0.0254,9.71e-06,0.113,0.324,106.998,4,k-pop,0
61,206160,0,0.538,0.51,8,-13.192,1,0.102,0.726,0.0187,0.205,0.262,72.471,4,grunge,1
70,168000,0,0.799,0.44,1,-7.422,0,0.061,0.559,0.0,0.105,0.43,90.006,4,pop,1
58,198181,1,0.664,0.666,2,-4.5,1,0.0426,0.0126,0.235,0.0891,0.512,155.019,4,sad,1
32,163424,0,0.573,0.829,11,-9.942,1,0.182,0.28,1.5e-05,0.0904,0.734,82.499,4,emo,0
53,118153,0,0.707,0.314,6,-14.06,0,0.0377,0.646,0.0288,0.186,0.335,114.978,4,sad,1
54,152400,1,0.623,0.636,8,-8.088,0,0.0521,0.488,0.0,0.103,0.126,99.884,4,sad,1
56,196875,0,0.718,0.448,2,-9.437,0,0.0263,0.506,0.0002,0.107,0.429,106.667,4,indian,1
0,267493,0,0.532,0.842,2,-6.152,1,0.0403,0.00131,1.2e-06,0.33,0.715,126.042,4,emo,0
63,211290,0,0.655,0.473,8,-9.806,1,0.0267,0.842,0.0323,0.167,0.572,92.962,4,indian,1
56,220923,0,0.681,0.484,9,-9.924,1,0.0403,0.623,0.0,0.107,0.413,144.843,4,pop-film,1
53,283225,0,0.435,0.418,1,-7.915,0,0.0295,0.903,0.0,0.1,0.212,128.049,4,indian,1
52,216052,1,0.678,0.678,5,-7.518,1,0.0998,0.176,0.0,0.104,0.465,159.984,4,sad,1
48,229590,0,0.376,0.285,6,-8.783,1,0.0304,0.837,1.67e-05,0.0929,0.417,72.099,4,indian,0
43,267859,0,0.776,0.477,8,-13.406,1,0.173,0.36,0.0,0.25,0.695,92.02,4,indian,0
2,247147,0,0.674,0.205,2,-14.173,1,0.0403,0.895,0.0275,0.114,0.352,95.987,4,pop,0
48,232893,0,0.505,0.559,0,-6.727,1,0.0359,0.307,0.0,0.103,0.383,100.665,4,sertanejo,0
54,202023,0,0.538,0.489,4,-11.155,1,0.0523,0.193,8.88e-05,0.209,0.393,79.245,4,chill,1
48,313835,0,0.577,0.648,8,-7.592,0,0.0327,0.371,0.0,0.286,0.349,89.98,4,k-pop,0
66,318493,0,0.594,0.454,5,-9.422,0,0.0755,0.497,3.83e-05,0.0736,0.705,133.825,4,pop,1
69,325600,0,0.385,0.433,11,-9.256,1,0.0435,0.241,7.07e-06,0.11,0.427,89.974,4,grunge,1
53,130893,1,0.53,0.545,1,-7.951,0,0.0492,0.000418,0.801,0.115,0.148,175.94,4,emo,1
57,100812,0,0.814,0.333,6,-11.56,0,0.189,0.874,3.54e-06,0.615,0.387,99.994,4,chill,1
56,217181,1,0.712,0.545,11,-6.804,1,0.0321,0.403,0.0,0.122,0.349,108.014,4,sad,1
67,194761,0,0.82,0.907,7,-4.517,1,0.0607,0.655,4.85e-05,0.0816,0.834,126.062,4,pop-film,1
53,225197,1,0.761,0.654,5,-7.326,0,0.214,0.0908,0.0,0.0709,0.469,145.063,4,sad,1
0,206385,1,0.647,0.581,4,-7.678,0,0.0884,0.0029,7.76e-06,0.119,0.113,150.149,4,k-pop,0
52,148420,1,0.802,0.771,10,-6.179,0,0.246,0.0764,3.28e-06,0.0992,0.634,171.113,4,emo,1
60,351720,0,0.639,0.309,6,-12.061,1,0.0316,0.422,0.0,0.175,0.622,91.039,4,pop-film,1
55,252613,0,0.487,0.646,2,-6.878,0,0.0299,0.202,3.1e-06,0.11,0.16,97.083,4,grunge,1
48,196782,1,0.876,0.675,2,-7.655,0,0.228,0.296,0.0,0.106,0.0753,119.905,4,sad,0
0,158324,0,0.495,0.333,4,-10.109,0,0.0288,0.737,0.0,0.112,0.37,99.757,4,pop,0
50,191093,0,0.633,0.837,1,-5.228,0,0.0543,0.166,0.0,0.371,0.658,178.024,4,sertanejo,1
51,169054,0,0.674,0.657,9,-8.367,1,0.051,0.557,0.0,0.162,0.643,172.065,4,sad,1
44,118400,0,0.523,0.325,2,-14.126,1,0.0707,0.537,0.00444,0.0992,0.0794,149.488,4,chill,0
66,87133,0,0.638,0.324,0,-7.787,0,0.0321,0.923,3.35e-05,0.151,0.446,129.932,4,pop,1
64,187500,1,0.419,0.408,9,-10.899,0,0.25,0.95,0.0,0.35,0.502,62.829,4,sad,1
41,131764,0,0.56,0.299,7,-12.991,1,0.0407,0.844,0.000299,0.137,0.129,153.233,4,sad,0
47,123877,0,0.565,0.218,3,-15.919,0,0.0679,0.927,0.848,0.0902,0.175,186.131,4,sad,0
52,297642,0,0.626,0.79,3,-6.502,1,0.0397,0.0196,8.86e-05,0.106,0.539,127.039,4,indian,1
55,184771,0,0.497,0.351,1,-9.048,0,0.0648,0.777,0.0,0.167,0.234,171.719,4,chill,1
55,139684,0,0.605,0.396,5,-11.301,0,0.0509,0.8,0.872,0.141,0.622,80.957,4,chill,1
65,139756,0,0.811,0.757,1,-5.882,0,0.257,0.142,0.0,0.183,0.958,81.972,4,pop,1
45,139200,0,0.656,0.805,11,-5.589,1,0.0841,0.00841,0.0887,0.36,0.569,75.0,4,k-pop,0
60,175942,0,0.574,0.462,1,-7.928,1,0.0324,0.661,2.71e-05,0.0855,0.501,139.909,4,chill,1
50,172921,0,0.627,0.757,7,-4.059,1,0.045,0.432,0.0,0.847,0.444,111.559,4,sertanejo,1
50,229867,0,0.47,0.962,2,-3.51,1,0.121,5.24e-05,0.0,0.204,0.189,130.078,4,anime,1
27,226333,0,0.328,0.833,0,-8.245,0,0.0349,1.99e-06,0.935,0.337,0.447,90.965,4,grunge,0
60,104960,0,0.559,0.591,4,-8.079,0,0.542,0.356,0.0,0.399,0.492,81.966,4,sad,1
66,369333,0,0.687,0.43,9,-10.31,1,0.0407,0.6,2.49e-06,0.132,0.241,115.01,4,pop-film,1
54,185750,0,0.489,0.608,4,-8.926,0,0.251,0.0346,0.0,0.16,0.0387,83.939,4,sad,1
62,212784,1,0.577,0.366,8,-11.792,1,0.0368,0.879,7.76e-05,0.137,0.0841,129.923,4,chill,1
70,123891,0,0.671,0.275,6,-11.185,0,0.056,0.796,0.000339,0.0657,0.159,124.007,4,chill,1
43,121575,1,0.541,0.849,5,-6.773,0,0.146,0.00487,5.09e-06,0.126,0.498,150.285,4,emo,0
59,345560,0,0.47,0.808,9,-3.518,0,0.12,0.0803,0.00903,0.0765,0.549,119.963,4,pop-film,1
67,194761,0,0.82,0.907,7,-4.517,1,0.0607,0.655,4.85e-05,0.0816,0.834,126.062,4,pop,1
51,138191,0,0.746,0.481,1,-9.584,0,0.0791,0.556,0.0,0.161,0.187,93.922,4,sad,1
45,166339,0,0.836,0.837,11,-4.328,0,0.196,0.227,0.0,0.0756,0.834,105.074,4,sertanejo,0
56,248906,0,0.388,0.894,0,-3.425,1,0.0455,0.000808,0.0,0.199,0.724,156.12,4,anime,1
56,248400,0,0.775,0.75,7,-8.092,1,0.182,0.331,4.94e-05,0.158,0.614,150.049,4,k-pop,1
67,346290,0,0.589,0.522,9,-10.649,1,0.0391,0.642,2.74e-05,0.0992,0.31,109.094,4,indian,1
60,212857,0,0.656,0.797,1,-4.678,1,0.414,0.0148,3.97e-05,0.0626,0.859,102.142,4,pop-film,1
56,283480,0,0.69,0.654,1,-4.726,1,0.203,0.0706,0.000561,0.0251,0.624,124.983,4,k-pop,1
58,309272,0,0.495,0.729,6,-6.453,0,0.103,0.6,4.13e-05,0.0993,0.683,155.892,4,pop-film,1
62,236000,0,0.574,0.729,9,-4.2,1,0.0473,0.349,1.85e-06,0.664,0.47,163.748,4,pop-film,1
59,149773,0,0.368,0.121,6,-13.778,1,0.0315,0.972,0.0322,0.0871,0.0956,133.148,4,chill,1
66,229678,0,0.497,0.431,5,-4.755,0,0.0287,0.66,0.0,0.153,0.167,133.675,4,k-pop,1
6,171880,1,0.709,0.56,4,-4.867,0,0.171,0.034,0.0,0.315,0.541,170.082,4,pop,0
3,136191,0,0.589,0.453,7,-12.993,0,0.124,0.276,0.88,0.1,0.146,105.926,4,indian,0
65,293546,0,0.718,0.458,7,-10.632,1,0.033,0.685,0.00222,0.118,0.567,119.958,4,pop-film,1
69,140617,0,0.758,0.488,1,-9.124,1,0.109,0.00468,0.294,0.418,0.399,137.506,4,sad,1
60,171097,0,0.445,0.97,6,-3.045,1,0.125,0.000969,0.000103,0.0469,0.678,165.083,4,emo,1
55,181215,0,0.424,0.451,10,-7.874,1,0.0291,0.707,1.53e-05,0.151,0.136,139.972,4,indian,1
52,176228,1,0.801,0.54,2,-7.538,0,0.0418,0.183,0.292,0.115,0.502,119.985,4,sad,1
50,252382,0,0.453,0.424,0,-7.413,1,0.0245,0.554,9.91e-05,0.0962,0.253,83.092,4,indian,1
0,309327,1,0.71,0.522,11,-9.102,1,0.36,0.615,0.0,0.11,0.37,96.448,4,k-pop,0
58,139005,1,0.598,0.834,1,-4.79,1,0.196,0.123,0.0,0.338,0.603,84.488,4,emo,1
64,238986,0,0.707,0.925,4,-5.675,0,0.185,0.681,0.000393,0.0748,0.956,79.932,4,pop-film,1
62,198360,0,0.492,0.932,10,-4.689,1,0.052,0.000572,4.75e-06,0.123,0.33,92.497,4,grunge,1
44,210800,0,0.713,0.676,9,-6.413,1,0.0353,0.735,0.0,0.885,0.789,109.987,3,sertanejo,0
67,223122,0,0.599,0.775,1,-3.997,0,0.0542,0.022,0.0,0.0669,0.703,129.817,4,k-pop,1
44,202092,0,0.746,0.807,7,-2.916,0,0.0727,0.325,0.0,0.951,0.702,75.038,4,sertanejo,0
60,250960,0,0.539,0.979,6,-2.688,1,0.0677,0.00053,3.48e-06,0.324,0.657,93.996,4,anime,1
50,137764,0,0.695,0.266,7,-8.486,0,0.0622,0.251,0.446,0.172,0.219,78.974,4,anime,1
62,265906,0,0.487,0.702,7,-6.043,1,0.0238,0.00528,4.97e-06,0.129,0.306,95.982,4,grunge,1
85,211466,0,0.358,0.557,10,-7.398,1,0.059,0.695,0.0,0.0902,0.494,85.043,4,pop,1
50,261826,0,0.449,0.533,1,-7.313,1,0.0287,0.462,0.0,0.0799,0.274,175.413,4,sertanejo,1
61,276855,0,0.447,0.476,6,-11.007,1,0.0343,0.891,0.0,0.323,0.563,116.187,4,pop-film,1
44,154455,1,0.574,0.408,0,-9.061,1,0.0863,0.448,0.059,0.118,0.17,172.611,5,sad,0
0,134239,0,0.707,0.955,10,-4.593,0,0.222,0.127,0.0,0.203,0.575,125.993,4,pop,0
54,150805,0,0.573,0.747,0,-7.095,0,0.0761,0.695,1.05e-05,0.103,0.632,172.159,4,chill,1
70,214620,0,0.499,0.709,10,-6.404,1,0.134,0.296,0.0,0.331,0.314,164.032,4,k-pop,1
50,175573,0,0.731,0.418,5,-8.51,1,0.0382,0.381,0.0,0.111,0.843,120.161,4,sertanejo,1
51,156983,0,0.677,0.256,7,-16.915,1,0.0448,0.948,9.94e-06,0.0926,0.318,103.986,4,sad,1
58,224500,0,0.417,0.497,5,-12.477,1,0.0851,0.589,0.0634,0.116,0.0832,89.553,4,indian,1
55,230600,0,0.495,0.878,1,-4.3,1,0.058,0.0216,0.0,0.186,0.621,90.492,4,anime,1
45,65762,0,0.448,0.0297,7,-31.359,1,0.0794,0.992,0.644,0.0768,0.28,128.861,1,anime,0
55,151586,0,0.776,0.0956,6,-20.769,0,0.0861,0.805,0.000239,0.352,0.309,89.949,4,chill,1
56,397426,0,0.676,0.799,6,-9.493,0,0.0474,0.0497,3.99e-05,0.0372,0.835,103.98,4,pop-film,1
45,134952,0,0.668,0.427,7,-10.215,0,0.029,0.411,0.0,0.1,0.699,97.022,4,k-pop,0
0,250714,0,0.651,0.771,9,-6.541,0,0.0313,0.00381,1.71e-05,0.238,0.456,112.015,4,pop,0
51,240986,0,0.712,0.691,2,-6.11,1,0.0274,0.507,0.0,0.214,0.621,125.93,4,sertanejo,1
45,133374,0,0.576,0.255,9,-16.446,1,0.0624,0.637,0.00474,0.101,0.1,143.987,4,chill,0
34,208628,0,0.591,0.645,9,-7.067,1,0.0341,0.0587,0.0,0.317,0.151,87.48,4,emo,0
37,166587,0,0.731,0.896,5,-5.549,1,0.39,0.583,1.33e-05,0.114,0.689,149.952,4,anime,0
69,219466,0,0.483,0.818,11,-7.666,1,0.0444,0.114,0.0,0.367,0.691,175.668,4,grunge,1
44,179844,0,0.791,0.786,3,-5.003,1,0.0271,0.497,0.0,0.202,0.864,121.975,4,sertanejo,0
77,228855,0,0.603,0.573,1,-5.843,1,0.0502,0.478,0.0,0.0971,0.236,82.941,4,pop-film,1
56,278987,0,0.765,0.908,6,-5.043,0,0.052,0.0605,3.23e-06,0.233,0.891,106.993,4,pop-film,1
46,218017,0,0.679,0.608,0,-10.187,0,0.0368,0.639,7.55e-06,0.0873,0.361,116.043,4,k-pop,0
66,240284,0,0.318,0.902,1,-4.605,1,0.131,0.0116,0.0,0.393,0.437,199.844,4,anime,1
21,324479,0,0.581,0.457,4,-9.072,1,0.0264,0.669,0.000171,0.0804,0.228,90.089,4,pop-film,0
0,191506,0,0.491,0.942,7,-5.333,1,0.109,0.156,0.0,0.367,0.398,100.441,4,grunge,0
68,306834,0,0.637,0.573,11,-6.69,0,0.0491,0.279,3.46e-06,0.0617,0.704,90.017,4,pop,1
59,153480,1,0.619,0.401,5,-10.067,1,0.0372,0.557,7.49e-06,0.112,0.257,80.002,4,chill,1
59,352388,0,0.725,0.918,9,-4.875,1,0.0447,0.0289,5.13e-06,0.602,0.927,107.975,4,pop-film,1
45,292356,0,0.632,0.467,2,-8.189,1,0.0307,0.852,0.0,0.302,0.629,116.847,3,k-pop,0
72,228115,0,0.495,0.844,2,-3.65,1,0.0671,0.00315,0.0,0.459,0.486,159.989,4,anime,1
47,237354,0,0.689,0.651,3,-4.846,1,0.0324,0.322,0.0,0.8,0.593,105.992,4,sertanejo,0
48,181240,0,0.412,0.567,9,-6.226,1,0.0418,0.637,0.0,0.0682,0.456,168.232,3,sertanejo,0
45,342230,0,0.639,0.373,1,-11.386,1,0.0334,0.847,0.0225,0.0938,0.404,125.96,4,indian,0
49,159292,0,0.688,0.414,2,-7.841,1,0.0354,0.415,2.18e-05,0.13,0.435,112.98,4,emo,0
48,216880,0,0.556,0.864,3,-5.87,0,0.0584,0.00958,0.0,0.209,0.4,105.143,4,grunge,0
52,203333,1,0.649,0.779,7,-4.719,1,0.115,0.0332,0.0,0.299,0.503,89.978,4,emo,1
63,131666,0,0.206,0.871,8,-5.751,1,0.419,0.0316,6.55e-05,0.0596,0.125,175.6,3,k-pop,1
54,220000,0,0.753,0.501,1,-5.495,0,0.124,0.663,0.0,0.0829,0.0485,143.873,4,sad,1
52,167961,0,0.544,0.586,10,-9.7,1,0.0577,0.574,0.0,0.173,0.474,78.022,4,chill,1
5,265186,0,0.641,0.346,0,-9.508,1,0.036,0.913,3.99e-05,0.104,0.187,122.101,4,pop,0
56,117394,1,0.787,0.502,9,-5.119,0,0.37,0.104,0.00112,0.234,0.506,180.038,4,sad,1
26,238573,1,0.39,0.937,8,-3.457,1,0.1,0.000314,0.0,0.158,0.161,154.771,4,grunge,0
56,267586,0,0.531,0.942,8,-3.835,1,0.0554,0.00179,0.0,0.398,0.823,132.029,4,anime,1
45,342230,0,0.639,0.373,1,-11.386,1,0.0334,0.847,0.0225,0.0938,0.404,125.96,4,k-pop,0
67,173733,1,0.387,0.913,8,-3.761,1,0.0814,0.00366,0.0,0.136,0.674,185.957,4,emo,1
73,185815,0,0.722,0.757,10,-6.207,0,0.132,0.185,6.32e-06,0.126,0.721,140.094,4,pop,1
62,298864,0,0.659,0.353,1,-15.69,0,0.723,0.984,0.807,0.394,0.438,144.03,4,chill,1
46,202718,0,0.651,0.729,0,-8.615,1,0.057,0.308,2.95e-06,0.0705,0.619,150.041,4,k-pop,0
54,112692,1,0.57,0.223,6,-12.637,1,0.249,0.101,0.000614,0.175,0.529,130.021,4,sad,1
48,187964,1,0.941,0.551,1,-5.659,0,0.0534,0.331,2.97e-05,0.106,0.702,98.014,4,sad,0
61,168240,0,0.734,0.355,10,-10.605,0,0.083,0.296,0.000135,0.124,0.584,193.922,4,pop-film,1
49,110219,0,0.615,0.131,7,-11.095,1,0.0803,0.957,0.109,0.131,0.287,83.078,3,sad,0
26,187773,0,0.597,0.955,11,-4.761,1,0.0579,0.000384,0.0,0.283,0.671,121.922,4,grunge,0
54,218146,0,0.773,0.752,9,-4.534,1,0.029,0.787,0.0,0.287,0.926,115.043,4,sertanejo,1
35,329333,1,0.717,0.825,8,-5.07,1,0.254,0.399,0.0,0.865,0.66,89.984,4,anime,0
64,237896,0,0.301,0.581,11,-7.324,0,0.0422,0.602,0.0,0.0757,0.235,132.051,3,indian,1
33,215225,0,0.467,0.899,11,-1.161,1,0.044,0.000405,1.46e-05,0.128,0.79,154.935,4,emo,0
57,226946,0,0.719,0.887,9,-5.262,0,0.044,0.183,0.0104,0.201,0.834,156.918,4,pop-film,1
74,191868,0,0.724,0.618,2,-9.007,1,0.0534,0.0533,0.704,0.0886,0.0683,100.021,4,pop,1
63,227962,0,0.651,0.503,4,-8.729,1,0.0261,0.504,0.0,0.469,0.58,108.014,4,pop-film,1
54,188706,0,0.611,0.662,5,-5.794,1,0.0734,0.16,0.0,0.741,0.602,99.653,4,sertanejo,1
48,308135,0,0.567,0.671,10,-7.668,1,0.0397,0.492,5.86e-05,0.102,0.313,117.919,4,indian,0
61,293640,0,0.241,0.534,3,-7.207,1,0.0321,0.0561,2.13e-06,0.103,0.277,159.974,4,grunge,1
36,60010,0,0.654,0.856,10,-5.207,1,0.0344,0.0292,0.0,0.375,0.7,144.954,4,anime,0
47,168093,0,0.499,0.91,8,-2.873,1,0.106,0.606,0.0,0.704,0.547,165.744,4,sertanejo,0
59,217942,0,0.849,0.285,7,-11.58,0,0.041,0.822,2.9e-06,0.116,0.156,125.504,4,sad,1
0,193829,0,0.647,0.844,0,-3.756,1,0.0457,0.0137,0.000658,0.102,0.746,146.967,4,pop,0
53,222506,0,0.498,0.735,0,-4.701,1,0.026,0.00834,5.51e-06,0.245,0.402,145.852,3,grunge,1
43,199706,0,0.665,0.593,10,-7.349,1,0.053,0.604,0.000625,0.0899,0.912,83.294,4,sertanejo,0
61,171023,0,0.486,0.871,9,-4.475,0,0.337,0.0278,0.0,0.313,0.659,85.411,4,k-pop,1
3,170964,0,0.438,0.178,5,-9.402,1,0.0414,0.957,1.1e-06,0.316,0.344,75.25,1,pop,0
62,271000,0,0.717,0.298,6,-9.237,0,0.0394,0.555,0.00293,0.0997,0.262,116.039,4,chill,1
44,213517,1,0.763,0.373,5,-10.042,0,0.04,0.309,8.13e-06,0.144,0.225,100.021,4,sad,0
47,293958,0,0.657,0.768,11,-3.376,0,0.0336,0.0675,0.0,0.78,0.676,136.015,4,sertanejo,0
46,126130,0,0.815,0.233,5,-12.326,1,0.0369,0.657,0.209,0.132,0.106,115.098,4,sad,0
74,189176,0,0.663,0.478,4,-7.265,0,0.185,0.095,0.0,0.0705,0.341,85.264,4,pop,1
56,142344,1,0.764,0.757,1,-4.771,0,0.137,0.0819,0.0,0.0908,0.752,79.999,4,sad,1
60,198260,0,0.771,0.659,7,-6.1,1,0.0674,0.216,0.0,0.102,0.587,92.008,4,pop-film,1
46,264666,0,0.485,0.888,11,-3.326,1,0.0489,0.00277,1.16e-06,0.373,0.282,142.983,4,anime,0
84,204939,0,0.724,0.818,8,-3.747,1,0.168,0.0201,0.0,0.0358,0.696,77.004,4,pop,1
47,196990,0,0.607,0.61,9,-4.729,0,0.047,0.26,0.0,0.495,0.444,104.968,4,sertanejo,0
49,253480,0,0.612,0.939,1,-2.427,1,0.0689,0.0142,8.59e-05,0.118,0.694,149.007,4,anime,0
54,154801,1,0.509,0.614,10,-8.89,1,0.358,0.0323,0.0,0.0723,0.456,173.934,4,sad,1
52,171166,0,0.472,0.287,6,-11.173,0,0.21,0.83,0.247,0.433,0.481,179.891,3,chill,1
80,207652,0,0.723,0.737,11,-7.566,0,0.0386,0.00435,0.00261,0.116,0.689,123.039,4,emo,1
52,150139,0,0.495,0.484,2,-10.923,1,0.0391,0.313,0.0,0.104,0.592,126.632,5,k-pop,1
43,220726,0,0.65,0.883,0,-4.711,0,0.0712,0.0714,0.835,0.079,0.891,106.014,4,emo,0
71,207013,0,0.75,0.941,8,-1.759,1,0.0609,0.0111,2.11e-06,0.228,0.867,129.978,4,k-pop,1
45,59999,0,0.55,0.172,2,-20.754,1,0.0444,0.813,0.678,0.0886,0.392,88.022,4,anime,0
71,185875,0,0.752,0.0625,7,-24.694,1,0.0557,0.945,0.819,0.178,0.462,114.982,4,chill,1
51,174266,0,0.418,0.576,9,-7.331,0,0.0335,0.2,0.0,0.153,0.254,92.278,3,sad,1
46,206000,0,0.562,0.816,10,-5.04,0,0.392,0.21,0.0,0.112,0.768,179.835,3,k-pop,0
43,219212,1,0.829,0.424,1,-10.413,1,0.27,0.431,0.0,0.0627,0.556,126.936,4,indian,0
33,237573,0,0.515,0.71,6,-7.138,1,0.026,0.0825,0.0,0.0924,0.495,149.969,4,grunge,0
40,78041,0,0.638,0.3,1,-25.631,0,0.0659,0.886,0.898,0.185,0.695,80.036,4,indian,0
50,151347,0,0.779,0.554,2,-8.247,1,0.0667,0.0608,0.0,0.0942,0.299,90.016,4,sad,1
50,205560,0,0.447,0.688,7,-4.756,1,0.0413,0.292,0.0,0.923,0.38,154.003,4,sertanejo,1
57,236325,0,0.325,0.421,2,-8.636,1,0.0561,0.659,4.46e-06,0.0825,0.204,170.363,4,pop-film,1
63,254200,0,0.611,0.648,0,-4.579,1,0.0441,0.00055,0.0028,0.0846,0.457,132.983,4,grunge,1
62,160660,0,0.503,0.446,5,-6.279,1,0.0547,0.904,0.0,0.303,0.476,174.062,4,emo,1
0,313243,0,0.506,0.959,10,-5.532,0,0.064,0.0231,0.0,0.126,0.35,112.073,4,anime,0
53,175379,0,0.907,0.26,5,-14.436,0,0.0819,0.631,0.769,0.0969,0.175,122.736,4,chill,1
65,378020,0,0.652,0.732,0,-8.587,1,0.0275,0.203,0.000366,0.0739,0.577,127.043,4,pop-film,1
34,84532,1,0.721,0.738,0,-9.998,1,0.178,0.0305,0.185,0.0994,0.596,82.473,4,anime,0
43,213320,0,0.278,0.384,1,-12.642,0,0.0467,0.29,0.00894,0.357,0.0396,110.286,4,indian,0
71,191695,0,0.605,0.805,6,-3.212,1,0.0641,0.313,0.0,0.659,0.738,148.298,4,k-pop,1
43,248450,0,0.742,0.692,4,-9.267,0,0.237,0.464,1.39e-05,0.0951,0.628,149.949,4,k-pop,0
66,229740,0,0.566,0.842,9,-5.222,0,0.0442,0.00357,0.000253,0.141,0.308,131.05,4,k-pop,1
55,322861,0,0.732,0.654,8,-7.583,0,0.0396,0.464,5.49e-05,0.123,0.724,122.049,4,k-pop,1
48,93773,0,0.384,0.855,11,-3.191,0,0.105,0.00122,0.0,0.127,0.749,177.999,4,anime,0
1,223613,0,0.409,0.57,6,-10.54,0,0.0711,0.687,0.0,0.173,0.336,128.657,4,pop,0
39,135849,0,0.761,0.745,11,-4.651,1,0.0457,0.12,1.1e-05,0.0551,0.7,106.02,4,chill,0
33,265453,0,0.601,0.896,11,-5.461,0,0.0447,0.0218,0.0,0.243,0.606,108.062,4,anime,0
51,143320,1,0.785,0.69,0,-6.363,1,0.0561,0.0334,0.0,0.151,0.644,118.091,4,emo,1
61,199016,0,0.708,0.461,5,-12.25,1,0.0288,0.165,0.000869,0.0865,0.592,92.015,4,chill,1
64,184000,1,0.445,0.977,0,-2.674,1,0.0995,0.000347,0.0235,0.126,0.239,105.825,4,emo,1
73,341054,0,0.562,0.519,3,-8.744,1,0.0326,0.557,0.000268,0.172,0.415,122.925,4,pop,1
64,165154,0,0.632,0.653,9,-6.646,1,0.0379,0.508,0.0,0.265,0.355,99.997,4,chill,1
73,219686,0,0.751,0.669,3,-6.532,0,0.0359,0.342,1.31e-05,0.0822,0.359,119.014,4,pop,1
0,193765,1,0.832,0.522,2,-7.244,1,0.05,0.012,0.079,0.377,0.253,150.044,4,k-pop,0
43,289258,1,0.323,0.417,1,-18.764,1,0.299,0.879,0.863,0.349,0.182,180.256,4,indian,0
49,176977,0,0.609,0.688,0,-4.723,0,0.143,0.503,0.0,0.279,0.893,127.636,4,sertanejo,0
52,221960,0,0.548,0.604,4,-7.511,1,0.124,0.436,0.0,0.165,0.602,152.728,4,k-pop,1
67,188606,0,0.805,0.919,1,-1.294,1,0.0938,0.101,0.00343,0.0598,0.494,94.993,4,pop,1
53,185761,0,0.564,0.792,2,-3.297,1,0.0688,0.342,0.0,0.697,0.586,113.742,1,sertanejo,1
27,194560,0,0.439,0.947,7,-3.491,1,0.122,0.00667,7.36e-06,0.364,0.671,88.219,4,grunge,0
63,254033,0,0.717,0.624,1,-7.096,1,0.0381,0.0754,0.000762,0.0989,0.472,159.926,4,pop-film,1
80,229360,0,0.655,0.797,2,-4.787,1,0.153,0.198,0.0,0.067,0.839,177.928,4,pop,1
36,166653,0,0.298,0.994,2,-5.015,1,0.288,0.000146,8.55e-05,0.936,0.138,143.191,4,emo,0
73,261853,0,0.476,0.736,2,-5.38,1,0.0343,0.0217,1.08e-06,0.203,0.251,129.084,4,grunge,1
65,198795,0,0.74,0.804,3,-2.187,1,0.0546,0.411,0.0,0.0578,0.791,150.013,4,k-pop,1
44,168437,0,0.545,0.566,0,-8.137,1,0.306,0.572,1.48e-06,0.339,0.305,183.79,4,sad,0
54,123876,0,0.714,0.111,11,-19.202,1,0.074,0.864,0.925,0.121,0.268,123.987,4,sad,1
56,318266,0,0.768,0.561,7,-9.388,1,0.0374,0.202,0.0,0.0986,0.449,97.016,4,pop-film,1
63,309103,0,0.626,0.522,7,-5.857,1,0.0317,0.686,0.0,0.41,0.628,118.001,4,indian,1
46,218845,0,0.457,0.687,2,-3.773,1,0.0622,0.505,0.0,0.187,0.578,182.848,5,sertanejo,0
54,176959,0,0.737,0.311,8,-14.978,1,0.166,0.111,0.615,0.0368,0.159,74.032,4,chill,1
62,270400,0,0.432,0.415,2,-9.755,1,0.0357,0.00849,0.927,0.107,0.189,144.0,4,grunge,1
77,185200,0,0.5,0.292,0,-8.554,1,0.0323,0.746,0.0,0.188,0.37,145.879,4,pop,1
38,144888,0,0.69,0.708,5,-7.626,1,0.0485,0.518,0.0,0.109,0.211,95.148,4,emo,0
39,220919,0,0.62,0.668,10,-7.083,0,0.038,0.0599,0.0,0.168,0.582,91.984,4,emo,0
66,287374,0,0.384,0.728,7,-6.503,0,0.0623,0.329,1.85e-05,0.329,0.311,156.396,4,pop,1
75,223271,0,0.524,0.758,10,-9.28,1,0.0538,0.27,0.13,0.106,0.319,140.012,4,indian,1
5,156981,1,0.653,0.913,9,-3.638,1,0.23,0.142,0.0,0.103,0.687,158.955,4,k-pop,0
44,240413,0,0.6,0.938,6,-2.781,0,0.0326,0.0136,1.15e-06,0.0975,0.65,130.057,4,emo,0
45,215872,0,0.603,0.296,0,-16.694,0,0.0424,0.103,0.235,0.106,0.076,96.018,4,sad,0
46,291632,0,0.668,0.753,9,-8.569,1,0.0421,0.0122,0.00544,0.155,0.495,119.976,4,k-pop,0
57,198461,0,0.629,0.821,5,-4.743,0,0.0466,0.0194,0.0176,0.0815,0.458,103.998,4,indian,1
61,213288,0,0.629,0.528,10,-11.374,1,0.0247,0.791,0.000222,0.0617,0.397,93.982,4,indian,1
61,127137,0,0.824,0.296,10,-13.56,1,0.138,0.316,0.0115,0.0742,0.287,75.008,4,chill,1
52,290360,0,0.534,0.393,11,-7.813,1,0.0292,0.00479,0.0107,0.107,0.0641,110.007,4,grunge,1
60,234541,0,0.64,0.718,1,-5.088,1,0.0649,0.0629,0.0,0.0946,0.735,92.989,4,anime,1
65,155428,1,0.534,0.449,11,-10.688,0,0.0422,0.44,0.0,0.0934,0.24,105.075,4,chill,1
64,241894,0,0.294,0.705,10,-7.302,1,0.0488,0.548,0.0,0.113,0.548,81.463,4,pop-film,1
49,306373,0,0.102,0.581,5,-9.61,1,0.0394,7.19e-05,0.88,0.297,0.171,79.765,3,anime,0
48,174006,0,0.639,0.198,11,-16.187,0,0.029,0.883,0.655,0.0999,0.345,89.988,4,sad,0
58,233240,0,0.47,0.878,4,-3.391,0,0.0429,0.0172,0.054,0.235,0.322,114.986,4,grunge,1
49,343373,0,0.672,0.856,4,-7.423,0,0.108,0.293,0.000342,0.0494,0.723,101.988,4,k-pop,0
52,233866,0,0.641,0.477,4,-5.57,1,0.0284,0.656,0.0,0.228,0.296,105.011,4,sertanejo,1
50,333023,0,0.352,0.91,1,-5.193,0,0.0821,8.71e-05,0.009,0.0463,0.129,164.213,4,grunge,1
64,260698,0,0.837,0.948,9,-5.135,0,0.199,0.447,2.51e-05,0.19,0.825,111.028,4,pop-film,1
79,202533,0,0.615,0.871,9,-1.248,1,0.0516,0.0427,0.0,0.254,0.297,123.915,4,k-pop,1
56,180346,0,0.61,0.867,9,-3.94,1,0.176,0.471,0.0,0.83,0.717,81.023,4,sertanejo,1
49,315010,0,0.831,0.368,4,-10.158,1,0.0353,0.956,0.215,0.158,0.696,112.882,4,k-pop,0
65,322013,0,0.797,0.452,10,-8.325,1,0.0271,0.275,6.45e-05,0.075,0.661,104.998,4,pop-film,1
49,165826,0,0.719,0.838,4,-4.46,1,0.0291,0.17,1.25e-05,0.309,0.934,124.953,4,sertanejo,0
43,1755311,0,0.54,0.438,9,-8.409,1,0.0765,0.815,0.0,0.388,0.777,89.848,1,indian,0
0,200755,0,0.555,0.257,10,-12.637,1,0.0299,0.892,1.42e-06,0.124,0.431,89.013,4,pop,0
56,294315,0,0.596,0.653,5,-3.817,0,0.0317,0.543,0.0,0.22,0.633,142.52,3,pop-film,1
60,161344,0,0.539,0.26,8,-18.753,0,0.1,0.873,0.695,0.345,0.104,119.011,4,anime,1
58,158540,1,0.745,0.612,5,-5.86,0,0.0816,0.0856,0.0,0.088,0.461,151.998,4,sad,1
48,252682,1,0.56,0.695,7,-7.039,0,0.0342,0.048,0.946,0.088,0.15,149.997,4,emo,0
50,309775,0,0.69,0.792,2,-5.204,1,0.0644,0.117,0.0,0.648,0.809,125.947,3,sertanejo,1
49,204173,0,0.545,0.861,3,-4.819,0,0.034,0.0624,0.0,0.131,0.279,105.017,4,grunge,0
50,180000,0,0.699,0.665,5,-9.676,1,0.0339,0.282,0.0,0.147,0.352,119.989,4,emo,1
66,166027,1,0.54,0.538,7,-10.838,0,0.389,0.329,0.0,0.106,0.607,97.542,5,chill,1
71,150329,0,0.608,0.83,9,-5.396,0,0.0956,0.597,3.4e-06,0.118,0.211,91.088,4,pop,1
61,272039,0,0.481,0.546,2,-13.266,1,0.0723,0.052,0.0263,0.454,0.072,180.047,4,chill,1
60,232666,0,0.417,0.966,4,-3.072,1,0.194,0.00224,1.97e-06,0.145,0.623,192.067,4,anime,1
57,115254,1,0.841,0.541,9,-7.121,1,0.229,0.0186,0.0,0.123,0.42,97.961,4,emo,1
47,191184,1,0.835,0.621,8,-9.289,0,0.385,0.115,0.0,0.139,0.498,154.031,4,emo,0
47,203540,0,0.597,0.902,2,-4.224,1,0.033,0.0497,1.67e-05,0.511,0.662,150.004,4,sertanejo,0
58,329640,0,0.477,0.636,8,-8.334,0,0.0356,0.865,0.00226,0.208,0.707,84.547,4,k-pop,1
45,193033,0,0.616,0.335,5,-12.631,1,0.0303,0.851,0.0547,0.109,0.137,96.953,4,chill,0
49,261720,0,0.647,0.521,9,-5.155,1,0.0475,0.788,0.0,0.168,0.593,145.028,4,sertanejo,0
64,185466,0,0.495,0.787,8,-6.89,1,0.0368,9.16e-05,0.0,0.167,0.388,140.003,4,grunge,1
58,261653,0,0.38,0.951,1,-2.92,1,0.147,0.00282,0.0,0.0536,0.664,186.127,4,anime,1
64,279826,0,0.624,0.906,11,-4.436,0,0.0514,0.0978,0.0,0.0963,0.632,129.99,4,pop-film,1
67,230068,0,0.524,0.601,8,-6.112,0,0.0404,0.663,0.0,0.114,0.598,72.048,4,pop,1
86,216410,0,0.362,0.54,10,-6.031,1,0.0528,0.338,0.0,0.139,0.3,78.007,3,pop,1
0,195200,1,0.768,0.374,7,-12.49,1,0.723,0.288,1.67e-06,0.111,0.398,75.503,4,chill,0
62,209213,1,0.64,0.558,1,-7.078,1,0.027,0.000144,0.865,0.103,0.208,115.007,4,emo,1
59,150638,1,0.422,0.53,6,-10.989,0,0.123,0.528,0.00036,0.0899,0.209,93.35,4,chill,1
52,181413,0,0.597,0.7,5,-9.284,0,0.0615,0.242,0.0,0.101,0.478,160.432,4,sad,1
70,175293,0,0.555,0.945,2,-1.934,1,0.127,0.0453,0.0,0.244,0.389,160.006,4,k-pop,1
0,360960,0,0.59,0.8,1,-5.044,0,0.0441,0.000653,0.905,0.0512,0.21,127.996,4,pop,0
46,168106,0,0.728,0.925,2,-2.486,1,0.116,0.424,0.0,0.345,0.766,130.205,4,sertanejo,0
57,294230,0,0.432,0.389,5,-8.266,1,0.0307,0.87,0.0,0.113,0.138,128.119,4,pop-film,1
4,208546,0,0.594,0.935,0,-2.018,1,0.0357,0.243,2.36e-06,0.102,0.602,113.99,4,pop,0
58,241962,0,0.493,0.418,9,-9.693,1,0.0261,0.436,0.102,0.104,0.22,89.982,4,pop-film,1
54,256127,0,0.696,0.476,5,-8.244,1,0.12,0.859,0.813,0.323,0.424,170.062,4,chill,1
40,537295,0,0.43,0.471,2,-9.883,1,0.0307,0.229,0.00106,0.156,0.255,92.024,4,indian,0
57,100038,0,0.67,0.456,5,-10.751,0,0.0673,0.279,0.895,0.0984,0.589,80.974,4,chill,1
27,177466,0,0.571,0.829,1,-6.173,1,0.0622,0.0604,0.000269,0.117,0.444,102.369,4,grunge,0
64,366506,0,0.674,0.663,5,-8.886,1,0.0619,0.3,2.96e-06,0.101,0.287,92.997,4,pop-film,1
58,265666,0,0.452,0.49,4,-11.685,0,0.0397,0.658,5.71e-06,0.167,0.724,123.669,4,k-pop,1
74,195146,0,0.744,0.923,7,-2.797,1,0.0507,0.115,0.0,0.065,0.522,96.005,4,k-pop,1
67,166600,0,0.838,0.63,9,-5.609,0,0.171,0.242,0.0,0.0719,0.64,100.986,4,pop,1
53,175379,0,0.907,0.26,5,-14.436,0,0.0819,0.631,0.769,0.0969,0.175,122.736,4,sad,1
51,93133,0,0.601,0.972,11,-1.767,1,0.0563,0.0701,0.0,0.165,0.941,133.74,4,anime,1
57,302906,0,0.455,0.29,0,-11.473,1,0.0288,0.0614,0.00225,0.101,0.169,88.523,4,grunge,1
48,294013,0,0.736,0.621,9,-10.582,0,0.057,0.0375,0.0029,0.249,0.608,137.344,4,k-pop,0
56,168038,0,0.708,0.356,3,-11.53,1,0.0501,0.907,0.0607,0.125,0.132,80.036,4,chill,1
73,219638,0,0.623,0.655,5,-9.998,0,0.203,0.304,0.0,0.18,0.749,99.739,4,pop-film,1
65,364786,0,0.334,0.387,2,-9.483,1,0.0332,0.755,3.94e-05,0.113,0.42,129.959,1,pop,1
57,183451,0,0.627,0.575,4,-7.38,1,0.232,0.78,0.0,0.336,0.494,78.546,4,chill,1
70,140338,0,0.504,0.401,0,-10.016,1,0.0958,0.805,0.00596,0.155,0.243,114.95,4,chill,1
47,551360,0,0.477,0.602,8,-10.231,1,0.038,0.981,0.013,0.795,0.689,82.293,3,k-pop,0
43,274560,0,0.543,0.632,11,-5.515,1,0.0304,0.383,0.0,0.093,0.384,79.004,4,anime,0
57,303750,0,0.419,0.825,6,-5.013,1,0.0709,0.49,0.0,0.139,0.363,73.202,4,pop-film,1
56,216885,0,0.362,0.763,3,-8.514,1,0.0589,0.015,0.00481,0.237,0.431,187.291,4,indian,1
43,287706,0,0.748,0.858,7,-2.79,1,0.173,0.181,2.35e-06,0.114,0.8,95.011,4,k-pop,0
76,180220,0,0.779,0.762,10,-5.188,0,0.0631,0.0224,0.0,0.121,0.859,110.043,4,k-pop,1
49,224697,0,0.649,0.647,9,-6.222,1,0.036,0.601,0.0,0.713,0.668,106.024,4,sertanejo,0
60,345558,0,0.371,0.668,11,-7.269,0,0.0497,0.636,2e-06,0.294,0.403,87.458,4,indian,1
59,149213,0,0.85,0.734,2,-6.415,1,0.0491,0.0221,0.000179,0.0728,0.406,103.027,4,k-pop,1
46,205920,0,0.431,0.87,4,-4.008,1,0.0552,0.0391,1.59e-05,0.56,0.355,157.798,4,sertanejo,0
58,262493,0,0.493,0.896,7,-4.569,0,0.0365,0.000319,0.0,0.0869,0.0791,117.964,4,grunge,1
65,187982,0,0.825,0.666,4,-4.847,0,0.0554,0.143,2.81e-06,0.237,0.763,96.987,4,pop,1
57,122880,1,0.5,0.373,1,-14.01,1,0.35,0.568,0.0,0.225,0.194,179.759,4,sad,1
68,284779,0,0.395,0.397,11,-7.556,1,0.0368,0.735,0.0,0.11,0.303,70.568,4,pop-film,1
60,240017,0,0.711,0.673,5,-5.89,0,0.0336,0.25,0.0,0.214,0.393,109.992,4,pop-film,1
55,546018,0,0.241,0.34,7,-11.919,1,0.0446,0.446,0.0641,0.0994,0.064,80.979,4,grunge,1
51,266959,0,0.667,0.545,1,-8.088,1,0.0524,0.785,0.016,0.106,0.531,147.988,4,k-pop,1
58,105616,0,0.612,0.259,11,-11.096,0,0.0999,0.196,0.901,0.106,0.214,149.957,4,anime,1
53,181187,0,0.673,0.152,11,-24.291,0,0.0331,0.636,0.0,0.0936,0.348,93.402,4,indian,1
66,139870,1,0.676,0.717,7,-8.641,1,0.323,0.323,0.0,0.118,0.451,162.016,4,sad,1
33,139250,0,0.726,0.419,0,-13.615,1,0.0586,0.323,0.89,0.107,0.73,74.996,4,anime,0
67,180413,0,0.595,0.817,11,-6.187,0,0.0474,0.000712,0.0386,0.142,0.483,144.961,4,pop-film,1
56,137483,0,0.686,0.329,7,-10.924,1,0.0431,0.875,0.894,0.688,0.558,190.007,4,anime,1
0,173947,1,0.905,0.563,8,-6.135,1,0.102,0.0254,9.71e-06,0.113,0.324,106.998,4,k-pop,0
46,258146,0,0.554,0.358,11,-11.017,0,0.043,0.929,0.207,0.217,0.78,80.783,4,k-pop,0
44,169936,0,0.688,0.814,8,-5.421,1,0.148,0.66,0.0,0.522,0.958,78.907,4,sertanejo,0
68,197217,1,0.876,0.312,7,-10.17,1,0.0521,0.443,0.0,0.247,0.377,114.973,4,sad,1
65,200000,0,0.823,0.709,1,-3.937,1,0.0408,0.0235,0.0,0.0834,0.499,93.012,4,pop,1
58,208000,0,0.666,0.44,8,-11.046,1,0.0486,0.601,0.0219,0.342,0.423,120.008,4,indian,1
76,254400,0,0.854,0.611,8,-6.26,0,0.0864,0.223,0.0,0.119,0.417,100.024,4,pop,1
0,227478,1,0.904,0.723,11,-5.224,0,0.26,0.0631,0.0,0.185,0.835,145.013,4,k-pop,0
65,216000,0,0.778,0.76,3,-3.913,0,0.143,0.0237,6.15e-06,0.183,0.688,144.026,4,pop,1
65,280369,0,0.79,0.892,10,-4.038,0,0.0404,0.228,1.18e-06,0.206,0.896,131.991,4,pop-film,1
49,219040,0,0.49,0.835,4,-6.323,0,0.0332,8.38e-05,0.00373,0.0908,0.519,119.92,4,grunge,0
45,189893,0,0.624,0.622,7,-5.78,1,0.03,0.804,0.0,0.155,0.457,140.021,4,sertanejo,0
62,264614,0,0.537,0.367,8,-9.362,1,0.0241,0.815,0.0,0.132,0.348,90.953,4,pop-film,1
55,213053,0,0.58,0.941,7,-3.799,1,0.0595,0.00968,0.0,0.317,0.769,129.988,4,anime,1
43,205447,0,0.625,0.917,5,-5.576,1,0.0313,0.0135,0.0,0.16,0.305,120.093,4,grunge,0
56,142512,1,0.746,0.465,0,-13.581,0,0.0331,0.251,3.01e-05,0.0675,0.662,94.502,4,emo,1
74,124000,0,0.719,0.36,6,-12.034,1,0.398,0.748,2.18e-06,0.0812,0.409,80.184,4,chill,1
45,125401,0,0.511,0.355,0,-11.725,0,0.0318,0.847,0.942,0.137,0.118,80.001,4,anime,0
0,242096,0,0.586,0.616,5,-7.964,1,0.0324,0.182,0.0,0.0927,0.719,148.088,4,pop,0
64,189402,0,0.608,0.886,0,-3.027,1,0.0773,0.0281,0.0,0.446,0.783,106.02,4,anime,1
45,269880,0,0.661,0.378,10,-10.46,1,0.0269,0.411,0.000371,0.111,0.146,87.508,4,anime,0
43,383506,0,0.562,0.479,7,-7.233,1,0.0278,0.036,0.000126,0.0562,0.113,140.051,3,grunge,0
0,198423,0,0.729,0.339,5,-9.978,1,0.129,0.298,4.89e-05,0.113,0.375,87.983,4,indian,0
46,423986,0,0.444,0.714,7,-7.362,1,0.0387,0.787,0.00768,0.568,0.752,83.98,4,k-pop,0
83,177302,0,0.738,0.714,0,-5.235,1,0.249,0.157,0.0,0.31,0.74,95.035,4,k-pop,1
64,115194,1,0.873,0.663,1,-4.086,1,0.15,0.0216,0.000356,0.0867,0.525,135.499,4,emo,1
64,144724,1,0.68,0.313,3,-13.672,0,0.0347,0.582,0.0,0.19,0.405,135.034,4,emo,1
46,153942,0,0.633,0.802,5,-2.882,1,0.0606,0.603,0.0,0.618,0.64,123.985,4,sertanejo,0
53,149569,0,0.72,0.458,8,-8.511,1,0.0452,0.237,0.0,0.0984,0.516,140.077,4,chill,1
32,175310,1,0.638,0.757,8,-6.286,1,0.0386,0.00522,0.0,0.0794,0.311,81.552,4,sad,0
52,204771,0,0.704,0.566,10,-10.917,0,0.346,0.258,0.0,0.0564,0.323,118.142,4,chill,1
64,284480,0,0.67,0.517,5,-6.963,0,0.039,0.481,2.49e-05,0.217,0.615,77.514,4,k-pop,1
45,216348,0,0.554,0.51,7,-6.398,1,0.0528,0.782,0.0,0.129,0.586,71.667,4,sertanejo,0
45,213333,0,0.578,0.459,11,-11.68,1,0.0863,0.674,0.349,0.377,0.182,152.94,4,indian,0
49,240291,0,0.665,0.854,11,-4.248,0,0.165,0.078,0.0,0.269,0.763,176.065,4,sertanejo,0
47,145170,0,0.603,0.527,1,-9.648,1,0.0491,0.794,7.53e-05,0.162,0.441,109.749,4,indian,0
68,310073,0,0.314,0.475,5,-12.38,1,0.0838,0.779,0.00539,0.34,0.312,78.992,4,indian,1
66,268833,0,0.647,0.656,11,-8.632,1,0.0354,0.657,0.000163,0.343,0.453,119.965,4,pop-film,1
36,326106,1,0.459,0.979,9,-4.042,0,0.0855,0.000219,1.6e-05,0.106,0.402,150.003,3,emo,0
65,223027,0,0.76,0.555,7,-10.165,1,0.0465,0.409,0.213,0.0822,0.52,98.066,4,pop,1
82,184104,0,0.776,0.808,11,-4.501,1,0.117,0.0297,0.000127,0.103,0.494,123.988,4,pop,1
45,293248,0,0.592,0.539,2,-8.412,1,0.0404,0.183,0.0,0.227,0.368,174.008,4,sertanejo,0
54,200666,1,0.65,0.618,9,-7.37,0,0.0373,0.0657,4.42e-05,0.277,0.366,89.991,4,emo,1
34,283466,0,0.616,0.742,1,-3.628,1,0.0395,0.206,0.0,0.349,0.765,142.066,4,anime,0
45,273626,0,0.458,0.895,1,-5.058,0,0.0894,0.000255,0.0,0.0842,0.177,152.316,4,grunge,0
46,112666,0,0.466,0.918,2,-6.61,1,0.0752,0.018,0.641,0.125,0.339,141.957,4,anime,0
55,131937,0,0.806,0.493,8,-8.847,1,0.0348,0.493,0.0,0.107,0.454,110.078,4,chill,1
55,304506,0,0.294,0.591,7,-9.712,1,0.038,0.153,0.0,0.126,0.327,146.259,3,grunge,1
42,92837,0,0.653,0.439,5,-13.914,0,0.0511,0.964,0.897,0.157,0.684,148.04,4,anime,0
54,275017,0,0.759,0.457,5,-6.339,1,0.0335,0.549,0.0,0.0848,0.57,89.998,4,indian,1
44,297906,0,0.58,0.563,2,-6.143,0,0.0312,0.592,2.88e-06,0.117,0.305,133.955,4,indian,0
62,196549,0,0.533,0.838,0,-3.723,1,0.0319,0.102,0.0,0.394,0.449,75.021,4,k-pop,1
67,182738,0,0.788,0.87,9,-5.217,1,0.177,0.123,1.43e-05,0.0692,0.884,109.974,4,pop,1
54,183651,0,0.655,0.489,2,-5.375,1,0.0592,0.726,0.0,0.865,0.531,151.978,4,sertanejo,1
85,221306,0,0.359,0.543,7,-7.582,1,0.0919,0.492,1.58e-05,0.118,0.453,68.534,4,pop,1
1,184390,0,0.692,0.883,7,-4.698,1,0.0582,0.0512,0.0,0.228,0.614,122.984,4,pop,0
4,242495,0,0.315,0.418,7,-9.146,1,0.0299,0.131,0.000679,0.0836,0.237,129.116,4,pop,0
1,231533,0,0.179,0.912,4,-3.881,0,0.0791,0.0014,0.000294,0.582,0.289,182.99,3,grunge,0
74,166640,0,0.409,0.932,11,-4.538,0,0.0339,1.87e-05,1.6e-06,0.31,0.591,131.761,4,grunge,1
64,335709,0,0.527,0.521,2,-6.837,0,0.0272,0.631,0.0,0.158,0.266,143.892,3,pop-film,1
58,236335,0,0.669,0.642,5,-9.004,1,0.0515,0.00221,0.834,0.203,0.838,115.973,4,emo,1
67,126826,1,0.646,0.647,1,-4.476,1,0.0837,5.79e-05,0.0,0.0417,0.758,155.111,4,emo,1
46,411493,0,0.539,0.508,11,-5.913,1,0.0348,0.56,0.0,0.113,0.277,123.958,4,emo,0
45,261399,0,0.337,0.964,7,-4.034,1,0.148,0.00257,4.11e-06,0.13,0.153,159.935,4,grunge,0
26,236533,0,0.508,0.662,2,-5.985,1,0.0323,0.0645,0.0,0.978,0.226,116.548,4,grunge,0
25,186226,0,0.568,0.981,8,-3.526,1,0.0952,0.00143,1.55e-05,0.402,0.283,129.862,4,grunge,0
58,166499,0,0.615,0.314,2,-14.148,1,0.0651,0.267,0.549,0.17,0.238,144.069,4,indian,1
37,235671,0,0.582,0.958,10,-4.685,0,0.247,0.567,0.0,0.348,0.29,96.248,4,anime,0
54,180000,0,0.715,0.275,1,-13.382,1,0.057,0.584,8.73e-06,0.129,0.321,107.945,4,chill,1
48,342720,0,0.366,0.571,2,-12.063,1,0.0565,0.0104,0.89,0.0939,0.136,155.093,3,anime,0
49,155944,0,0.708,0.865,11,-5.009,1,0.0557,0.638,0.0,0.509,0.612,121.985,4,sertanejo,0
46,236773,0,0.431,0.688,7,-7.21,1,0.0364,0.674,0.0,0.864,0.277,74.132,4,sertanejo,0
48,241333,0,0.634,0.852,4,-3.506,1,0.0268,0.381,0.00111,0.707,0.566,100.034,4,sertanejo,0
70,187173,1,0.821,0.434,10,-9.194,0,0.118,0.434,0.0,0.128,0.241,120.012,4,emo,1
43,214813,0,0.557,0.585,7,-6.753,1,0.0396,0.572,0.0,0.972,0.599,82.617,1,sertanejo,0
65,258857,0,0.581,0.578,5,-7.571,0,0.0524,0.671,0.0,0.106,0.335,140.0,4,pop,1
45,222632,0,0.409,0.667,11,-5.586,1,0.0519,0.366,0.0,0.693,0.396,91.875,4,sertanejo,0
57,459266,0,0.484,0.671,4,-10.248,0,0.0371,0.52,2.35e-06,0.147,0.675,106.012,4,pop-film,1
60,242600,0,0.245,0.749,8,-9.352,0,0.0599,0.00252,7.87e-06,0.185,0.221,118.363,4,grunge,1
46,205022,0,0.756,0.799,5,-5.728,1,0.0682,0.0894,0.00044,0.129,0.709,122.04,4,indian,0
68,254173,0,0.718,0.573,1,-7.309,0,0.0451,0.458,0.00533,0.0953,0.686,180.043,4,pop,1
53,176600,0,0.689,0.516,10,-7.484,1,0.0259,0.616,0.0,0.291,0.767,103.905,4,sertanejo,1
3,242280,1,0.565,0.551,0,-7.007,0,0.0687,0.0845,0.0,0.139,0.125,112.98,4,pop,0
58,147461,0,0.558,0.625,7,-5.253,1,0.0359,0.0146,2.87e-05,0.328,0.293,171.934,4,emo,1
44,182333,0,0.19,0.297,10,-10.603,1,0.0374,0.507,0.923,0.0972,0.124,137.927,4,anime,0
49,247384,0,0.793,0.809,11,-4.267,0,0.0408,0.0251,0.000336,0.352,0.158,130.003,4,anime,0
46,181132,1,0.633,0.491,10,-12.432,1,0.0849,0.0158,0.00018,0.139,0.237,159.027,4,emo,0
55,145626,1,0.615,0.624,10,-5.927,1,0.0363,0.00935,0.0,0.15,0.752,159.943,4,sad,1
41,211613,0,0.449,0.929,10,-5.914,0,0.0473,0.000263,0.798,0.111,0.243,95.019,4,anime,0
58,144040,1,0.531,0.487,2,-10.321,0,0.22,0.911,0.00201,0.222,0.749,75.487,4,chill,1
48,243029,0,0.654,0.636,4,-6.273,1,0.032,0.465,0.0,0.226,0.429,137.961,4,sertanejo,0
46,234446,0,0.279,0.514,11,-7.066,1,0.0336,0.0492,0.0,0.0567,0.595,184.734,3,sertanejo,0
63,211034,0,0.687,0.919,10,-3.28,1,0.0635,0.0939,4.38e-06,0.105,0.877,145.037,4,pop-film,1
71,251818,0,0.481,0.496,8,-7.421,1,0.0262,0.588,0.0,0.132,0.453,89.839,4,pop-film,1
40,257466,0,0.217,0.35,9,-10.26,0,0.0322,0.197,0.932,0.141,0.0942,61.992,4,anime,0
43,299026,0,0.739,0.898,8,-4.835,1,0.0691,0.184,0.0586,0.215,0.365,131.986,4,indian,0
61,389213,0,0.734,0.529,0,-10.198,1,0.0346,0.392,0.0,0.11,0.58,128.022,4,pop-film,1
57,97285,0,0.422,0.0597,2,-25.258,0,0.04,0.985,0.918,0.103,0.0544,56.123,5,anime,1
48,324880,0,0.722,0.709,11,-11.435,1,0.143,0.558,0.0,0.203,0.945,97.991,4,k-pop,0
58,322861,0,0.732,0.654,8,-7.583,0,0.0396,0.464,5.49e-05,0.123,0.724,122.049,4,k-pop,1
49,175786,0,0.525,0.746,4,-4.917,0,0.0508,0.337,0.0,0.444,0.425,107.106,4,sertanejo,0
50,155028,0,0.622,0.887,11,-3.924,1,0.19,0.086,0.0,0.188,0.842,169.896,4,sertanejo,1
60,148361,0,0.766,0.426,0,-8.413,1,0.0573,0.812,0.0,0.108,0.436,109.925,4,chill,1
50,189628,1,0.579,0.402,2,-9.687,1,0.0392,0.777,0.0,0.316,0.516,152.067,4,sad,1
56,86571,0,0.645,0.114,9,-15.768,1,0.356,0.967,0.831,0.112,0.191,78.015,4,chill,1
58,148363,1,0.927,0.651,8,-5.34,0,0.0934,0.624,0.0,0.105,0.937,110.009,4,sad,1
38,200754,0,0.587,0.665,6,-7.439,0,0.406,0.165,1e-05,0.106,0.628,179.905,4,anime,0
65,212560,0,0.591,0.606,8,-6.977,1,0.066,0.574,0.0,0.06,0.767,82.185,4,pop,1
40,195121,0,0.678,0.475,11,-10.478,0,0.0322,0.155,0.533,0.167,0.358,123.016,4,anime,0
0,369708,0,0.572,0.695,6,-6.231,0,0.0371,0.515,0.0,0.221,0.807,111.461,1,indian,0
70,176560,0,0.519,0.695,0,-4.861,1,0.0812,0.299,0.0,0.43,0.515,95.384,4,k-pop,1
43,196746,0,0.458,0.51,10,-10.424,0,0.0409,0.335,0.00425,0.105,0.275,193.948,4,grunge,0
73,238173,0,0.518,0.797,6,-5.153,1,0.0309,0.000681,0.0,0.107,0.293,132.918,4,grunge,1
64,268463,0,0.319,0.552,7,-6.401,1,0.0307,0.719,0.0,0.144,0.221,93.991,4,pop,1
52,238226,0,0.498,0.709,0,-3.135,0,0.0325,0.00815,0.0,0.127,0.439,112.628,4,grunge,1
52,118763,1,0.752,0.485,5,-10.243,1,0.0432,0.255,0.0,0.342,0.819,95.003,4,sad,1
63,160736,0,0.558,0.364,5,-8.663,1,0.0502,0.169,9.94e-05,0.109,0.252,129.17,4,chill,1
49,204000,0,0.494,0.569,2,-4.69,0,0.0336,0.0614,0.904,0.0824,0.0708,129.995,4,anime,0
54,266041,0,0.693,0.518,1,-9.146,1,0.0282,0.653,0.531,0.138,0.374,128.041,4,indian,1
58,153027,1,0.682,0.491,2,-8.095,0,0.0431,0.634,0.0,0.124,0.324,139.844,4,chill,1
54,252630,0,0.72,0.237,3,-11.665,1,0.0415,0.963,0.0,0.0952,0.606,125.335,4,indian,1
73,257053,0,0.678,0.656,7,-6.41,1,0.0381,0.00174,0.0,0.0631,0.485,123.207,4,grunge,1
57,225933,0,0.652,0.256,10,-13.4,0,0.0799,0.874,0.0,0.163,0.408,119.414,3,chill,1
28,229666,0,0.388,0.434,4,-9.555,1,0.0253,0.349,0.000166,0.232,0.191,78.445,4,grunge,0
51,120826,0,0.272,0.122,4,-16.359,0,0.0376,0.966,0.914,0.089,0.0629,60.337,4,anime,1
54,238467,1,0.457,0.94,8,-5.624,1,0.11,2.04e-05,0.0,0.301,0.463,140.089,4,grunge,1
43,176600,0,0.689,0.516,10,-7.484,1,0.0259,0.616,0.0,0.291,0.767,103.905,4,sertanejo,0
63,189882,0,0.633,0.567,4,-7.296,0,0.113,0.386,0.0,0.069,0.353,85.297,4,pop-film,1
69,154756,1,0.683,0.628,6,-6.512,1,0.123,0.659,0.0,0.106,0.356,142.06,4,emo,1
52,341054,0,0.562,0.519,3,-8.744,1,0.0326,0.557,0.000268,0.172,0.415,122.925,4,k-pop,1
44,312440,0,0.41,0.72,7,-7.675,0,0.0476,0.827,0.00123,0.338,0.728,82.133,4,k-pop,0
56,278440,0,0.415,0.533,0,-8.445,1,0.0308,0.0037,0.000732,0.176,0.126,138.929,4,grunge,1
56,141818,0,0.328,0.345,11,-11.562,0,0.06,0.245,0.0,0.106,0.296,81.929,3,sad,1
66,295575,0,0.491,0.915,11,-4.834,1,0.143,0.00652,0.125,0.0906,0.582,134.947,4,anime,1
0,244426,0,0.589,0.492,11,-6.404,1,0.0258,0.163,0.0,0.0786,0.526,96.016,4,emo,0
60,155923,0,0.63,0.568,5,-9.051,0,0.0695,0.0658,0.0,0.102,0.785,157.0,4,chill,1
45,166153,0,0.848,0.803,3,-4.101,0,0.0376,0.566,0.0,0.413,0.869,129.982,4,sertanejo,0
42,118080,0,0.722,0.857,4,-6.146,0,0.0344,0.912,0.00072,0.24,0.816,109.959,3,anime,0
70,196170,0,0.568,0.809,11,-3.869,0,0.0517,0.000253,3.33e-05,0.151,0.709,155.029,4,k-pop,1
62,238586,0,0.588,0.559,4,-4.849,0,0.0272,0.128,0.0,0.0977,0.278,123.845,4,grunge,1
62,198866,0,0.74,0.926,9,-3.965,0,0.112,0.0376,0.0,0.582,0.571,106.987,4,k-pop,1
42,198000,0,0.569,0.555,5,-10.23,1,0.0473,0.93,0.745,0.0929,0.527,80.0,4,chill,0
71,190000,0,0.827,0.587,9,-5.531,0,0.113,0.203,0.0,0.0727,0.774,119.936,4,pop,1
25,88250,0,0.703,0.265,10,-16.359,1,0.0403,0.986,0.932,0.137,0.131,120.061,4,anime,0
1,242495,0,0.315,0.418,7,-9.146,1,0.0299,0.131,0.000679,0.0836,0.237,129.116,4,pop,0
65,188000,0,0.71,0.518,11,-8.755,0,0.0656,0.236,2.39e-05,0.31,0.386,96.059,4,pop,1
70,230063,0,0.665,0.687,11,-6.466,0,0.0547,0.155,9.28e-05,0.173,0.651,106.023,4,k-pop,1
65,155000,1,0.83,0.299,7,-17.113,1,0.476,0.169,0.0,0.0663,0.533,93.1,4,sad,1
56,58017,0,0.611,0.256,8,-11.29,1,0.0733,0.899,0.00497,0.125,0.585,123.535,4,chill,1
62,122704,0,0.79,0.133,8,-9.365,1,0.0915,0.875,0.808,0.111,0.422,69.997,4,chill,1
69,181760,0,0.695,0.896,5,-1.24,1,0.0847,0.179,0.0,0.0626,0.508,119.959,4,k-pop,1
49,173415,0,0.56,0.799,1,-3.572,1,0.187,0.362,0.0,0.838,0.661,174.005,4,sertanejo,0
48,226980,0,0.623,0.195,11,-11.463,1,0.0287,0.868,1.71e-06,0.087,0.16,70.005,4,indian,0
70,205145,0,0.518,0.723,2,-8.075,1,0.137,0.157,1.2e-05,0.107,0.363,100.118,4,k-pop,1
44,182017,1,0.801,0.924,0,-3.704,0,0.239,0.312,0.0,0.0841,0.496,139.928,4,anime,0
67,218048,0,0.621,0.467,0,-4.835,0,0.0273,0.632,0.0,0.0888,0.227,107.164,4,pop-film,1
68,236390,0,0.571,0.415,2,-6.572,0,0.0305,0.615,0.0,0.187,0.342,78.025,4,emo,1
61,82800,0,0.822,0.107,1,-13.824,1,0.0862,0.882,0.861,0.084,0.622,77.467,4,sad,1
52,287075,0,0.525,0.807,8,-6.011,1,0.0369,0.496,8.2e-06,0.0938,0.887,89.863,4,k-pop,1
63,274000,0,0.707,0.714,1,-4.143,1,0.0311,0.436,2.89e-06,0.0919,0.229,118.974,4,pop-film,1
56,189402,0,0.608,0.886,0,-3.027,1,0.0773,0.0281,0.0,0.446,0.783,106.02,4,anime,1
61,305613,0,0.237,0.543,7,-8.921,1,0.0372,0.838,3.86e-06,0.0961,0.316,73.896,4,indian,1
71,184666,0,0.465,0.551,7,-6.58,1,0.0362,0.619,6.03e-06,0.109,0.415,89.459,4,pop-film,1
47,329176,0,0.269,0.663,2,-11.726,1,0.123,0.314,0.0,0.93,0.497,160.045,4,sertanejo,0
57,246635,0,0.769,0.922,1,-3.123,1,0.0534,0.419,0.000156,0.189,0.634,104.916,4,pop-film,1
44,253573,1,0.658,0.781,9,-6.472,0,0.0509,0.0639,0.0,0.485,0.542,110.008,4,grunge,0
50,164921,1,0.843,0.615,1,-5.696,1,0.243,0.0891,5.51e-05,0.14,0.616,153.075,4,emo,1
47,201651,0,0.609,0.659,9,-6.943,1,0.051,0.143,3.77e-05,0.0713,0.309,75.215,4,chill,0
58,183428,1,0.683,0.572,2,-8.808,1,0.09,0.0797,0.0,0.357,0.616,140.185,4,chill,1
48,210133,0,0.491,0.556,5,-6.023,1,0.0273,0.701,1.46e-06,0.0849,0.413,100.008,1,indian,0
58,142792,0,0.749,0.498,8,-10.743,1,0.0872,0.42,0.425,0.0874,0.351,157.997,4,chill,1
45,68444,0,0.741,0.215,1,-14.838,1,0.0394,0.206,0.362,0.112,0.444,110.638,4,sad,0
81,207026,1,0.718,0.422,4,-9.115,0,0.0621,0.0764,0.0,0.17,0.455,144.678,4,pop,1
32,295653,0,0.61,0.854,10,-5.48,0,0.0395,0.0106,0.0,0.187,0.578,112.012,4,anime,0
62,139088,0,0.644,0.754,0,-5.874,1,0.0681,0.712,0.0,0.409,0.655,154.973,4,sertanejo,1
37,173149,1,0.713,0.858,4,-4.827,1,0.215,0.0151,2.01e-05,0.335,0.685,147.091,4,sad,0
51,161776,1,0.699,0.355,1,-13.659,0,0.244,0.737,4.09e-06,0.245,0.188,92.095,4,sad,1
68,211600,0,0.533,0.918,4,-2.095,1,0.0616,0.00894,0.0,0.643,0.662,92.504,4,anime,1
49,357696,0,0.557,0.331,5,-10.184,0,0.0269,0.786,0.0026,0.0743,0.506,108.208,1,k-pop,0
48,215173,0,0.596,0.358,0,-12.993,1,0.0255,0.9,0.0503,0.108,0.43,94.932,4,indian,0
42,115142,0,0.764,0.122,11,-20.667,0,0.0416,0.965,0.918,0.0981,0.159,140.065,4,anime,0
48,234000,0,0.614,0.278,2,-14.636,1,0.0319,0.897,1.99e-06,0.0722,0.316,60.048,4,indian,0
55,207705,1,0.831,0.419,1,-7.381,0,0.44,0.359,0.00228,0.0959,0.339,84.983,4,chill,1
56,204000,1,0.653,0.78,5,-7.253,0,0.0663,0.114,3.23e-06,0.117,0.26,179.928,4,sad,1
66,134204,0,0.697,0.271,0,-11.507,1,0.093,0.923,0.0,0.101,0.773,119.835,4,pop-film,1
52,250920,0,0.643,0.43,5,-11.978,0,0.0331,0.379,1.34e-05,0.17,0.565,89.92,4,k-pop,1
57,286480,0,0.534,0.708,11,-5.732,1,0.0402,0.089,0.0,0.192,0.488,130.639,4,grunge,1
51,298760,0,0.387,0.879,8,-0.684,1,0.0706,0.102,0.0139,0.0338,0.604,191.027,4,anime,1
47,134913,1,0.739,0.639,9,-8.636,1,0.253,0.119,0.0,0.119,0.482,143.044,4,sad,0
60,195397,0,0.711,0.731,2,-6.651,1,0.0569,0.233,0.0,0.178,0.474,130.0,4,pop-film,1
50,256831,0,0.753,0.915,10,-7.246,0,0.065,0.0475,0.00158,0.0561,0.95,80.015,4,k-pop,1
53,216116,0,0.701,0.555,9,-8.004,1,0.0321,0.387,0.0,0.1,0.486,129.996,4,sad,1
85,247160,0,0.617,0.635,11,-6.769,0,0.0317,0.0498,1.44e-05,0.164,0.446,103.019,4,pop,1
52,272906,0,0.492,0.959,7,0.698,0,0.0535,0.109,0.0,0.0796,0.349,143.966,3,anime,1
58,200751,0,0.723,0.73,11,-8.765,0,0.108,0.69,9.78e-06,0.406,0.924,90.088,4,pop-film,1
63,203532,1,0.834,0.586,6,-8.278,1,0.0267,0.439,0.083,0.102,0.878,102.048,4,chill,1
61,232533,0,0.484,0.545,10,-6.607,1,0.0485,0.2,0.0,0.188,0.575,114.989,4,pop-film,1
63,218887,0,0.863,0.854,4,-4.564,0,0.0893,0.0418,0.00152,0.0551,0.784,119.996,4,k-pop,1
47,224234,0,0.618,0.303,10,-14.709,0,0.0381,0.927,0.00549,0.077,0.341,125.026,4,pop-film,0
44,328275,0,0.374,0.659,2,-5.427,1,0.0438,0.246,0.00104,0.0991,0.151,173.892,4,chill,0
80,197732,0,0.629,0.328,11,-8.284,1,0.029,0.768,2.5e-05,0.103,0.389,74.953,4,pop,1
49,204891,1,0.544,0.55,4,-10.654,1,0.0592,0.0183,0.0,0.193,0.134,149.872,4,emo,0
66,149524,0,0.484,0.948,1,-4.296,0,0.451,0.0473,0.0,0.0565,0.686,125.645,5,pop,1
48,118633,1,0.857,0.552,11,-8.89,1,0.346,0.018,1.88e-05,0.101,0.383,83.007,4,emo,0
0,203122,0,0.708,0.598,5,-8.365,1,0.0291,0.037,0.0,0.17,0.698,112.027,4,pop,0
56,96986,0,0.763,0.487,1,-11.155,0,0.174,0.915,0.134,0.136,0.484,146.027,4,chill,1
57,325459,0,0.499,0.48,1,-6.45,1,0.0415,0.619,0.0,0.319,0.577,99.886,4,pop-film,1
64,341386,0,0.474,0.548,11,-8.614,1,0.331,0.237,0.0,0.0791,0.676,193.671,4,pop,1
52,164000,1,0.833,0.778,4,-5.455,0,0.0575,0.0608,0.0,0.12,0.55,120.011,4,emo,1
58,232813,0,0.434,0.868,9,-3.503,1,0.0366,0.0199,0.0,0.162,0.366,162.969,5,grunge,1
44,177600,0,0.798,0.906,6,-3.874,0,0.097,0.225,0.000337,0.05,0.721,100.003,4,k-pop,0
76,207309,0,0.475,0.124,2,-9.463,1,0.0444,0.926,0.0,0.0972,0.19,94.42,4,indian,1
57,99200,0,0.636,0.808,0,-3.288,1,0.0534,0.0699,0.0,0.153,0.508,75.013,4,sad,1
55,234093,0,0.394,0.99,10,-0.589,0,0.188,0.0365,0.0,0.174,0.269,188.954,4,anime,1
62,222732,0,0.733,0.855,9,-3.211,1,0.118,0.00481,0.0,0.123,0.42,126.035,4,k-pop,1
21,107550,0,0.692,0.431,0,-9.158,0,0.0295,0.336,1.59e-05,0.166,0.416,99.951,4,k-pop,0
42,152000,0,0.693,0.296,0,-13.52,1,0.0704,0.741,0.0,0.0955,0.58,120.376,5,indian,0
0,173065,1,0.718,0.596,11,-8.195,0,0.053,0.073,0.0,0.0796,0.475,87.977,4,sad,0
33,244866,0,0.597,0.915,1,-4.59,1,0.0666,0.00273,0.0,0.304,0.584,99.012,4,anime,0
57,156340,0,0.87,0.387,1,-6.49,0,0.0354,0.0522,0.0,0.321,0.628,100.038,4,chill,1
71,225946,0,0.521,0.673,8,-8.685,1,0.0284,0.00573,0.0,0.12,0.543,108.031,4,grunge,1
57,162508,0,0.709,0.322,9,-17.514,0,0.0474,0.467,0.123,0.106,0.733,129.966,4,chill,1
59,377000,0,0.798,0.636,6,-10.52,1,0.0431,0.327,0.0,0.128,0.799,139.98,4,pop-film,1
71,226941,0,0.62,0.627,7,-6.187,1,0.0307,0.497,0.0,0.133,0.557,82.008,4,pop,1
58,132120,0,0.61,0.709,0,-5.575,1,0.0305,0.141,0.0,0.352,0.456,88.971,4,chill,1
53,240573,0,0.498,0.82,2,-6.288,0,0.0439,0.401,4.54e-06,0.373,0.299,136.901,3,anime,1
51,160000,0,0.579,0.109,3,-16.129,1,0.0379,0.938,0.0344,0.108,0.276,134.98,4,chill,1
71,341823,0,0.417,0.433,4,-8.958,1,0.0415,0.0726,0.0,0.123,0.207,169.92,4,pop-film,1
51,210918,0,0.637,0.685,1,-6.028,0,0.106,0.444,0.0604,0.123,0.661,87.944,4,k-pop,1
68,177479,0,0.813,0.601,11,-7.552,0,0.116,0.189,0.0002,0.426,0.855,118.981,4,chill,1
0,333800,1,0.793,0.737,6,-4.731,0,0.0785,0.0765,0.0,0.0747,0.697,167.969,4,pop,0
58,159657,1,0.907,0.409,7,-7.383,1,0.065,0.384,0.0,0.161,0.565,115.023,4,chill,1
55,250800,0,0.528,0.935,6,-1.114,0,0.0678,0.0705,0.0,0.326,0.55,152.06,4,anime,1
0,173947,1,0.905,0.563,8,-6.135,1,0.102,0.0254,9.71e-06,0.113,0.324,106.998,4,k-pop,0
60,319635,0,0.703,0.982,4,-3.466,1,0.118,0.394,0.000939,0.109,0.697,110.03,4,indian,1
24,211640,0,0.502,0.607,11,-10.992,1,0.125,0.24,0.0,0.935,0.558,76.429,4,anime,0
64,230760,0,0.658,0.94,2,-2.427,1,0.0339,0.144,0.0,0.101,0.694,122.992,4,anime,1
48,166826,0,0.593,0.833,0,-4.806,1,0.109,0.136,0.0,0.726,0.606,157.859,4,sertanejo,0
67,201015,0,0.682,0.836,2,-3.259,1,0.354,0.141,0.0383,0.0891,0.224,82.53,4,indian,1
64,103986,1,0.556,0.425,10,-6.964,0,0.314,0.811,1.97e-06,0.127,0.676,89.385,4,emo,1
71,207586,1,0.185,0.948,8,-3.892,1,0.147,0.0104,0.0,0.105,0.316,196.578,3,grunge,1
71,235779,0,0.856,0.617,10,-5.308,0,0.084,0.171,0.0,0.0857,0.759,136.081,4,k-pop,1
72,165671,0,0.566,0.613,5,-10.118,1,0.0874,0.714,0.799,0.0848,0.219,110.886,4,emo,1
42,204170,0,0.503,0.986,10,-3.284,0,0.139,0.00354,0.0,0.396,0.482,159.949,4,emo,0
70,253773,0,0.616,0.525,7,-7.065,1,0.0258,0.401,0.000484,0.309,0.427,79.976,4,pop,1
58,116881,0,0.758,0.206,7,-16.333,1,0.112,0.922,0.00518,0.177,0.389,115.008,4,chill,1
57,303320,0,0.589,0.626,0,-5.684,1,0.0273,0.777,1.97e-06,0.13,0.443,114.915,4,indian,1
63,191440,0,0.484,0.913,6,-4.305,1,0.0425,0.000391,0.0,0.309,0.279,103.103,4,grunge,1
68,314207,0,0.441,0.308,11,-10.107,0,0.0407,0.958,0.000231,0.0638,0.292,149.593,3,pop,1
56,117394,1,0.787,0.502,9,-5.119,0,0.37,0.104,0.00112,0.234,0.506,180.038,4,emo,1
56,256097,0,0.66,0.177,2,-13.461,0,0.0377,0.835,0.162,0.108,0.0699,82.974,4,chill,1
50,171013,0,0.627,0.648,9,-3.987,0,0.0457,0.51,0.0,0.117,0.467,87.6,4,chill,1
63,217051,0,0.574,0.882,0,-4.08,0,0.121,0.0245,0.0,0.354,0.612,92.994,4,k-pop,1
34,204400,0,0.65,0.774,11,-5.288,1,0.0398,0.00383,3.44e-06,0.307,0.654,137.971,4,emo,0
66,202718,0,0.607,0.695,0,-9.537,1,0.0567,0.163,4.26e-06,0.109,0.594,150.061,4,k-pop,1
52,243214,0,0.722,0.699,8,-4.169,0,0.0274,0.196,0.00462,0.111,0.613,112.033,4,emo,1
32,202813,0,0.506,0.964,4,-3.882,0,0.0398,0.00829,0.0153,0.304,0.695,122.785,4,grunge,0
43,237506,0,0.575,0.646,0,-5.444,1,0.026,0.684,5.28e-06,0.342,0.541,90.362,4,sertanejo,0
71,199122,0,0.699,0.588,9,-6.533,0,0.0402,0.00807,0.000131,0.107,0.35,151.971,4,k-pop,1
62,128769,1,0.772,0.809,0,-3.994,0,0.154,0.0863,0.0,0.115,0.654,97.407,4,emo,1
34,217206,1,0.61,0.615,11,-7.52,0,0.0271,0.00102,0.0,0.113,0.195,115.014,4,emo,0
57,316604,0,0.625,0.48,5,-12.909,1,0.0434,0.504,0.000153,0.267,0.41,115.2,4,indian,1
41,173848,1,0.864,0.463,8,-9.153,0,0.231,0.14,1.96e-05,0.102,0.827,77.005,4,emo,0
63,192000,0,0.747,0.446,11,-10.032,1,0.0603,0.225,0.0,0.155,0.642,122.023,4,chill,1
46,274920,0,0.484,0.754,11,-7.918,0,0.0663,0.726,0.00382,0.392,0.576,80.368,4,k-pop,0
49,298453,0,0.601,0.899,9,-6.713,1,0.0651,0.213,0.0,0.721,0.779,170.098,4,sertanejo,0
52,203364,0,0.586,0.549,2,-6.939,0,0.184,0.228,0.0,0.198,0.615,180.008,4,anime,1
51,249415,0,0.549,0.634,7,-8.827,1,0.0342,0.861,0.00838,0.0953,0.36,107.946,4,indian,1
38,81500,0,0.606,0.433,1,-8.353,0,0.0477,0.433,0.783,0.249,0.525,109.905,4,chill,0
45,198000,0,0.252,0.509,6,-5.862,0,0.0365,5.74e-05,0.946,0.132,0.139,153.705,3,anime,0
71,233666,0,0.811,0.655,1,-7.118,0,0.0353,0.0947,1.63e-06,0.068,0.925,117.979,4,pop,1
53,248173,0,0.353,0.762,3,-5.422,1,0.0386,0.00245,6.4e-06,0.0907,0.169,148.008,4,grunge,1
43,295666,0,0.36,0.918,2,-5.51,0,0.078,0.000536,0.846,0.197,0.0856,90.072,4,anime,0
77,172106,0,0.6,0.713,6,-5.079,0,0.0592,0.0642,0.0,0.142,0.471,72.999,4,k-pop,1
44,206680,0,0.463,0.9,4,-3.757,0,0.0523,0.0298,0.000459,0.0651,0.428,159.964,3,grunge,0
54,178706,0,0.615,0.65,1,-4.677,1,0.0468,0.599,0.0,0.68,0.511,107.436,1,sertanejo,1
44,250956,0,0.832,0.87,1,-5.328,1,0.0463,0.0575,0.0238,0.225,0.656,115.016,4,k-pop,0
64,198782,0,0.666,0.644,11,-8.964,0,0.145,0.753,0.000262,0.124,0.89,115.1,4,pop-film,1
58,246000,0,0.7,0.631,2,-8.377,1,0.212,0.325,0.000246,0.376,0.49,78.924,4,pop-film,1
54,210320,0,0.532,0.73,2,-4.19,1,0.261,0.0457,0.0,0.157,0.191,188.12,4,emo,1
54,131289,0,0.721,0.239,7,-21.909,1,0.0805,0.455,0.658,0.283,0.217,115.088,4,sad,1
59,155062,1,0.849,0.307,10,-12.631,1,0.228,0.767,4.62e-06,0.097,0.359,116.031,4,sad,1
59,282973,0,0.675,0.582,9,-8.891,1,0.0277,0.661,5.56e-06,0.0854,0.538,120.991,4,pop-film,1
50,144149,0,0.861,0.394,10,-9.276,1,0.0465,0.502,0.0,0.229,0.912,125.036,4,sad,1
47,169445,0,0.728,0.9,9,-2.497,1,0.0815,0.154,0.0,0.391,0.928,94.99,4,sertanejo,0
73,114477,0,0.673,0.75,9,-5.831,1,0.0655,0.0155,5.44e-06,0.348,0.708,105.848,4,k-pop,1
64,171023,0,0.486,0.871,9,-4.475,0,0.337,0.0278,0.0,0.313,0.659,85.411,4,k-pop,1
54,145635,0,0.779,0.392,10,-10.749,1,0.0955,0.479,0.0,0.0988,0.884,150.036,4,sad,1
59,387716,0,0.583,0.308,7,-18.303,0,0.0465,0.581,0.0106,0.257,0.241,118.226,4,pop-film,1
62,246883,0,0.543,0.44,7,-8.595,1,0.0597,0.795,0.0,0.224,0.726,125.53,5,indian,1
51,249079,0,0.779,0.92,8,-12.043,1,0.163,0.274,0.927,0.212,0.544,107.993,4,chill,1
48,153604,0,0.697,0.301,1,-14.87,0,0.044,0.334,0.0153,0.113,0.253,125.028,4,sad,0
48,137906,0,0.704,0.676,0,-5.789,1,0.0319,0.197,0.0,0.0846,0.967,119.578,1,sertanejo,0
55,125052,0,0.575,0.193,2,-15.494,1,0.179,0.951,0.0443,0.156,0.308,118.589,4,chill,1
46,198280,0,0.649,0.65,0,-5.744,1,0.0387,0.465,0.0,0.884,0.711,124.996,3,sertanejo,0
69,194426,0,0.839,0.617,7,-4.692,1,0.331,0.241,0.0,0.3,0.821,143.894,4,k-pop,1
56,288019,0,0.618,0.707,0,-6.554,0,0.0398,0.738,0.00442,0.0876,0.711,80.078,4,pop-film,1
53,859345,0,0.4,0.694,3,-8.486,1,0.0621,0.573,0.0,0.874,0.727,153.902,3,indian,1
83,137704,1,0.593,0.503,8,-6.725,0,0.22,0.293,0.0,0.405,0.71,178.781,4,pop,1
51,97822,0,0.582,0.419,2,-11.27,1,0.0358,0.403,0.129,0.133,0.183,99.169,4,indian,1
59,203532,1,0.834,0.586,6,-8.278,1,0.0267,0.439,0.083,0.102,0.878,102.048,4,chill,1
74,224072,0,0.787,0.603,9,-4.781,1,0.034,0.435,0.0,0.101,0.743,106.984,4,pop,1
9,211457,1,0.671,0.934,0,-4.496,1,0.0486,0.000145,1.81e-05,0.104,0.832,124.005,4,grunge,0
57,235520,0,0.506,0.804,4,-7.277,0,0.104,0.361,4.07e-06,0.544,0.748,81.795,3,pop-film,1
80,188343,1,0.782,0.559,6,-7.106,0,0.0767,0.125,0.0,0.385,0.685,129.992,1,pop,1
0,173947,1,0.905,0.563,8,-6.135,1,0.102,0.0254,9.71e-06,0.113,0.324,106.998,4,k-pop,0
46,163944,0,0.575,0.827,7,-3.879,1,0.0457,0.688,0.0,0.318,0.612,156.968,4,sertanejo,0
57,213640,0,0.502,0.872,4,-3.449,1,0.0421,0.0107,0.0,0.313,0.808,134.047,4,anime,1
41,264160,0,0.404,0.963,4,-1.707,1,0.0663,0.00151,1.06e-05,0.0521,0.607,169.963,4,anime,0
52,185379,0,0.697,0.481,10,-7.858,0,0.0532,0.246,0.0605,0.103,0.243,145.009,4,sad,1
1,170819,0,0.789,0.694,2,-9.069,1,0.0503,0.0961,0.0112,0.344,0.281,121.981,4,indian,0
76,232146,0,0.427,0.201,8,-13.044,1,0.0317,0.745,0.263,0.109,0.0668,105.218,4,grunge,1
60,284626,0,0.722,0.288,4,-10.767,1,0.0444,0.827,1.06e-05,0.12,0.502,119.899,4,pop-film,1
44,119586,0,0.867,0.272,11,-13.916,0,0.275,0.228,0.919,0.157,0.557,145.039,4,anime,0
48,190911,0,0.609,0.736,11,-4.229,0,0.0453,0.359,0.0,0.901,0.365,123.048,4,sertanejo,0
55,314514,0,0.817,0.474,10,-12.221,1,0.0481,0.57,0.197,0.147,0.595,119.802,4,pop-film,1
46,239431,0,0.488,0.889,4,-4.583,1,0.0669,0.38,0.0,0.13,0.118,124.925,4,indian,0
52,288365,0,0.636,0.41,7,-10.372,1,0.0277,0.941,0.000717,0.125,0.516,115.003,1,indian,1
63,214573,0,0.615,0.841,11,-5.352,1,0.0416,0.0178,0.0,0.133,0.316,126.026,4,emo,1
70,198902,1,0.703,0.723,9,-5.45,0,0.0412,0.0302,2.06e-06,0.126,0.288,104.969,4,emo,1
71,171987,0,0.625,0.598,7,-6.6,0,0.0373,0.616,0.0,0.299,0.5,90.078,4,pop,1
65,244067,0,0.692,0.954,2,-3.93,0,0.0915,0.0188,0.0,0.151,0.89,141.98,4,indian,1
34,67657,1,0.636,0.565,5,-5.691,1,0.0385,0.37,0.0,0.0898,0.237,71.086,4,emo,0
58,270260,1,0.963,0.417,10,-15.525,0,0.182,0.635,0.00686,0.275,0.711,114.968,4,chill,1
40,215135,0,0.775,0.807,8,-1.754,1,0.131,0.145,0.0,0.15,0.202,157.099,4,anime,0
58,275986,0,0.296,0.796,0,-4.846,1,0.0743,0.455,8.61e-06,0.0869,0.425,87.846,4,pop-film,1
45,176750,0,0.725,0.703,5,-4.948,1,0.0741,0.433,0.0,0.0632,0.561,82.051,4,indian,0
3,171880,1,0.709,0.56,4,-4.867,0,0.171,0.034,0.0,0.315,0.541,170.082,4,pop,0
53,213497,0,0.416,0.452,5,-11.233,0,0.0589,0.936,0.514,0.257,0.247,73.605,4,chill,1
51,157377,0,0.533,0.165,2,-14.879,1,0.0396,0.929,0.937,0.105,0.189,122.064,4,chill,1
46,231813,0,0.378,0.971,10,-4.281,0,0.0883,1.98e-05,0.0176,0.313,0.267,97.617,4,grunge,0
54,318066,0,0.788,0.86,6,-5.988,0,0.048,0.264,0.000321,0.0687,0.853,104.982,4,indian,1
65,224813,0,0.613,0.614,1,-7.235,1,0.0439,0.0143,0.0,0.094,0.198,93.984,4,sad,1
68,228189,0,0.412,0.494,6,-9.282,1,0.0536,0.706,0.0,0.0772,0.496,169.93,4,pop,1
45,175609,0,0.431,0.385,9,-10.433,0,0.0332,0.0117,0.527,0.11,0.122,159.956,4,anime,0
56,288000,0,0.402,0.215,0,-12.825,0,0.0306,0.783,0.0185,0.103,0.167,109.775,3,pop-film,1
66,175226,0,0.588,0.927,6,-4.776,0,0.113,0.000305,3.83e-05,0.195,0.652,93.571,4,grunge,1
61,187626,0,0.331,0.75,5,-5.202,1,0.0436,6.86e-05,1.21e-06,0.0945,0.26,185.97,4,grunge,1
69,222066,0,0.46,0.796,0,-4.501,0,0.0333,0.00107,0.0,0.106,0.182,100.011,4,grunge,1
46,103500,0,0.549,0.29,0,-16.021,1,0.0337,0.704,0.806,0.106,0.212,80.073,4,anime,0
53,113921,0,0.76,0.322,2,-13.638,1,0.0485,0.568,0.927,0.0855,0.184,160.028,4,anime,1
33,213000,0,0.802,0.678,0,-4.893,1,0.0307,0.448,2.64e-05,0.273,0.966,125.007,4,anime,0
54,208500,0,0.307,0.254,0,-13.692,1,0.0265,0.845,6.08e-06,0.373,0.332,81.028,3,indian,1
46,142258,0,0.789,0.536,9,-5.432,0,0.0425,0.569,1.32e-06,0.0878,0.891,123.983,4,k-pop,0
54,183907,1,0.775,0.45,1,-8.752,1,0.112,0.0954,0.0,0.104,0.554,79.987,4,sad,1
59,255721,0,0.758,0.377,6,-10.224,0,0.0511,0.544,7.65e-05,0.0904,0.624,139.932,4,pop-film,1
54,139289,0,0.726,0.618,2,-7.073,1,0.0571,0.481,0.0,0.0945,0.374,110.068,4,chill,1
63,206506,0,0.484,0.938,2,-3.123,1,0.112,0.0706,0.0,0.236,0.444,165.049,4,emo,1
65,85979,0,0.533,0.331,10,-15.903,0,0.588,0.982,0.652,0.829,0.23,69.527,4,chill,1
63,144000,0,0.677,0.793,6,-5.972,0,0.0734,0.558,1.18e-05,0.105,0.941,75.026,4,sad,1
50,220524,0,0.527,0.654,9,-4.399,1,0.0292,0.687,0.0,0.772,0.513,133.131,4,sertanejo,1
52,194117,1,0.865,0.594,10,-8.888,0,0.252,0.136,1.02e-05,0.273,0.545,118.974,4,emo,1
65,364329,0,0.549,0.737,0,-7.865,1,0.0386,0.459,0.00844,0.091,0.412,119.963,4,pop-film,1
44,241983,0,0.709,0.575,0,-6.513,1,0.118,0.163,0.0,0.118,0.4,121.079,4,indian,0
26,239706,0,0.357,0.865,1,-4.501,1,0.0539,0.0023,1.66e-06,0.215,0.357,131.795,4,grunge,0
62,271746,0,0.732,0.563,10,-10.155,0,0.128,0.191,0.000141,0.0759,0.563,169.943,4,pop-film,1
67,204923,0,0.7,0.502,11,-8.958,1,0.0425,0.603,0.0,0.08,0.407,129.977,4,pop,1
53,248306,0,0.473,0.973,7,-3.831,1,0.11,0.00025,0.153,0.0782,0.291,141.09,4,grunge,1
66,130718,0,0.303,0.349,11,-15.52,1,0.208,0.758,0.000169,0.363,0.337,180.246,4,indian,1
47,192067,1,0.546,0.547,1,-6.722,0,0.138,0.467,0.00148,0.147,0.253,75.385,4,sad,0
49,191336,1,0.795,0.629,7,-8.295,0,0.0862,0.0637,0.00108,0.0896,0.684,143.049,4,sad,0
51,149398,1,0.567,0.686,4,-8.646,0,0.0671,0.181,0.0,0.0952,0.246,135.062,4,anime,1
57,290872,0,0.74,0.283,5,-19.161,1,0.0739,0.266,0.0,0.0792,0.793,90.962,4,pop-film,1
5,193143,0,0.887,0.388,8,-14.505,1,0.349,0.739,0.143,0.106,0.205,120.035,4,pop,0
55,474653,0,0.613,0.696,8,-9.486,0,0.0504,0.136,0.00222,0.053,0.874,122.056,4,k-pop,1
49,215113,0,0.703,0.327,9,-13.647,1,0.0359,0.867,0.314,0.1,0.274,132.006,4,indian,0
1,309327,1,0.71,0.522,11,-9.102,1,0.36,0.615,0.0,0.11,0.37,96.448,4,k-pop,0
1,232128,0,0.595,0.459,11,-9.413,1,0.0461,0.571,0.000165,0.101,0.272,129.661,4,pop,0
60,205973,0,0.438,0.939,11,-3.545,0,0.0586,0.0118,0.0,0.212,0.842,179.853,4,anime,1
46,162925,0,0.624,0.879,2,-4.98,1,0.1,0.382,0.0,0.347,0.761,132.007,4,sertanejo,0
73,298986,0,0.662,0.4,2,-11.2,1,0.0548,0.735,1.65e-05,0.0863,0.617,79.972,4,pop-film,1
63,295352,0,0.557,0.487,8,-7.244,1,0.0231,0.515,0.0,0.112,0.395,98.082,4,pop-film,1
87,263400,0,0.599,0.448,8,-6.312,1,0.0232,0.163,0.0,0.106,0.168,95.05,3,pop,1
66,230706,0,0.623,0.8,5,-5.819,1,0.0424,0.0497,0.0,0.0619,0.58,110.979,4,k-pop,1
44,225463,0,0.715,0.44,6,-8.986,0,0.0429,0.83,0.0213,0.0868,0.215,95.879,1,indian,0
36,161142,0,0.866,0.842,1,-5.666,1,0.25,0.495,0.0,0.0955,0.844,140.031,4,anime,0
58,131866,0,0.792,0.659,9,-5.796,1,0.102,0.602,7.06e-05,0.0543,0.621,102.985,4,chill,1
52,166607,0,0.808,0.66,5,-5.449,1,0.032,0.733,0.0,0.56,0.84,104.011,4,sertanejo,1
71,265560,0,0.376,0.908,4,-3.793,0,0.0879,1.4e-05,1.4e-05,0.241,0.266,144.581,4,grunge,1
47,198293,0,0.632,0.884,7,-2.752,1,0.0362,0.198,0.0,0.937,0.655,148.054,4,sertanejo,0
58,232142,0,0.382,0.688,7,-4.767,1,0.0401,0.464,0.0,0.0857,0.468,83.227,4,k-pop,1
66,285250,0,0.467,0.826,4,-3.885,0,0.049,0.298,0.0,0.204,0.417,160.025,4,pop,1
43,226280,0,0.653,0.849,7,-5.071,1,0.0283,0.000678,0.0,0.0895,0.493,122.74,4,grunge,0
58,361706,0,0.422,0.859,9,-6.778,1,0.0757,0.0183,0.000673,0.209,0.203,120.078,3,grunge,1
35,321515,0,0.573,0.898,2,-4.797,1,0.0412,0.0131,0.000771,0.289,0.415,129.993,4,emo,0
45,229133,0,0.43,0.58,9,-6.238,0,0.0424,0.727,2.63e-06,0.946,0.427,82.723,4,sertanejo,0
55,158014,0,0.434,0.855,1,-4.486,1,0.0954,0.115,0.0,0.221,0.489,80.066,4,sertanejo,1
60,160090,1,0.855,0.566,1,-9.905,1,0.239,0.111,0.0,0.0868,0.83,119.972,4,emo,1
63,251973,0,0.731,0.901,8,-5.881,1,0.0308,0.231,0.0254,0.0577,0.944,133.039,4,pop-film,1
1,188869,1,0.799,0.696,1,-6.621,1,0.134,0.211,2.46e-06,0.133,0.414,115.067,4,indian,0
58,203307,0,0.677,0.629,11,-7.508,1,0.0712,0.553,3.27e-05,0.117,0.186,130.008,4,chill,1
50,102407,1,0.48,0.517,11,-10.54,0,0.383,0.472,0.0,0.365,0.344,181.847,4,sad,1
87,182160,0,0.501,0.405,1,-5.679,1,0.0319,0.751,0.0,0.105,0.446,109.891,4,pop,1
50,283715,0,0.546,0.505,0,-9.909,1,0.0873,0.314,2.93e-05,0.0971,0.522,82.917,4,indian,1
58,179777,0,0.911,0.257,8,-11.601,1,0.348,0.249,5.68e-05,0.324,0.193,130.045,4,chill,1
50,177084,0,0.416,0.793,11,-4.4,1,0.0413,0.152,0.0,0.652,0.494,95.187,4,sertanejo,1
67,186627,0,0.636,0.452,11,-8.298,1,0.0329,0.136,1.97e-06,0.104,0.0678,80.004,4,chill,1
46,276964,0,0.56,0.73,0,-7.485,1,0.0377,0.645,0.00143,0.135,0.506,112.052,4,indian,0
66,217840,0,0.468,0.473,1,-8.503,0,0.0281,0.278,0.00061,0.117,0.286,79.055,4,chill,1
53,245613,0,0.715,0.218,0,-17.547,0,0.0396,0.709,0.925,0.082,0.0802,109.992,4,chill,1
35,228794,0,0.411,0.946,9,-4.204,1,0.05,0.00271,2.27e-05,0.422,0.436,169.902,4,emo,0
67,162346,0,0.678,0.815,4,-1.736,0,0.264,0.0336,0.0,0.318,0.474,95.969,4,pop,1
69,219549,0,0.766,0.664,9,-6.932,0,0.177,0.334,0.0,0.115,0.509,109.946,4,k-pop,1
50,127466,0,0.494,0.857,4,-8.799,0,0.0624,0.00371,0.0115,0.0718,0.536,176.059,4,anime,1
4,191506,0,0.736,0.569,8,-3.559,0,0.0779,0.144,5.27e-05,0.112,0.433,171.973,4,pop,0
61,357067,0,0.675,0.579,4,-11.976,1,0.0308,0.369,3.38e-06,0.118,0.724,97.01,4,pop-film,1
55,177960,0,0.719,0.888,11,-3.964,1,0.0539,0.651,0.0,0.115,0.54,99.915,4,pop-film,1
45,216005,0,0.429,0.887,3,-2.718,1,0.0454,0.0262,0.000309,0.113,0.465,145.063,4,emo,0
60,411706,0,0.673,0.486,5,-7.987,0,0.103,0.475,0.00022,0.0906,0.535,191.943,4,k-pop,1
72,166053,0,0.523,0.83,11,-2.089,1,0.167,0.00359,0.0,0.0806,0.812,173.931,4,k-pop,1
43,196700,0,0.712,0.587,10,-10.096,0,0.0773,0.366,0.0,0.153,0.629,101.003,4,k-pop,0
64,65790,0,0.614,0.277,1,-11.943,0,0.042,0.967,0.891,0.0698,0.236,84.938,4,sad,1
68,193190,0,0.761,0.896,11,-3.668,0,0.215,0.0776,2.7e-06,0.124,0.65,96.957,4,pop,1
47,343160,0,0.655,0.325,9,-5.529,1,0.0302,0.833,0.0,0.11,0.614,119.886,4,indian,0
57,105613,0,0.807,0.229,10,-12.842,1,0.0647,0.739,0.901,0.0663,0.348,139.967,4,chill,1
63,198912,0,0.848,0.352,4,-6.798,1,0.0464,0.789,0.000105,0.0865,0.571,92.991,4,chill,1
48,228800,0,0.701,0.9,6,-4.655,1,0.0542,0.149,0.0,0.851,0.84,137.788,4,sertanejo,0
77,203149,0,0.736,0.695,7,-3.87,1,0.0468,0.0209,0.0,0.0517,0.784,109.976,4,anime,1
59,73482,0,0.755,0.204,6,-16.137,0,0.339,0.655,2.2e-05,0.189,0.335,97.041,4,sad,1
85,199053,0,0.746,0.765,6,-4.41,0,0.0993,0.0112,0.0,0.0936,0.737,114.044,4,k-pop,1
26,198760,0,0.433,0.928,9,-4.438,1,0.148,0.000993,5.48e-06,0.087,0.785,175.897,4,grunge,0
54,271440,0,0.458,0.884,6,-4.679,1,0.0495,0.000468,0.483,0.128,0.25,132.814,4,grunge,1
44,238236,0,0.402,0.48,6,-9.44,1,0.0405,0.892,7.46e-06,0.113,0.331,128.117,4,indian,0
57,262133,0,0.314,0.37,1,-9.921,1,0.0286,0.781,0.139,0.122,0.28,116.066,1,grunge,1
68,243266,0,0.723,0.634,1,-5.415,1,0.0542,0.0892,0.0,0.0787,0.582,129.017,4,k-pop,1
38,201306,0,0.481,0.917,7,-1.211,1,0.0399,0.000369,0.12,0.383,0.616,145.894,4,emo,0
75,197288,0,0.706,0.756,4,-4.405,0,0.0845,0.0392,0.0,0.18,0.676,97.098,4,k-pop,1
52,166133,0,0.495,0.958,9,-3.871,1,0.199,0.175,0.0,0.627,0.428,102.263,4,sertanejo,1
61,180357,0,0.82,0.447,0,-7.686,1,0.085,0.277,4.1e-05,0.0583,0.661,149.98,4,chill,1
49,378313,0,0.447,0.866,6,-5.588,1,0.0775,1.07e-05,3.87e-06,0.185,0.285,86.469,4,grunge,0
0,195368,0,0.615,0.322,1,-10.408,1,0.0282,0.77,3.39e-05,0.11,0.256,113.064,4,chill,0
38,175575,1,0.901,0.561,7,-10.389,0,0.0686,0.0604,0.0,0.0974,0.635,132.0,4,emo,0
40,280000,0,0.599,0.708,9,-5.567,1,0.0736,0.106,0.0,0.1,0.628,96.122,4,indian,0
62,212419,0,0.844,0.462,1,-5.969,0,0.0421,0.804,0.0,0.0923,0.636,102.94,4,k-pop,1
35,183000,0,0.633,0.52,1,-10.05,1,0.0622,0.721,2.08e-05,0.108,0.485,80.007,4,emo,0
57,168782,0,0.658,0.431,5,-8.902,1,0.0437,0.817,8.28e-06,0.21,0.464,90.003,4,chill,1
61,108078,0,0.87,0.146,8,-11.877,0,0.22,0.499,0.941,0.105,0.889,80.087,4,chill,1
66,309640,0,0.744,0.7,2,-7.663,1,0.0375,0.278,0.000155,0.068,0.867,144.033,4,pop,1
56,144374,1,0.712,0.562,1,-12.361,1,0.0568,0.00149,0.0,0.16,0.55,150.051,4,sad,1
45,197923,0,0.683,0.731,0,-4.17,1,0.0262,0.193,0.0,0.262,0.732,97.057,3,sertanejo,0
47,335213,0,0.458,0.51,11,-8.287,0,0.0331,0.715,6.37e-05,0.0814,0.526,142.993,4,k-pop,0
76,255626,0,0.366,0.94,1,-5.119,0,0.0696,0.000769,9.42e-05,0.188,0.369,130.198,4,grunge,1
66,158660,1,0.746,0.617,11,-6.117,0,0.101,0.0158,0.0,0.0969,0.781,115.012,4,sad,1
21,107550,0,0.692,0.431,0,-9.158,0,0.0295,0.336,1.59e-05,0.166,0.416,99.951,4,pop,0
45,172600,0,0.56,0.692,7,-2.672,1,0.0314,0.612,6.56e-06,0.86,0.767,93.904,4,sertanejo,0
51,102947,0,0.654,0.046,8,-17.51,1,0.0409,0.865,0.000651,0.239,0.188,148.532,4,sad,1
53,135761,0,0.757,0.142,1,-18.249,1,0.049,0.473,0.539,0.122,0.0383,110.164,4,sad,1
48,235733,0,0.62,0.725,11,-5.606,0,0.0466,0.38,4.62e-06,0.0922,0.706,91.877,4,k-pop,0
42,167024,0,0.718,0.598,0,-7.791,1,0.0373,0.24,0.0,0.224,0.648,88.039,4,chill,0
71,144000,0,0.942,0.441,11,-11.448,1,0.469,0.493,0.0,0.138,0.925,135.028,4,chill,1
69,470500,0,0.362,0.378,1,-11.008,1,0.0329,0.679,0.0,0.091,0.575,87.549,4,pop,1
53,245826,0,0.698,0.507,5,-8.691,1,0.0286,0.465,0.0,0.126,0.562,118.121,4,sertanejo,1
44,222400,0,0.522,0.702,2,-7.196,0,0.0334,0.396,0.0,0.783,0.403,157.991,4,sertanejo,0
44,342080,0,0.217,0.603,2,-7.614,1,0.0639,0.454,0.0,0.934,0.301,199.831,4,sertanejo,0
49,236428,0,0.633,0.946,0,-3.737,1,0.0313,0.0123,0.0384,0.352,0.586,126.036,4,anime,0
45,313826,0,0.46,0.547,5,-12.599,0,0.0439,0.509,8.97e-05,0.252,0.657,171.638,4,k-pop,0
46,1223800,0,0.677,0.351,2,-16.101,0,0.0509,0.838,0.0,0.0978,0.706,117.443,4,indian,0
48,401862,0,0.4,0.813,11,-4.845,0,0.0344,0.573,0.0,0.356,0.5,165.923,4,sertanejo,0
74,89624,1,0.622,0.467,2,-9.889,0,0.568,0.872,2.15e-06,0.0931,0.716,87.967,5,sad,1
47,157333,0,0.492,0.969,9,-4.419,1,0.0491,0.0014,1.32e-06,0.0787,0.538,95.136,4,grunge,0
57,154285,0,0.741,0.645,6,-5.997,1,0.0423,0.469,6.95e-05,0.121,0.546,139.972,4,sad,1
56,96235,1,0.691,0.805,7,-7.072,0,0.116,0.732,0.0,0.271,0.87,129.508,4,chill,1
54,156825,1,0.568,0.867,0,-5.183,1,0.15,0.209,0.0,0.407,0.441,175.994,4,chill,1
60,111848,0,0.58,0.229,1,-16.333,0,0.0308,0.287,0.856,0.104,0.127,70.013,4,anime,1
66,179657,0,0.721,0.65,0,-6.95,0,0.135,0.0115,0.00014,0.34,0.392,130.487,5,pop,1
44,184000,0,0.808,0.331,10,-13.345,1,0.0401,0.612,0.894,0.103,0.305,119.937,4,anime,0
0,169756,0,0.601,0.713,4,-3.758,0,0.0449,0.0282,0.0,0.158,0.464,122.872,4,pop,0
67,134060,1,0.612,0.402,6,-11.926,1,0.0361,0.245,1.29e-06,0.21,0.304,82.478,4,sad,1
50,257371,0,0.651,0.705,11,-7.082,0,0.0521,0.156,0.0,0.0642,0.485,136.023,4,emo,1
57,202946,0,0.603,0.839,4,-3.617,0,0.102,0.0758,0.0,0.342,0.613,176.109,4,emo,1
59,127910,0,0.714,0.34,8,-15.571,1,0.0534,0.356,0.871,0.1,0.176,139.993,4,anime,1
64,132840,0,0.579,0.708,0,-10.419,1,0.0374,0.442,0.0,0.11,0.846,130.97,4,grunge,1
54,265306,0,0.53,0.931,4,-4.003,0,0.0734,0.00482,0.0,0.304,0.807,156.046,4,anime,1
66,180833,0,0.751,0.354,10,-14.518,1,0.446,0.885,0.179,0.206,0.781,143.87,4,sad,1
45,185573,0,0.635,0.76,6,-5.394,1,0.037,0.363,0.0,0.917,0.764,133.909,4,sertanejo,0
50,156800,0,0.625,0.833,3,-9.027,1,0.0391,0.901,0.891,0.116,0.243,74.941,4,anime,1
61,80718,0,0.738,0.517,7,-9.416,0,0.0696,0.72,0.0439,0.168,0.238,119.024,4,chill,1
70,211673,0,0.537,0.419,11,-11.585,1,0.0414,0.76,1.07e-05,0.107,0.292,132.261,4,pop-film,1
53,254093,0,0.626,0.758,5,-4.643,0,0.0436,0.0152,0.0,0.14,0.821,130.047,4,anime,1
0,267493,0,0.532,0.842,2,-6.152,1,0.0403,0.00131,1.2e-06,0.33,0.715,126.042,4,emo,0
56,173230,0,0.488,0.361,0,-7.682,0,0.209,0.135,0.0,0.0989,0.5,196.813,3,chill,1
52,173610,0,0.789,0.686,10,-4.879,1,0.0429,0.663,0.0,0.978,0.852,114.015,4,sertanejo,1
50,199411,1,0.69,0.72,7,-5.601,1,0.285,0.479,0.0,0.599,0.722,135.979,4,sad,1
44,232133,0,0.621,0.53,4,-10.788,1,0.0367,0.102,0.0,0.239,0.768,119.044,3,sertanejo,0
59,178213,0,0.504,0.38,6,-11.826,0,0.037,0.642,0.857,0.0697,0.0535,123.911,4,anime,1
47,258440,0,0.617,0.914,7,-6.173,0,0.0533,0.000301,2.52e-05,0.0635,0.228,149.945,4,k-pop,0
45,110598,0,0.732,0.151,0,-15.732,0,0.0368,0.856,0.929,0.11,0.339,90.009,4,anime,0
62,212310,0,0.572,0.955,7,-2.617,1,0.0626,0.0141,0.0,0.315,0.717,129.981,4,anime,1
55,180672,0,0.816,0.401,7,-8.041,1,0.22,0.464,0.0,0.0657,0.678,129.041,4,chill,1
65,157648,0,0.48,0.369,7,-8.766,1,0.0405,0.835,0.0,0.1,0.548,159.687,4,pop,1
51,141000,0,0.834,0.383,8,-15.601,0,0.156,0.191,0.000407,0.191,0.569,140.07,4,sad,1
56,177026,1,0.62,0.709,2,-5.081,1,0.0384,0.295,0.0,0.22,0.566,138.98,4,chill,1
74,144773,0,0.892,0.808,2,-3.343,1,0.156,0.0335,0.0,0.0363,0.701,137.97,4,k-pop,1
0,183066,0,0.623,0.668,6,-7.282,0,0.0531,0.475,0.0,0.0862,0.823,161.948,4,pop,0
54,112076,1,0.804,0.521,10,-7.753,1,0.0605,0.534,0.0,0.247,0.648,90.032,4,emo,1
54,172137,0,0.521,0.523,6,-7.621,1,0.0362,0.233,0.0,0.403,0.343,145.156,4,sad,1
59,227453,0,0.495,0.926,8,-4.589,0,0.323,0.0384,0.0,0.348,0.642,159.922,4,anime,1
47,160863,0,0.69,0.861,11,-4.985,1,0.056,0.662,0.0,0.555,0.618,125.897,4,sertanejo,0
44,94356,0,0.741,0.127,9,-13.375,0,0.046,0.893,0.892,0.106,0.229,86.091,4,anime,0
12,243250,0,0.462,0.887,6,-1.361,1,0.0362,0.117,0.0,0.617,0.575,119.986,1,k-pop,0
37,154375,1,0.777,0.501,1,-10.319,1,0.0939,0.606,0.000181,0.165,0.762,68.038,3,sad,0
46,229800,0,0.705,0.694,5,-6.55,0,0.0719,0.252,0.0,0.332,0.802,95.995,4,indian,0
62,151301,1,0.619,0.71,4,-7.661,0,0.0686,0.224,0.000395,0.218,0.313,170.119,4,chill,1
62,225817,0,0.643,0.735,2,-3.703,1,0.0302,0.0786,0.0,0.101,0.502,111.961,4,k-pop,1
47,133883,1,0.839,0.59,6,-4.76,0,0.137,0.0441,0.0,0.233,0.387,86.473,4,sad,0
68,179444,0,0.849,0.592,6,-4.309,0,0.102,0.632,2.39e-06,0.108,0.652,89.966,4,pop,1
57,154285,1,0.757,0.499,8,-10.666,0,0.0553,0.667,3.25e-06,0.109,0.55,112.051,4,sad,1
70,268613,0,0.493,0.808,5,-3.365,0,0.0362,0.000235,0.0,0.0983,0.38,117.971,4,grunge,1
7,308174,0,0.412,0.741,1,-4.926,0,0.0785,0.907,4.76e-05,0.161,0.719,131.139,4,pop-film,0
43,313933,0,0.579,0.712,0,-6.119,0,0.0308,0.259,0.000253,0.18,0.486,80.998,4,indian,0
49,221717,0,0.466,0.303,4,-8.247,1,0.0377,0.867,0.0,0.332,0.528,148.747,4,sertanejo,0
55,176013,1,0.846,0.419,4,-8.957,0,0.0499,0.198,1.15e-05,0.0415,0.527,119.992,4,chill,1
85,203064,0,0.702,0.825,6,-3.787,0,0.0601,0.00883,0.0,0.0674,0.915,102.977,4,pop,1
60,194726,0,0.68,0.904,2,-3.424,1,0.0453,0.0514,0.0,0.233,0.402,97.052,4,k-pop,1
80,85360,1,0.576,0.741,2,-7.404,1,0.0356,0.00831,0.0,0.111,0.143,124.091,4,emo,1
51,170011,0,0.708,0.316,10,-9.507,1,0.0671,0.447,0.00023,0.079,0.652,81.403,4,indian,1
25,234800,0,0.412,0.852,9,-3.89,1,0.0369,0.0213,0.0,0.372,0.508,139.339,4,grunge,0
26,356560,0,0.525,0.728,9,-9.727,0,0.0361,0.00151,0.0,0.243,0.663,110.625,4,grunge,0
78,179453,0,0.935,0.849,7,-3.047,1,0.0779,0.0192,0.0,0.0223,0.551,119.986,4,k-pop,1
63,58053,0,0.908,0.591,10,-5.13,0,0.226,0.0464,0.966,0.0972,0.565,113.083,4,sad,1
0,367786,0,0.698,0.931,11,-4.32,0,0.0595,0.0237,0.852,0.0767,0.0825,128.004,4,pop,0
47,251061,0,0.499,0.92,4,-4.095,1,0.0678,0.274,0.0,0.42,0.401,170.011,4,sertanejo,0
34,205435,0,0.603,0.64,0,-5.601,1,0.0318,0.258,0.0,0.349,0.699,129.988,4,pop-film,0
64,131684,0,0.636,0.455,11,-9.152,1,0.0533,0.0918,0.966,0.101,0.274,147.658,4,sad,1
77,184893,0,0.367,0.896,11,-4.002,1,0.091,0.000627,0.0,0.207,0.38,170.863,4,anime,1
24,166600,0,0.451,0.971,1,-3.737,1,0.147,0.000522,0.181,0.206,0.273,166.621,4,grunge,0
78,222025,0,0.439,0.352,0,-9.632,1,0.057,0.587,0.0,0.14,0.548,181.517,3,k-pop,1
49,240533,0,0.562,0.368,1,-9.198,1,0.027,0.973,0.000164,0.105,0.25,107.914,4,indian,0
50,152523,0,0.638,0.489,11,-6.206,1,0.0278,0.582,0.0,0.0965,0.548,106.915,4,indian,1
47,136751,0,0.534,0.476,7,-8.268,1,0.0325,0.0337,0.0,0.629,0.593,106.891,4,indian,0
74,237586,0,0.541,0.977,4,-2.828,0,0.157,0.00321,5.13e-05,0.0796,0.263,134.938,4,anime,1
50,146784,1,0.823,0.694,9,-9.186,1,0.313,0.124,0.00023,0.147,0.657,159.948,4,emo,1
59,149000,0,0.788,0.537,9,-4.966,0,0.107,0.844,0.0,0.117,0.434,85.03,4,sad,1
64,176226,0,0.413,0.684,8,-2.878,1,0.0348,0.0012,0.0,0.16,0.33,129.975,4,grunge,1
42,180000,0,0.591,0.389,0,-12.146,1,0.135,0.828,0.0108,0.602,0.581,79.96,4,indian,0
56,260506,0,0.802,0.763,0,-6.456,1,0.0336,0.22,0.000396,0.128,0.789,120.078,4,pop-film,1
60,221986,0,0.687,0.542,4,-8.689,1,0.0307,0.571,0.0307,0.118,0.782,102.994,4,pop-film,1
64,239053,0,0.242,0.983,2,-2.679,1,0.106,5.08e-05,4.43e-05,0.303,0.301,163.366,4,emo,1
0,176320,0,0.613,0.471,1,-6.644,0,0.107,0.316,1.37e-06,0.117,0.406,143.064,4,chill,0
58,205613,0,0.623,0.93,5,-5.285,1,0.0324,0.0141,1.64e-06,0.138,0.287,120.119,4,grunge,1
43,290249,0,0.652,0.429,5,-10.849,1,0.0257,0.566,0.00397,0.0953,0.196,112.008,4,indian,0
68,193732,0,0.74,0.255,10,-7.293,1,0.0534,0.275,0.894,0.105,0.231,142.568,4,sad,1
0,163449,0,0.693,0.643,4,-5.867,0,0.0828,0.138,0.0,0.108,0.477,95.055,4,pop,0
50,232224,0,0.65,0.734,11,-6.286,1,0.0527,0.761,0.0,0.559,0.636,129.864,4,sertanejo,1
66,304466,0,0.72,0.621,2,-9.773,1,0.0491,0.676,0.0,0.0679,0.566,114.987,4,pop-film,1
48,311750,0,0.605,0.828,0,-4.932,1,0.0403,0.278,0.0,0.38,0.555,149.947,4,sertanejo,0
46,236564,0,0.508,0.861,4,-4.271,1,0.0399,0.00354,0.0,0.223,0.586,150.004,4,emo,0
57,226758,0,0.618,0.52,10,-6.514,0,0.0316,0.662,0.00419,0.0831,0.402,144.9,4,k-pop,1
45,352522,0,0.802,0.89,1,-7.723,1,0.101,0.0943,9e-06,0.0726,0.789,129.976,4,k-pop,0
56,174030,0,0.826,0.595,1,-7.491,1,0.0409,0.334,0.00338,0.112,0.484,98.01,4,chill,1
65,293546,0,0.718,0.458,7,-10.632,1,0.033,0.685,0.00222,0.118,0.567,119.958,4,pop,1
49,190592,0,0.486,0.871,11,-1.057,1,0.0651,0.6,0.0,0.543,0.695,110.55,4,sertanejo,0
63,242333,0,0.522,0.714,2,-4.727,0,0.0461,0.00257,0.0,0.304,0.357,154.904,4,k-pop,1
65,238529,0,0.679,0.927,0,-1.058,1,0.15,0.164,0.0,0.437,0.861,93.989,4,k-pop,1
45,223666,0,0.56,0.601,4,-4.389,1,0.0259,0.635,0.0,0.196,0.384,134.23,4,sertanejo,0
35,179813,0,0.405,0.908,1,-3.629,1,0.0748,0.000293,5.65e-06,0.14,0.336,145.753,4,emo,0
80,229773,0,0.645,0.862,11,-4.761,0,0.0845,0.0933,0.0,0.193,0.803,119.947,4,k-pop,1
60,300960,0,0.796,0.35,0,-15.182,1,0.044,0.851,0.00684,0.124,0.793,115.891,4,pop-film,1
44,175285,1,0.831,0.877,1,-4.59,1,0.346,0.364,0.0,0.102,0.813,140.088,4,anime,0
64,227160,0,0.837,0.801,5,-4.978,0,0.308,0.53,1.03e-06,0.174,0.908,139.894,4,pop-film,1
72,190153,1,0.791,0.687,1,-6.279,1,0.104,0.00665,2.12e-06,0.0986,0.513,130.154,4,pop,1
61,230546,0,0.833,0.754,2,-7.555,1,0.0513,0.0166,0.0,0.246,0.65,108.001,4,pop-film,1
74,195053,0,0.75,0.718,2,-2.817,0,0.0468,0.0814,1.75e-05,0.322,0.592,90.027,4,k-pop,1
51,216073,0,0.474,0.454,8,-8.334,1,0.0259,0.678,0.00175,0.313,0.338,85.046,4,k-pop,1
48,238104,0,0.419,0.173,11,-25.105,0,0.0393,0.984,0.924,0.0825,0.171,140.307,4,anime,0
49,217186,0,0.396,0.72,2,-3.854,1,0.0311,0.000835,0.0,0.24,0.289,152.125,4,grunge,0
41,312000,0,0.511,0.219,2,-20.59,1,0.0457,0.91,0.00229,0.0946,0.234,168.051,3,indian,0
62,142988,1,0.7,0.509,7,-10.055,0,0.11,0.233,0.0,0.0815,0.633,87.999,4,emo,1
44,95502,0,0.568,0.0961,7,-29.214,0,0.0496,0.812,0.944,0.135,0.344,67.021,4,anime,0
58,161016,1,0.77,0.621,1,-7.635,1,0.454,0.447,0.0,0.158,0.301,126.289,4,chill,1
50,274893,0,0.502,0.83,9,-4.849,1,0.0554,0.00982,5.48e-05,0.0728,0.545,170.03,4,anime,1
51,195762,0,0.784,0.73,8,-5.898,0,0.0411,0.235,0.0,0.547,0.735,118.012,4,sertanejo,1
44,277347,0,0.695,0.516,4,-7.356,1,0.0377,0.596,0.000115,0.11,0.494,129.939,3,indian,0
48,161754,0,0.243,0.645,4,-5.638,0,0.0515,0.35,2.76e-05,0.937,0.361,207.335,4,sertanejo,0
0,216426,0,0.533,0.426,9,-9.525,0,0.0297,0.46,0.0,0.1,0.152,103.267,3,pop,0
48,287706,0,0.289,0.422,9,-5.88,1,0.0337,0.171,0.0,0.0862,0.212,173.795,4,anime,0
32,270324,0,0.378,0.791,11,-7.482,0,0.223,0.777,0.0,0.0583,0.848,90.836,1,indian,0
63,302210,0,0.703,0.867,11,-6.721,1,0.0334,0.0944,2.55e-06,0.0675,0.904,120.013,4,pop-film,1
42,126147,0,0.705,0.568,4,-9.323,1,0.0324,0.596,0.000994,0.147,0.475,122.026,4,k-pop,0
0,163449,0,0.693,0.643,4,-5.867,0,0.0828,0.138,0.0,0.108,0.477,95.055,4,pop,0
49,228760,0,0.39,0.864,4,-2.841,0,0.0729,0.00409,0.0,0.1,0.523,176.023,4,emo,0
50,152999,1,0.76,0.753,9,-6.03,0,0.0456,0.0623,0.000361,0.0621,0.249,104.969,4,emo,1
45,162628,0,0.573,0.842,11,-4.658,0,0.089,0.414,0.0,0.31,0.719,163.739,4,sertanejo,0
76,191462,0,0.759,0.886,1,-3.067,1,0.187,0.0103,2.04e-05,0.342,0.489,102.065,4,k-pop,1
62,186600,0,0.572,0.961,7,-3.089,1,0.0625,0.000734,0.021,0.207,0.818,76.998,4,grunge,1
66,275600,0,0.298,0.823,7,-9.793,1,0.0816,7.66e-05,7.53e-05,0.132,0.235,135.596,4,grunge,1
0,196723,0,0.165,0.434,0,-8.163,1,0.0288,0.316,0.171,0.213,0.186,77.983,3,grunge,0
48,234613,0,0.489,0.86,5,-5.237,1,0.0823,0.217,0.0,0.67,0.381,81.476,4,sertanejo,0
86,110886,1,0.592,0.457,9,-6.081,0,0.0603,0.661,0.000331,0.146,0.225,146.04,4,emo,1
64,313533,0,0.647,0.389,5,-10.35,1,0.0336,0.509,7.8e-06,0.103,0.436,134.976,3,pop-film,1
73,238360,0,0.508,0.889,7,-2.755,0,0.0862,0.0495,0.0,0.0984,0.332,135.014,4,anime,1
77,290526,0,0.687,0.637,10,-9.55,0,0.13,0.12,0.0,0.291,0.56,152.0,4,pop-film,1
0,307014,0,0.71,0.625,6,-9.008,0,0.0295,0.029,1.1e-05,0.108,0.784,140.994,4,pop,0
53,194543,1,0.299,0.495,4,-7.297,1,0.0431,0.311,0.0,0.209,0.266,74.975,3,emo,1
69,155172,0,0.532,0.603,10,-7.575,1,0.0545,0.756,0.0,0.323,0.431,173.955,4,pop,1
58,233471,0,0.464,0.391,6,-9.884,1,0.0384,0.755,9.64e-05,0.105,0.418,106.887,4,indian,1
69,146878,0,0.875,0.593,7,-10.261,0,0.394,0.136,0.0,0.104,0.466,144.028,4,chill,1
58,209960,0,0.486,0.489,0,-11.968,1,0.0306,0.249,0.0,0.156,0.682,128.731,4,pop-film,1
51,128800,1,0.647,0.655,10,-8.031,0,0.148,0.108,2.84e-05,0.393,0.619,150.138,4,emo,1
64,298266,0,0.531,0.664,2,-4.428,1,0.0304,0.000261,0.0,0.205,0.215,135.3,4,grunge,1
53,194543,1,0.299,0.495,4,-7.297,1,0.0431,0.311,0.0,0.209,0.266,74.975,3,chill,1
55,145379,1,0.754,0.677,10,-9.005,0,0.224,0.119,0.0,0.261,0.756,101.91,4,sad,1
49,169508,0,0.67,0.685,1,-9.029,0,0.0631,0.278,3.56e-06,0.103,0.689,159.942,4,indian,0
46,132413,1,0.748,0.487,5,-9.832,0,0.0456,0.14,1.76e-06,0.134,0.224,144.995,4,emo,0
42,212787,0,0.691,0.806,6,-5.386,0,0.317,0.324,0.0,0.0526,0.62,74.986,4,anime,0
57,243333,0,0.671,0.182,0,-13.321,1,0.0293,0.983,0.0154,0.123,0.336,107.872,4,pop-film,1
45,197343,0,0.69,0.859,6,-8.841,1,0.0881,0.0984,0.14,0.111,0.507,128.007,4,indian,0
59,160000,1,0.698,0.402,6,-9.444,0,0.0333,0.196,0.0,0.104,0.151,119.943,4,sad,1
34,181176,1,0.861,0.489,1,-6.869,0,0.246,0.508,0.0,0.099,0.46,102.0,4,emo,0
63,135728,1,0.792,0.747,9,-7.941,1,0.226,0.0704,0.0,0.32,0.455,145.015,4,sad,1
80,187585,0,0.702,0.741,9,-5.33,1,0.0427,0.00544,0.0,0.337,0.646,124.925,4,k-pop,1
65,195026,0,0.703,0.856,11,-6.336,0,0.0461,0.00064,0.00126,0.38,0.722,108.025,4,emo,1
60,176385,0,0.693,0.593,9,-8.506,0,0.217,0.0187,1.09e-06,0.407,0.688,165.924,4,pop-film,1
68,192280,0,0.692,0.881,11,-2.563,0,0.0461,0.0457,4.45e-06,0.146,0.432,103.053,4,k-pop,1
65,322013,0,0.797,0.452,10,-8.325,1,0.0271,0.275,6.45e-05,0.075,0.661,104.998,4,pop,1
48,267120,0,0.891,0.691,6,-9.417,0,0.0588,0.29,0.00555,0.0596,0.666,120.004,4,k-pop,0
54,237693,0,0.481,0.703,4,-4.746,1,0.0241,0.114,0.000363,0.325,0.606,92.016,4,sertanejo,1
46,194680,0,0.735,0.716,5,-5.426,0,0.0299,0.436,0.0,0.924,0.426,108.99,4,sertanejo,0
67,159012,0,0.731,0.597,4,-7.661,1,0.0567,0.338,0.00114,0.0771,0.863,101.991,4,chill,1
49,131543,0,0.707,0.792,6,-6.885,0,0.0655,0.244,0.836,0.158,0.873,147.068,4,anime,0
60,250634,0,0.598,0.926,6,-3.746,0,0.0555,0.00575,0.587,0.125,0.364,140.044,4,chill,1
56,296600,0,0.48,0.736,0,-6.477,0,0.0363,0.424,3.92e-06,0.128,0.642,93.944,4,pop-film,1
80,174386,0,0.755,0.87,1,-2.414,0,0.0936,0.00988,0.0,0.0917,0.645,124.032,4,k-pop,1
74,223459,0,0.59,0.555,2,-6.861,1,0.0271,0.481,0.0,0.192,0.191,84.027,4,indian,1
76,120546,0,0.753,0.355,8,-13.295,0,0.0898,0.48,0.87,0.122,0.506,111.863,4,sad,1
20,384106,0,0.503,0.847,8,-5.965,1,0.0629,0.0571,0.0,0.389,0.357,98.126,4,anime,0
55,97297,0,0.81,0.0774,0,-17.368,1,0.0526,0.927,0.0325,0.418,0.442,111.017,3,chill,1
59,162857,0,0.529,0.378,10,-10.042,0,0.0365,0.536,0.917,0.353,0.26,139.989,4,chill,1
59,226121,0,0.555,0.844,6,-3.709,0,0.0351,0.191,0.0,0.257,0.726,77.028,4,pop-film,1
75,193893,1,0.611,0.95,8,-3.509,1,0.0518,0.00141,1.59e-06,0.0543,0.607,132.078,4,grunge,1
56,130677,0,0.665,0.597,5,-9.669,0,0.274,0.845,0.919,0.11,0.81,78.681,4,chill,1
45,135967,0,0.749,0.424,2,-15.792,0,0.197,0.874,0.891,0.175,0.155,120.072,4,anime,0
0,233800,0,0.336,0.949,2,-4.736,1,0.105,0.000174,0.0,0.237,0.597,182.62,4,grunge,0
72,172373,0,0.846,0.814,6,-4.685,0,0.149,0.0823,0.00094,0.13,0.722,140.055,4,k-pop,1
50,228093,0,0.545,0.77,0,-6.102,1,0.0655,0.308,2.8e-05,0.167,0.696,159.975,4,indian,1
72,210573,0,0.688,0.909,8,-1.992,1,0.0624,0.0474,1.35e-06,0.0674,0.702,97.097,4,k-pop,1
45,320086,0,0.542,0.559,10,-8.189,1,0.0331,0.24,0.00178,0.153,0.148,115.064,4,indian,0
34,212746,0,0.607,0.713,10,-5.04,1,0.0378,0.0509,2.21e-05,0.0919,0.708,130.001,4,anime,0
3,228469,0,0.34,0.121,5,-11.162,1,0.0352,0.877,0.0,0.266,0.235,87.242,3,pop-film,0
5,196135,0,0.202,0.742,0,-5.29,1,0.124,0.00169,0.000483,0.128,0.155,194.876,3,grunge,0
48,117890,0,0.555,0.338,7,-13.937,1,0.0396,0.95,0.175,0.314,0.496,114.245,4,chill,0
51,106360,0,0.557,0.99,2,-3.902,1,0.194,0.0818,3.14e-05,0.373,0.128,95.055,4,grunge,1
34,164776,0,0.724,0.56,6,-14.134,0,0.0599,0.13,0.24,0.642,0.412,122.05,4,emo,0
71,177413,0,0.823,0.923,9,-2.875,1,0.158,0.127,0.0,0.0571,0.629,122.922,4,k-pop,1
67,255080,0,0.436,0.876,10,-4.902,0,0.0647,3.33e-05,0.000104,0.205,0.512,157.044,4,grunge,1
21,168000,0,0.84,0.32,7,-10.168,0,0.0603,0.657,0.0029,0.0802,0.447,139.918,4,sad,0
54,207647,0,0.526,0.885,6,-2.189,0,0.0657,0.017,0.0,0.146,0.847,171.92,4,anime,1
44,291133,0,0.779,0.827,9,-8.12,0,0.116,0.299,0.000973,0.0243,0.863,123.96,4,k-pop,0
58,396506,0,0.601,0.441,4,-8.946,1,0.0285,0.645,1.08e-06,0.0986,0.202,103.862,4,pop-film,1
40,222933,0,0.52,0.328,4,-9.971,1,0.0265,0.94,6.22e-06,0.113,0.57,97.954,4,indian,0
36,194024,0,0.559,0.576,8,-6.631,0,0.028,0.326,0.0,0.0998,0.584,87.085,4,emo,0
58,287422,0,0.405,0.665,4,-5.498,1,0.0328,0.614,0.0,0.525,0.404,81.921,4,pop-film,1
49,184080,0,0.674,0.827,2,-6.99,1,0.0285,0.285,0.929,0.0875,0.457,135.021,1,anime,0
69,120055,1,0.954,0.41,0,-7.725,1,0.157,0.608,1.76e-05,0.133,0.457,130.074,4,emo,1
69,273228,0,0.828,0.707,8,-9.517,1,0.362,0.303,0.0,0.0646,0.441,141.096,3,pop-film,1
52,160422,1,0.718,0.69,0,-7.299,1,0.0795,0.0419,0.000419,0.105,0.428,89.982,4,emo,1
53,122600,0,0.448,0.0743,5,-22.274,1,0.112,0.992,0.818,0.0921,0.204,76.798,4,anime,1
34,284368,0,0.489,0.737,0,-3.411,1,0.0395,0.338,0.0,0.124,0.732,157.902,4,anime,0
34,181815,0,0.592,0.863,5,-7.544,0,0.346,0.616,0.0,0.131,0.638,100.995,4,anime,0
63,188186,0,0.333,0.877,5,-1.894,0,0.0603,0.00332,0.00101,0.769,0.285,175.095,4,grunge,1
65,196071,0,0.268,0.334,3,-8.877,0,0.0332,0.759,0.0,0.117,0.175,55.832,4,pop,1
29,155253,0,0.569,0.879,2,-4.694,1,0.0452,5.54e-05,1.81e-05,0.13,0.794,115.615,3,grunge,0
60,341146,0,0.734,0.903,0,-3.972,0,0.0649,0.432,0.00569,0.2,0.712,102.009,4,pop-film,1
48,388998,0,0.705,0.48,11,-12.556,1,0.0399,0.909,0.00473,0.0944,0.8,108.178,3,k-pop,0
51,365669,0,0.307,0.604,7,-5.592,1,0.0397,0.593,3.79e-06,0.0789,0.452,85.641,5,indian,1
54,72328,0,0.67,0.0781,7,-24.643,1,0.0995,0.892,0.712,0.11,0.365,164.121,4,chill,1
59,208293,0,0.45,0.914,6,-6.741,1,0.0647,0.0106,8.18e-05,0.101,0.336,124.42,4,grunge,1
58,197995,0,0.503,0.849,5,-2.709,1,0.0615,0.00428,0.0,0.0667,0.762,165.096,4,emo,1
46,395294,0,0.456,0.672,7,-10.431,0,0.0317,0.0728,0.451,0.0724,0.0541,102.005,4,chill,0
50,203519,1,0.907,0.571,8,-5.345,0,0.227,0.012,0.0183,0.0974,0.612,124.973,4,emo,1
51,146000,0,0.688,0.619,3,-8.001,1,0.0409,0.375,0.0,0.195,0.444,119.929,4,chill,1
58,71519,0,0.692,0.583,2,-8.113,1,0.189,0.97,0.0458,0.257,0.885,80.895,4,sad,1
67,78214,0,0.608,0.461,11,-13.083,0,0.146,0.828,0.00104,0.107,0.512,114.886,4,chill,1
58,114133,0,0.311,0.895,7,-9.401,1,0.0476,1.91e-05,0.195,0.0584,0.681,167.107,4,grunge,1
61,119333,1,0.6,0.245,1,-15.628,1,0.0342,0.245,0.596,0.117,0.179,80.278,4,emo,1
55,221118,0,0.605,0.749,10,-2.483,0,0.0398,0.623,0.0,0.104,0.466,149.827,4,pop-film,1
59,156053,1,0.786,0.627,7,-7.296,1,0.166,0.328,6.92e-06,0.132,0.697,140.048,4,chill,1
78,184248,1,0.693,0.606,7,-5.997,1,0.0308,0.00817,0.0,0.0942,0.447,129.942,4,k-pop,1
57,233962,1,0.745,0.438,4,-7.018,0,0.0326,0.678,0.112,0.125,0.0409,119.99,4,chill,1
67,216040,0,0.646,0.641,3,-6.522,0,0.0425,0.0353,0.0,0.108,0.881,134.027,4,emo,1
66,196905,0,0.527,0.418,4,-10.205,0,0.0277,0.142,0.781,0.139,0.217,129.517,4,grunge,1
51,161776,1,0.699,0.355,1,-13.659,0,0.244,0.737,4.09e-06,0.245,0.188,92.095,4,emo,1
51,203289,0,0.561,0.744,4,-6.402,1,0.0419,0.576,0.0,0.821,0.634,152.086,4,sertanejo,1
59,275371,0,0.638,0.471,7,-7.025,0,0.0258,0.825,0.0,0.0993,0.381,99.017,4,pop-film,1
54,115793,0,0.708,0.574,7,-5.124,1,0.0343,0.669,0.0,0.0797,0.161,115.055,3,chill,1
73,218808,0,0.652,0.37,4,-9.922,1,0.0604,0.661,0.0,0.109,0.662,99.894,4,pop,1
58,289353,0,0.708,0.946,7,-4.519,1,0.0434,0.128,0.0,0.559,0.477,130.99,4,pop-film,1
64,102137,1,0.779,0.435,10,-12.745,0,0.542,0.334,0.000114,0.0924,0.525,188.223,4,sad,1
43,213986,0,0.714,0.499,0,-7.554,1,0.0282,0.517,0.0,0.141,0.544,112.216,4,sertanejo,0
54,254000,1,0.741,0.354,2,-15.505,1,0.0812,0.656,0.702,0.384,0.037,120.018,4,emo,1
52,309413,0,0.427,0.402,2,-12.541,1,0.0462,0.763,2.31e-06,0.487,0.624,103.379,4,k-pop,1
63,220173,0,0.343,0.12,1,-19.247,0,0.0361,0.412,0.0252,0.109,0.0373,105.109,4,emo,1
6,286253,0,0.206,0.636,4,-6.591,0,0.0418,0.211,0.000118,0.217,0.394,77.797,4,pop,0
0,125302,0,0.907,0.652,0,-7.733,1,0.0578,0.284,0.000337,0.135,0.93,107.946,4,k-pop,0
57,156265,1,0.713,0.492,1,-7.624,0,0.0784,0.477,0.0,0.104,0.396,82.519,4,sad,1
58,290117,0,0.632,0.554,0,-7.401,1,0.116,0.0718,0.000308,0.478,0.596,169.959,4,pop-film,1
53,105573,0,0.529,0.887,7,-9.64,1,0.0596,0.268,0.898,0.114,0.321,129.991,4,anime,1
43,167438,0,0.681,0.818,3,-4.224,0,0.043,0.547,0.0,0.252,0.882,158.054,4,sertanejo,0
56,130052,0,0.674,0.266,10,-15.74,0,0.0492,0.928,0.000669,0.108,0.194,120.046,4,sad,1
32,201257,1,0.64,0.803,3,-7.962,0,0.331,0.45,8.15e-05,0.171,0.668,107.974,3,anime,0
49,237896,0,0.301,0.581,11,-7.324,0,0.0421,0.601,0.0,0.0757,0.235,132.049,3,indian,0
46,456000,0,0.662,0.587,7,-9.332,1,0.0445,0.756,0.0,0.307,0.764,118.453,4,k-pop,0
68,122723,0,0.541,0.0836,1,-12.663,1,0.313,0.913,0.00199,0.126,0.452,181.032,4,sad,1
43,237560,0,0.516,0.625,7,-6.156,1,0.0278,0.497,0.0,0.403,0.652,96.953,4,sertanejo,0
0,309327,1,0.71,0.522,11,-9.102,1,0.36,0.615,0.0,0.11,0.37,96.448,4,k-pop,0
56,284289,0,0.667,0.917,2,-6.316,0,0.0779,0.0973,0.000669,0.116,0.54,95.039,4,pop-film,1
51,160000,0,0.579,0.109,3,-16.129,1,0.0379,0.938,0.0344,0.108,0.276,134.98,4,sad,1
61,247381,0,0.691,0.796,7,-4.778,1,0.0387,0.0495,0.0,0.333,0.541,127.985,4,pop-film,1
60,398799,0,0.223,0.359,0,-7.569,1,0.0312,0.845,0.0,0.133,0.193,73.059,4,pop-film,1
53,215984,0,0.668,0.747,5,-2.812,0,0.0574,0.0772,0.0,0.145,0.811,107.029,4,anime,1
60,174173,0,0.55,0.777,4,-7.299,1,0.0382,0.143,7.46e-06,0.981,0.751,116.14,4,grunge,1
49,207532,0,0.601,0.432,5,-7.12,1,0.0282,0.861,0.0,0.752,0.43,131.784,4,sertanejo,0
55,248613,0,0.701,0.906,1,-6.251,0,0.152,0.245,5.62e-05,0.0299,0.759,157.841,4,pop-film,1
57,199264,0,0.724,0.848,2,-4.724,1,0.0522,0.0787,9.16e-05,0.104,0.781,123.02,4,pop-film,1
54,295906,0,0.793,0.844,1,-8.593,0,0.0385,0.118,0.0123,0.0979,0.591,119.994,4,k-pop,1
61,285686,0,0.703,0.695,4,-5.518,1,0.118,0.654,0.0,0.103,0.683,92.003,4,indian,1
64,330906,0,0.473,0.473,8,-9.49,0,0.0333,0.361,0.0,0.109,0.358,102.787,4,pop-film,1
58,139354,1,0.916,0.394,6,-10.329,1,0.292,0.854,0.0,0.0929,0.291,123.937,4,sad,1
58,104000,0,0.757,0.407,11,-15.194,0,0.0835,0.954,0.849,0.107,0.298,136.879,4,chill,1
79,160184,1,0.699,0.304,1,-11.192,1,0.0993,0.779,0.000993,0.137,0.271,119.705,4,emo,1
72,231480,0,0.498,0.83,6,-5.157,0,0.0421,0.00461,0.0,0.139,0.453,89.342,4,grunge,1
58,206533,0,0.28,0.94,4,-5.597,0,0.0535,0.000832,0.781,0.156,0.406,159.188,4,grunge,1
42,234360,0,0.567,0.585,0,-10.229,1,0.0272,0.019,0.872,0.0679,0.371,134.981,4,anime,0
66,201081,0,0.628,0.64,6,-4.164,0,0.0491,0.0992,0.0,0.138,0.409,129.815,4,k-pop,1
66,219428,1,0.719,0.651,7,-5.872,1,0.0274,0.127,0.0,0.0762,0.289,104.956,4,emo,1
76,258909,0,0.661,0.92,9,-3.469,0,0.188,0.0352,1.4e-05,0.314,0.494,82.508,4,k-pop,1
63,355840,0,0.436,0.499,7,-12.909,0,0.0356,0.499,5.01e-05,0.308,0.551,103.104,4,pop-film,1
56,194310,0,0.587,0.755,4,-4.038,0,0.184,0.135,0.0,0.976,0.629,117.606,4,sertanejo,1
47,207720,0,0.439,0.129,2,-15.99,0,0.0328,0.674,0.96,0.114,0.14,111.654,4,anime,0
44,195093,0,0.511,0.39,4,-11.895,1,0.0259,0.597,7.27e-06,0.259,0.461,101.413,3,sertanejo,0
47,179812,0,0.804,0.678,2,-6.868,0,0.116,0.385,0.0,0.121,0.532,120.009,4,indian,0
4,203122,0,0.708,0.598,5,-8.365,1,0.0291,0.037,0.0,0.17,0.698,112.027,4,pop,0
85,237720,0,0.671,0.673,11,-6.941,0,0.0444,0.148,5.29e-05,0.304,0.494,121.963,4,pop,1
48,188499,0,0.595,0.305,1,-10.534,0,0.0336,0.88,1.29e-06,0.119,0.427,147.863,4,chill,0
51,156468,0,0.547,0.768,2,-4.882,1,0.0465,0.366,0.0,0.32,0.567,111.755,4,sertanejo,1
0,267493,0,0.532,0.842,2,-6.152,1,0.0403,0.00131,1.2e-06,0.33,0.715,126.042,4,emo,0
44,232086,0,0.423,0.625,8,-4.573,1,0.038,0.453,0.0,0.656,0.494,96.107,3,sertanejo,0
47,192626,0,0.564,0.63,2,-4.769,1,0.0266,0.622,0.0,0.477,0.433,101.908,4,sertanejo,0
0,220879,0,0.586,0.86,2,-4.023,1,0.0539,0.0412,0.0,0.372,0.203,138.03,4,pop,0
5,223040,0,0.607,0.405,9,-8.607,1,0.0265,0.539,6.7e-06,0.231,0.233,129.543,4,pop,0
51,161284,0,0.6,0.923,9,-5.153,1,0.0733,0.282,0.0,0.517,0.864,171.953,4,sertanejo,1
50,153600,0,0.66,0.641,5,-6.81,1,0.116,0.171,1.96e-06,0.114,0.205,174.877,4,emo,1
90,241066,0,0.323,0.737,10,-4.008,1,0.0338,0.142,0.000162,0.163,0.155,113.26,4,pop,1
60,233893,0,0.463,0.934,1,-3.566,0,0.141,0.0223,0.0,0.301,0.649,168.005,4,anime,1
48,200275,0,0.723,0.561,5,-8.322,0,0.035,0.642,7.11e-06,0.228,0.616,145.02,4,indian,0
76,120546,0,0.753,0.355,8,-13.295,0,0.0898,0.48,0.87,0.122,0.506,111.863,4,chill,1
56,195000,0,0.785,0.222,8,-21.624,1,0.0418,0.86,0.84,0.106,0.327,139.885,4,chill,1
56,120000,1,0.6,0.454,2,-13.399,1,0.111,0.1,0.000432,0.111,0.201,159.971,4,sad,1
57,235161,0,0.655,0.538,10,-7.991,1,0.0378,0.299,0.393,0.0762,0.329,124.045,4,sad,1
0,155960,0,0.865,0.573,5,-5.501,1,0.0678,0.0863,0.0,0.305,0.563,94.999,4,pop,0
61,351578,0,0.6,0.979,10,-3.513,1,0.243,0.138,0.0,0.1,0.453,137.06,4,pop-film,1
47,163555,0,0.695,0.276,1,-16.612,1,0.0361,0.935,0.00422,0.102,0.398,135.122,4,indian,0
57,97139,1,0.879,0.364,9,-11.252,1,0.322,0.682,0.0,0.146,0.697,130.092,4,sad,1
0,235447,0,0.73,0.771,1,-8.041,1,0.221,0.023,0.000128,0.142,0.628,135.972,4,k-pop,0
54,183100,0,0.852,0.967,9,-1.661,0,0.0722,0.395,0.000324,0.433,0.891,124.024,4,k-pop,1
69,181514,0,0.703,0.609,11,-7.3,0,0.0444,0.111,0.0,0.0515,0.696,89.929,4,pop,1
50,269000,0,0.389,0.867,1,-3.604,1,0.048,0.000303,0.0,0.347,0.215,94.952,4,anime,1
44,230266,0,0.658,0.433,0,-11.236,1,0.026,0.202,0.0,0.34,0.585,103.802,4,sertanejo,0
42,252813,0,0.691,0.675,6,-5.771,0,0.033,0.217,0.0,0.114,0.634,102.031,4,indian,0
70,196170,0,0.568,0.809,11,-3.869,0,0.0517,0.000253,3.33e-05,0.151,0.709,155.029,4,anime,1
63,205907,0,0.712,0.621,2,-6.374,1,0.0278,0.116,5.43e-06,0.142,0.779,101.981,4,pop-film,1
61,242005,0,0.752,0.452,0,-11.4,1,0.35,0.142,0.000184,0.235,0.842,99.74,4,pop-film,1
48,240000,0,0.583,0.393,3,-16.389,1,0.0305,0.614,0.00934,0.315,0.186,109.951,4,indian,0
54,222083,0,0.647,0.306,3,-10.392,1,0.0321,0.846,0.0,0.1,0.348,143.932,4,chill,1
44,174253,0,0.532,0.852,11,-3.948,0,0.237,0.613,0.0,0.69,0.335,72.146,3,sertanejo,0
43,163596,0,0.614,0.875,1,-3.225,1,0.134,0.441,0.0,0.424,0.818,159.847,4,sertanejo,0
64,280974,0,0.823,0.638,5,-7.126,0,0.159,0.434,2.09e-06,0.255,0.882,118.045,4,indian,1
49,187200,0,0.68,0.378,4,-10.665,0,0.0454,0.184,0.0,0.111,0.454,74.998,3,indian,0
42,440137,0,0.524,0.485,10,-10.258,1,0.0398,0.591,0.0,0.114,0.19,112.061,4,indian,0
44,230333,0,0.701,0.274,7,-10.41,1,0.0415,0.856,2.13e-05,0.0994,0.448,108.989,4,sertanejo,0
46,306840,0,0.216,0.688,5,-9.193,0,0.0501,0.000118,0.878,0.109,0.147,101.024,3,anime,0
35,215148,0,0.669,0.534,0,-8.791,1,0.221,0.146,0.0,0.14,0.704,153.857,4,anime,0
46,319226,0,0.767,0.516,7,-7.989,1,0.0457,0.557,0.0,0.108,0.67,127.942,4,indian,0
44,195920,0,0.608,0.726,5,-9.424,1,0.0296,0.322,0.00102,0.871,0.334,130.042,4,sertanejo,0
64,208440,0,0.504,0.364,1,-9.277,0,0.03,0.893,7.88e-05,0.0904,0.365,149.819,4,pop-film,1
25,202106,0,0.418,0.93,9,-2.22,1,0.0934,0.00673,2.97e-05,0.439,0.484,202.729,4,grunge,0
55,211296,0,0.752,0.586,8,-6.526,1,0.0518,0.158,0.00651,0.253,0.3,92.009,4,pop-film,1
67,321240,0,0.532,0.529,0,-8.402,1,0.0352,0.334,0.000144,0.078,0.295,81.989,4,pop-film,1
43,268893,0,0.899,0.389,8,-9.463,1,0.378,0.161,1.09e-05,0.141,0.366,88.0,4,k-pop,0
51,172235,0,0.628,0.613,4,-7.209,0,0.0705,0.0271,0.0,0.291,0.218,170.075,4,sad,1
67,121965,0,0.809,0.282,0,-10.038,1,0.433,0.975,0.00176,0.202,0.778,129.89,4,sad,1
47,207761,0,0.551,0.687,1,-6.551,0,0.0468,0.00808,0.0,0.379,0.23,160.137,4,chill,0
56,158280,1,0.737,0.5,11,-8.791,0,0.191,0.0321,0.0,0.11,0.459,139.835,4,sad,1
63,360880,0,0.766,0.438,4,-13.101,0,0.164,0.0303,9.1e-06,0.0862,0.331,82.013,4,pop,1
70,298771,0,0.679,0.537,4,-7.843,1,0.0322,0.844,3.34e-06,0.108,0.481,111.979,4,pop,1
14,177701,0,0.561,0.912,1,-4.221,0,0.0806,0.271,0.000895,0.206,0.684,164.013,4,grunge,0
56,223546,0,0.493,0.936,1,-4.525,1,0.0331,8.53e-06,9.73e-05,0.358,0.683,93.501,4,grunge,1
67,233630,0,0.512,0.695,4,-6.349,1,0.0271,0.0265,0.00815,0.146,0.351,145.957,4,pop-film,1
47,172195,0,0.634,0.775,10,-6.943,1,0.0691,0.745,0.0,0.483,0.653,84.972,4,sertanejo,0
81,268717,0,0.573,0.715,8,-3.293,0,0.0256,0.0444,0.0,0.0898,0.258,101.699,3,pop,1
67,336567,0,0.657,0.489,1,-6.829,0,0.0306,0.713,0.0,0.124,0.399,116.0,4,pop-film,1
58,268888,0,0.77,0.969,2,-0.179,1,0.0661,0.154,0.0,0.0809,0.692,134.983,4,pop-film,1
41,144000,0,0.345,0.554,2,-3.686,1,0.0365,0.693,0.525,0.11,0.495,140.133,4,anime,0
64,132688,0,0.69,0.397,5,-6.514,1,0.0453,0.064,0.0,0.0784,0.772,203.723,4,chill,1
26,304453,0,0.228,0.779,0,-6.495,1,0.0651,0.0115,0.0,0.697,0.347,164.027,4,anime,0
0,170964,0,0.438,0.178,5,-9.402,1,0.0414,0.957,1.1e-06,0.316,0.344,75.25,1,pop,0
69,280161,0,0.659,0.774,7,-7.014,1,0.0372,0.606,0.000333,0.185,0.883,82.995,4,pop-film,1
55,105045,0,0.573,0.559,0,-8.365,1,0.397,0.735,3.02e-06,0.125,0.62,105.037,4,chill,1
50,243233,0,0.596,0.916,11,-3.378,0,0.105,0.0242,0.0,0.0786,0.407,103.047,4,anime,1
54,72676,0,0.476,0.563,7,-13.965,1,0.469,0.956,0.0173,0.123,0.376,79.463,4,sad,1
28,232466,0,0.58,0.863,1,-5.024,0,0.0312,0.0021,0.00959,0.055,0.729,122.777,4,grunge,0
45,155216,0,0.705,0.935,9,-3.298,1,0.169,0.567,0.0,0.947,0.862,164.018,4,sertanejo,0
24,384320,0,0.638,0.66,7,-6.793,1,0.0286,0.00684,0.0,0.197,0.398,93.042,4,grunge,0
50,291449,0,0.282,0.92,9,-5.862,1,0.104,7.83e-06,0.000179,0.225,0.254,174.958,4,grunge,1
44,179066,0,0.515,0.611,9,-4.959,1,0.0456,0.729,0.0,0.829,0.434,75.171,4,sertanejo,0
62,124231,1,0.793,0.444,11,-12.171,0,0.612,0.414,0.0,0.0733,0.222,169.935,4,emo,1
1,166253,0,0.647,0.801,1,-2.946,0,0.249,0.0451,0.0,0.0628,0.517,180.108,4,pop,0
43,196133,0,0.533,0.967,9,-5.851,1,0.0478,0.000118,0.134,0.129,0.455,111.406,4,emo,0
53,206089,0,0.722,0.821,5,-5.325,1,0.0567,0.0528,3.8e-05,0.196,0.752,121.993,4,indian,1
42,219200,0,0.582,0.952,1,-5.079,1,0.0677,0.00191,0.000118,0.164,0.522,105.98,4,emo,0
34,233487,1,0.793,0.511,9,-6.583,1,0.122,0.0332,0.0,0.245,0.244,140.004,4,sad,0
69,211866,0,0.639,0.756,1,-4.42,1,0.0606,0.0055,0.0,0.13,0.531,128.931,4,k-pop,1
70,177728,0,0.776,0.911,2,-3.08,0,0.131,0.155,2.59e-06,0.268,0.56,101.027,4,k-pop,1
71,210817,0,0.714,0.736,2,-3.801,1,0.0457,0.191,0.0,0.0553,0.814,149.985,4,k-pop,1
85,95466,1,0.734,0.57,7,-7.066,0,0.133,0.847,2.14e-05,0.112,0.689,129.953,4,emo,1
60,192405,1,0.761,0.673,1,-5.887,1,0.215,0.0917,1.04e-05,0.14,0.438,160.077,3,emo,1
42,141296,0,0.723,0.287,0,-12.613,1,0.0783,0.957,0.825,0.102,0.253,76.011,4,chill,0
92,154486,0,0.881,0.592,2,-4.898,1,0.0324,0.619,1.32e-05,0.0901,0.719,101.058,4,pop,1
43,204290,0,0.533,0.588,2,-1.121,0,0.0279,0.433,0.0,0.0946,0.147,85.097,4,indian,0
26,256600,0,0.29,0.857,5,-3.001,1,0.043,0.00125,0.0,0.973,0.235,148.946,3,grunge,0
54,156079,0,0.592,0.941,1,-3.715,0,0.0576,0.288,0.214,0.531,0.812,80.011,4,pop-film,1
72,250295,0,0.56,0.547,1,-6.456,1,0.0675,0.0806,0.0,0.11,0.199,157.962,4,k-pop,1
41,200265,0,0.714,0.405,1,-11.358,0,0.0312,0.819,1.04e-05,0.0884,0.441,119.958,4,indian,0
24,313973,0,0.553,0.846,6,-8.037,0,0.0379,0.00157,0.0,0.0693,0.347,125.258,4,grunge,0
66,229400,0,0.732,0.795,8,-2.263,1,0.1,0.0632,0.0,0.0569,0.693,100.954,4,k-pop,1
60,114660,0,0.558,0.776,9,-6.868,1,0.179,0.33,0.000445,0.41,0.247,128.064,4,chill,1
57,183451,0,0.627,0.575,4,-7.38,1,0.232,0.78,0.0,0.336,0.494,78.546,4,sad,1
68,351250,0,0.442,0.444,4,-9.804,1,0.042,0.744,0.0,0.0671,0.386,143.691,3,pop,1
46,119293,0,0.331,0.809,9,-4.633,1,0.0438,6.83e-06,0.49,0.141,0.149,110.163,3,anime,0
62,248448,0,0.691,0.234,3,-6.441,1,0.0285,0.777,0.0,0.12,0.209,87.103,4,chill,1
57,118182,0,0.624,0.229,1,-15.698,0,0.046,0.354,0.47,0.116,0.395,130.069,4,chill,1
63,290867,0,0.56,0.696,7,-5.583,1,0.0473,0.535,0.0,0.325,0.39,128.849,4,pop-film,1
60,277266,0,0.51,0.641,8,-10.312,1,0.0812,0.0638,3.65e-06,0.272,0.295,113.646,4,grunge,1
68,314207,0,0.441,0.308,11,-10.107,0,0.0407,0.958,0.000231,0.0638,0.292,149.593,3,pop-film,1
53,287573,0,0.78,0.46,6,-7.516,1,0.0851,0.455,0.000141,0.061,0.788,124.007,4,indian,1
53,251626,0,0.387,0.862,9,-2.219,0,0.0457,0.107,0.0,0.103,0.337,161.984,4,grunge,1
33,464066,0,0.451,0.845,4,-5.986,0,0.0774,0.00288,7.13e-05,0.169,0.414,144.536,4,emo,0
43,250853,0,0.47,0.865,5,-3.558,0,0.0646,0.000119,0.000298,0.113,0.483,102.914,4,anime,0
51,252346,0,0.808,0.728,0,-10.493,0,0.0653,0.262,0.0,0.228,0.832,116.965,4,k-pop,1
44,390016,0,0.49,0.699,8,-7.564,1,0.0476,0.349,0.000241,0.178,0.156,100.288,4,indian,0
48,174906,0,0.721,0.801,5,-5.406,1,0.243,0.452,0.0,0.667,0.745,87.96,4,sertanejo,0
52,149610,0,0.412,0.391,8,-17.141,1,0.0558,0.753,0.854,0.14,0.293,65.961,3,chill,1
68,236390,0,0.571,0.415,2,-6.572,0,0.0305,0.615,0.0,0.187,0.342,78.025,4,k-pop,1
44,168007,1,0.921,0.552,1,-9.075,0,0.348,0.283,0.0,0.11,0.546,128.074,4,indian,0
59,302600,0,0.451,0.306,2,-6.325,0,0.0403,0.82,0.00544,0.207,0.262,102.659,4,k-pop,1
56,278106,0,0.634,0.54,0,-10.506,1,0.0297,0.491,5.53e-05,0.115,0.81,121.061,4,pop-film,1
65,210013,0,0.683,0.685,7,-5.381,1,0.0425,0.00195,0.0,0.0582,0.381,129.993,4,k-pop,1
46,152226,0,0.676,0.861,4,-3.687,0,0.168,0.186,0.0,0.454,0.671,119.929,4,sertanejo,0
54,145201,0,0.578,0.45,6,-10.771,1,0.0654,0.667,0.0567,0.158,0.0395,155.113,4,emo,1
51,137368,0,0.667,0.446,5,-10.801,0,0.38,0.892,0.0,0.101,0.311,76.53,4,sad,1
62,236325,0,0.325,0.421,2,-8.636,1,0.0566,0.661,4.83e-06,0.0825,0.203,170.376,4,pop-film,1
64,254841,0,0.445,0.615,0,-7.714,1,0.0852,0.422,0.0,0.116,0.235,123.984,4,pop-film,1
60,116924,0,0.77,0.393,2,-9.345,1,0.0651,0.98,0.154,0.145,0.35,115.051,4,chill,1
58,325581,0,0.619,0.88,1,-4.549,0,0.0535,0.0173,0.00104,0.166,0.392,129.969,4,pop-film,1
65,85979,0,0.533,0.331,10,-15.903,0,0.588,0.982,0.652,0.829,0.23,69.527,4,sad,1
59,217339,1,0.661,0.43,1,-13.013,1,0.0642,0.848,0.000873,0.142,0.327,113.932,4,chill,1
58,289865,0,0.752,0.822,5,-8.471,0,0.102,0.131,0.0,0.27,0.917,119.966,4,pop-film,1
56,164520,1,0.862,0.6,7,-5.522,1,0.151,0.16,0.0,0.102,0.433,119.072,4,emo,1
47,319946,0,0.566,0.419,7,-7.661,1,0.0385,0.771,0.0,0.28,0.186,147.881,4,indian,0
50,239000,0,0.366,0.982,4,-3.439,1,0.0893,0.0263,0.00147,0.144,0.42,180.171,4,anime,1
48,255253,0,0.461,0.855,6,-3.235,1,0.0338,0.00416,7.14e-06,0.19,0.383,143.918,4,grunge,0
64,124055,1,0.936,0.523,5,-6.71,1,0.0597,0.239,0.0,0.117,0.699,119.889,4,emo,1
52,236720,0,0.557,0.717,7,-5.493,1,0.0397,0.0765,0.0,0.329,0.795,164.029,4,anime,1
45,132780,0,0.679,0.698,6,-5.157,1,0.0589,0.425,0.0,0.836,0.691,123.66,4,sertanejo,0
49,149647,0,0.349,0.363,4,-11.718,1,0.0394,0.537,0.000282,0.0824,0.103,169.928,4,sad,0
89,215626,1,0.68,0.826,0,-5.487,1,0.0309,0.0212,1.24e-05,0.543,0.644,118.051,4,pop,1
60,272112,0,0.783,0.671,5,-8.572,1,0.064,0.294,0.0,0.134,0.651,141.996,4,pop-film,1
66,363800,0,0.541,0.776,2,-8.042,1,0.0298,0.00147,0.000221,0.178,0.282,98.986,4,grunge,1
47,338506,0,0.54,0.642,7,-9.579,0,0.0318,0.781,0.0,0.333,0.899,140.042,3,k-pop,0
38,383507,0,0.556,0.491,7,-7.363,1,0.0286,0.0656,9.9e-05,0.0528,0.107,139.983,3,grunge,0
56,118128,0,0.664,0.753,3,-8.894,1,0.344,0.348,0.694,0.431,0.312,94.91,4,sad,1
67,222242,0,0.764,0.526,11,-7.355,1,0.212,0.0484,0.0,0.0718,0.588,114.91,4,k-pop,1
43,228250,0,0.702,0.69,10,-5.98,1,0.0373,0.447,0.0,0.131,0.764,93.619,4,sertanejo,0
53,281373,0,0.52,0.619,4,-4.85,0,0.0427,0.591,3.55e-05,0.121,0.367,137.882,3,grunge,1
44,128088,0,0.602,0.282,11,-18.728,1,0.0589,0.656,8.34e-05,0.12,0.17,106.048,4,sad,0
60,260920,0,0.615,0.763,6,-4.189,1,0.0322,0.000246,0.141,0.298,0.333,115.991,4,emo,1
61,177531,0,0.624,0.938,10,-1.145,0,0.0644,0.129,0.0,0.327,0.836,149.887,4,sertanejo,1
71,238369,0,0.481,0.392,4,-8.2,1,0.0246,0.478,0.0,0.122,0.257,91.796,4,pop-film,1
58,120000,0,0.767,0.537,5,-7.783,0,0.116,0.595,0.0,0.0862,0.632,87.497,4,emo,1
67,261519,0,0.433,0.946,10,-5.138,0,0.0398,0.00264,0.0,0.198,0.578,95.169,4,grunge,1
65,223636,0,0.544,0.917,1,-3.403,0,0.259,0.00313,0.0,0.26,0.686,176.068,4,pop,1
68,222680,0,0.424,0.564,9,-4.619,1,0.0563,0.685,0.0,0.292,0.441,173.334,4,k-pop,1
26,233799,0,0.273,0.903,1,-5.777,1,0.0929,0.00272,0.0,0.992,0.242,138.201,4,grunge,0
59,132858,0,0.567,0.214,0,-18.41,1,0.444,0.86,8.69e-05,0.12,0.56,86.251,4,chill,1
64,297146,0,0.58,0.627,11,-8.017,1,0.0316,0.05,1.68e-06,0.297,0.825,82.151,4,grunge,1
62,200275,0,0.723,0.56,5,-8.324,0,0.035,0.645,7.42e-06,0.228,0.619,145.022,4,indian,1
63,298045,0,0.586,0.687,6,-5.079,1,0.0258,0.591,0.0,0.178,0.503,81.009,4,k-pop,1
70,257972,0,0.711,0.295,0,-12.377,0,0.0334,0.534,4.51e-05,0.0782,0.694,135.041,4,pop,1
67,224040,0,0.645,0.534,4,-5.428,0,0.0306,0.147,4.3e-06,0.0858,0.302,90.024,4,pop,1
38,218666,0,0.49,0.892,1,-3.14,0,0.0474,0.0211,0.0,0.338,0.379,76.535,4,emo,0
61,170482,0,0.646,0.491,8,-13.106,1,0.0443,0.465,0.18,0.0834,0.68,145.033,4,chill,1
62,326765,0,0.608,0.653,8,-7.573,0,0.0427,0.507,0.000243,0.107,0.423,86.933,4,pop-film,1
43,173413,0,0.647,0.689,9,-4.587,1,0.0273,0.295,0.0,0.712,0.602,107.968,3,sertanejo,0
40,196853,0,0.517,0.786,8,-3.594,0,0.0442,0.0148,9.24e-06,0.136,0.556,132.049,4,emo,0
55,218293,0,0.397,0.969,9,-3.892,1,0.0463,1.52e-06,0.517,0.0513,0.702,134.288,4,grunge,1
65,330400,0,0.658,0.407,4,-12.007,1,0.0364,0.727,1.26e-06,0.139,0.137,80.164,4,pop-film,1
2,169756,0,0.601,0.713,4,-3.758,0,0.0449,0.0282,0.0,0.158,0.464,122.872,4,pop,0
0,173947,1,0.905,0.563,8,-6.135,1,0.102,0.0254,9.71e-06,0.113,0.324,106.998,4,k-pop,0
62,332186,0,0.522,0.597,4,-4.883,1,0.0295,0.345,0.0,0.103,0.387,80.952,4,anime,1
60,206706,0,0.444,0.974,5,-4.041,0,0.114,0.000119,1.64e-05,0.233,0.306,127.102,4,grunge,1
47,211388,0,0.517,0.474,2,-5.043,1,0.0408,0.783,0.0,0.174,0.693,99.419,3,sertanejo,0
67,159375,0,0.617,0.451,7,-9.323,1,0.0584,0.627,0.0,0.267,0.487,127.923,4,chill,1
55,73557,1,0.701,0.335,1,-11.377,1,0.598,0.772,3.62e-06,0.135,0.28,84.35,4,sad,1
73,204167,0,0.702,0.692,10,-5.405,1,0.0539,0.0542,0.0,0.0877,0.419,144.896,4,k-pop,1
62,314000,0,0.621,0.551,0,-6.871,0,0.0328,0.289,0.0,0.234,0.229,149.958,4,pop-film,1
1,157779,0,0.769,0.395,2,-7.71,1,0.0287,0.285,0.0,0.0776,0.558,81.485,4,chill,0
60,215333,0,0.323,0.728,7,-5.416,1,0.0321,0.00394,0.000447,0.102,0.489,161.586,3,grunge,1
70,205145,0,0.518,0.723,2,-8.075,1,0.137,0.157,1.2e-05,0.107,0.363,100.118,4,pop,1
53,199480,0,0.158,0.976,7,-4.57,0,0.379,0.000317,0.000138,0.318,0.125,78.583,4,grunge,1
47,214333,0,0.846,0.926,6,-3.036,0,0.145,0.0914,0.0,0.0598,0.886,109.157,4,emo,0
69,187006,0,0.801,0.856,0,-4.233,1,0.065,0.0984,6.62e-05,0.228,0.919,106.026,4,pop,1
58,132120,0,0.61,0.709,0,-5.575,1,0.0305,0.141,0.0,0.352,0.456,88.971,4,emo,1
57,282546,0,0.68,0.499,11,-7.297,1,0.0499,0.704,8.09e-06,0.1,0.385,107.615,4,pop-film,1
58,343544,0,0.373,0.672,4,-5.797,1,0.0326,0.154,4.28e-05,0.321,0.47,84.503,4,pop-film,1
46,201560,0,0.702,0.928,4,-5.29,1,0.0299,0.445,4.3e-05,0.972,0.898,120.996,4,sertanejo,0
57,169276,0,0.525,0.276,0,-9.121,1,0.0347,0.893,0.0,0.118,0.329,125.014,4,chill,1
85,216880,0,0.556,0.864,3,-5.87,0,0.0584,0.00958,0.0,0.209,0.4,105.143,4,grunge,1
20,267727,0,0.791,0.938,6,-4.209,0,0.0703,0.245,1.23e-06,0.158,0.85,132.038,4,pop-film,0
45,261587,0,0.528,0.748,1,-9.705,1,0.0542,0.583,0.0,0.364,0.845,130.125,4,k-pop,0
48,223933,0,0.619,0.472,2,-16.074,1,0.0317,0.626,0.0,0.143,0.743,144.103,4,sertanejo,0
44,110480,0,0.22,0.17,0,-13.487,1,0.0343,0.799,0.792,0.0792,0.0822,127.264,4,anime,0
26,305693,0,0.267,0.958,0,-6.084,1,0.063,0.000844,0.0293,0.983,0.408,147.999,4,grunge,0
55,294040,0,0.58,0.789,8,-2.703,1,0.0337,0.501,0.0,0.132,0.393,82.84,4,pop-film,1
58,217848,0,0.509,0.91,2,-6.283,1,0.0727,0.487,0.0,0.106,0.52,83.974,4,indian,1
0,246920,0,0.258,0.904,0,-5.625,1,0.0386,2.2e-05,0.218,0.255,0.832,186.054,3,grunge,0
58,172933,0,0.69,0.542,6,-9.119,1,0.0367,0.567,0.000779,0.853,0.673,109.449,4,grunge,1
44,193400,0,0.602,0.921,7,-4.633,1,0.0604,0.00042,0.000272,0.0983,0.545,108.692,4,grunge,0
63,296760,0,0.625,0.492,0,-9.618,0,0.0332,0.163,0.000781,0.111,0.28,120.033,4,pop-film,1
57,165333,1,0.669,0.444,8,-8.021,0,0.0453,0.412,0.0,0.349,0.586,139.031,4,emo,1
54,197400,0,0.7,0.699,10,-4.193,0,0.0531,0.45,0.0,0.103,0.567,100.037,4,indian,1
51,365669,0,0.307,0.604,7,-5.592,1,0.0397,0.593,3.79e-06,0.0789,0.452,85.641,5,indian,1
71,144733,1,0.769,0.156,11,-10.7,0,0.035,0.585,0.015,0.102,0.527,105.95,4,emo,1
60,138157,1,0.74,0.453,3,-7.828,1,0.121,0.656,8e-05,0.111,0.178,75.992,4,sad,1
64,143706,0,0.518,0.126,10,-12.102,1,0.0431,0.942,0.0,0.105,0.166,75.991,4,chill,1
56,193116,1,0.81,0.66,2,-8.791,1,0.316,0.141,0.0,0.173,0.443,140.081,4,indian,1
62,246883,0,0.543,0.44,7,-8.595,1,0.0597,0.795,0.0,0.224,0.726,125.53,5,pop-film,1
61,173333,0,0.528,0.468,9,-8.286,1,0.133,0.264,0.0,0.0852,0.241,119.937,5,chill,1
46,118000,0,0.176,0.194,9,-11.904,0,0.0375,0.356,0.762,0.0555,0.038,61.723,4,anime,0
48,257683,0,0.588,0.687,7,-5.786,1,0.0514,0.00449,0.00288,0.104,0.23,94.896,4,indian,0
36,222651,0,0.753,0.677,3,-6.916,0,0.124,0.296,0.0,0.1,0.334,139.997,4,anime,0
41,145909,0,0.637,0.891,9,-4.167,1,0.188,0.113,0.0,0.131,0.612,175.94,4,pop-film,0
63,172354,0,0.629,0.495,9,-6.86,1,0.103,0.539,0.000231,0.0326,0.548,89.773,4,chill,1
73,169566,0,0.752,0.642,3,-5.165,0,0.0869,0.0861,0.0,0.0953,0.388,95.043,4,k-pop,1
43,287386,0,0.619,0.455,9,-9.252,1,0.0348,0.688,0.0,0.112,0.226,74.045,4,sertanejo,0
53,179212,0,0.654,0.56,4,-9.363,0,0.102,0.213,0.0,0.128,0.282,74.985,4,emo,1
41,321912,0,0.558,0.312,6,-11.001,1,0.0363,0.782,0.0,0.105,0.309,148.534,4,indian,0
49,153000,0,0.809,0.193,5,-16.189,1,0.0427,0.499,0.906,0.117,0.26,140.009,4,anime,0
45,193803,0,0.718,0.478,5,-7.025,1,0.0608,0.359,1.33e-06,0.116,0.34,146.03,4,sertanejo,0
75,221426,0,0.584,0.911,5,-3.515,0,0.09,0.0119,0.0,0.119,0.606,92.502,4,anime,1
70,204255,1,0.615,0.623,4,-6.724,0,0.0867,0.0893,0.0,0.205,0.266,92.937,4,pop,1
48,163186,0,0.622,0.936,11,-5.942,1,0.0751,0.544,0.0,0.664,0.818,92.026,4,sertanejo,0
30,270226,0,0.703,0.892,2,-3.433,0,0.0422,0.255,0.000191,0.576,0.885,104.988,4,chill,0
35,254626,0,0.503,0.977,9,-3.726,1,0.0396,0.000124,0.0,0.159,0.643,112.471,4,emo,0
54,154240,0,0.663,0.896,1,-4.23,0,0.0963,0.672,0.0,0.466,0.955,155.947,4,sertanejo,1
73,155054,0,0.746,0.806,3,-2.495,0,0.159,0.151,7.39e-05,0.121,0.598,123.941,4,sad,1
57,219428,0,0.433,0.758,2,-5.736,1,0.662,0.0409,2.64e-05,0.102,0.22,87.402,4,chill,1
52,205240,0,0.618,0.317,0,-9.835,1,0.0278,0.561,0.0,0.102,0.372,124.826,4,grunge,1
43,299360,0,0.441,0.538,2,-10.1,1,0.0888,0.409,0.00515,0.143,0.731,169.676,4,indian,0
44,203973,0,0.531,0.3,1,-12.23,0,0.029,0.696,0.0,0.931,0.306,99.502,4,sertanejo,0
64,283195,0,0.628,0.834,4,-4.56,1,0.116,0.575,0.0,0.158,0.747,78.207,4,pop,1
50,202200,0,0.497,0.359,9,-12.551,1,0.0243,0.294,0.0,0.476,0.447,87.834,3,sertanejo,1
50,172242,1,0.753,0.763,0,-4.468,1,0.275,0.0345,8.1e-06,0.0631,0.777,170.057,4,emo,1
65,160506,1,0.767,0.71,11,-7.177,0,0.352,0.0887,3.41e-06,0.106,0.244,120.0,4,emo,1
0,361946,0,0.651,0.567,5,-5.941,0,0.0317,0.0934,0.00991,0.124,0.138,108.953,4,pop,0
50,150322,1,0.645,0.579,4,-9.137,1,0.1,0.524,1.78e-05,0.161,0.525,92.977,4,sad,1
47,122935,0,0.799,0.804,8,-7.922,1,0.139,0.111,1.31e-05,0.197,0.798,165.019,4,emo,0
53,134885,0,0.607,0.497,4,-12.053,0,0.209,0.828,0.0,0.105,0.517,147.965,4,sad,1
41,208166,0,0.605,0.463,3,-11.316,1,0.0293,0.478,0.000737,0.104,0.499,117.924,4,indian,0
32,241173,1,0.554,0.896,4,-4.492,0,0.0817,0.00128,8.34e-06,0.0353,0.519,97.472,4,anime,0
74,237558,0,0.72,0.692,8,-6.354,1,0.0894,0.291,0.0,0.177,0.52,110.011,4,pop,1
80,121886,0,0.669,0.308,11,-10.068,1,0.029,0.883,0.0,0.0984,0.52,64.934,4,emo,1
64,151116,0,0.573,0.265,7,-9.541,0,0.0348,0.71,0.0,0.258,0.225,107.697,4,chill,1
35,219050,0,0.892,0.361,10,-8.4,0,0.242,0.471,1.59e-06,0.137,0.426,120.037,4,emo,0
1,216426,0,0.533,0.426,9,-9.525,0,0.0297,0.46,0.0,0.1,0.152,103.267,3,pop,0
68,195000,0,0.586,0.892,11,-5.259,0,0.0349,0.00079,4.05e-06,0.16,0.665,100.04,4,anime,1
68,172408,0,0.744,0.328,0,-12.535,1,0.231,0.681,0.0002,0.128,0.532,98.923,4,pop,1
55,194268,0,0.537,0.829,2,-5.709,1,0.0747,0.293,0.0,0.566,0.506,89.238,4,sertanejo,1
72,284779,0,0.427,0.396,11,-7.556,1,0.0366,0.736,0.0,0.11,0.306,70.368,4,pop-film,1
2,208278,0,0.664,0.944,5,-2.027,0,0.0995,0.101,0.0,0.766,0.745,121.936,4,pop,0
52,136153,0,0.758,0.545,0,-7.855,1,0.135,0.732,0.0,0.122,0.271,119.935,4,sad,1
49,188427,1,0.86,0.797,9,-3.618,0,0.085,0.381,0.0,0.0875,0.724,130.996,4,sertanejo,0
29,277493,0,0.494,0.913,0,-5.289,1,0.0378,0.000165,0.00898,0.247,0.478,99.92,4,grunge,0
68,242322,0,0.392,0.574,5,-5.744,1,0.0336,0.627,0.0,0.532,0.446,65.528,4,pop-film,1
75,186267,0,0.414,0.416,11,-8.024,0,0.0251,0.1,0.179,0.131,0.196,159.91,4,emo,1
53,229575,0,0.586,0.761,9,-6.794,1,0.0527,0.488,0.0,0.24,0.508,146.028,4,sertanejo,1
60,190345,0,0.668,0.965,7,-2.293,1,0.091,0.0579,0.000867,0.0566,0.722,128.012,4,pop-film,1
63,138657,1,0.664,0.11,8,-21.273,1,0.0363,0.763,0.813,0.0913,0.281,100.062,4,sad,1
59,115263,0,0.572,0.631,9,-6.152,0,0.0701,0.638,0.0,0.451,0.546,95.09,4,sad,1
54,197857,1,0.591,0.805,0,-5.235,1,0.271,0.64,0.0,0.143,0.283,136.629,4,sad,1
49,212077,0,0.669,0.743,9,-4.195,1,0.0458,0.356,0.0,0.928,0.917,119.499,4,sertanejo,0
68,245146,0,0.449,0.491,9,-6.433,0,0.029,0.279,0.0,0.0654,0.258,139.923,4,k-pop,1
51,145371,1,0.646,0.62,1,-5.217,0,0.0392,0.132,0.0,0.26,0.444,87.51,4,sad,1
45,118947,1,0.946,0.498,4,-9.435,1,0.0689,0.0928,0.0,0.094,0.428,105.026,4,sad,0
66,205346,0,0.412,0.613,10,-9.803,1,0.125,0.528,1.96e-06,0.104,0.314,89.025,4,chill,1
72,234037,0,0.508,0.507,0,-5.33,0,0.0384,0.0636,1.15e-05,0.359,0.218,159.68,4,pop,1
0,244426,0,0.589,0.492,11,-6.404,1,0.0258,0.163,0.0,0.0786,0.526,96.016,4,emo,0
43,214280,0,0.711,0.353,5,-12.572,1,0.0276,0.861,0.863,0.104,0.357,120.022,4,indian,0
71,316733,0,0.459,0.83,2,-6.254,1,0.0364,5.15e-05,0.00014,0.206,0.431,155.827,4,grunge,1
63,323520,0,0.447,0.6,4,-3.718,0,0.0332,0.324,0.0,0.0962,0.434,80.044,3,indian,1
52,244306,0,0.415,0.943,8,-2.531,1,0.0662,0.007,0.0,0.385,0.555,91.456,4,anime,1
46,253720,0,0.429,0.963,8,-3.342,1,0.0733,7.22e-06,2.19e-06,0.184,0.349,96.97,4,grunge,0
43,251794,0,0.638,0.0621,7,-26.675,1,0.0745,0.543,0.303,0.0763,0.303,147.895,4,chill,0
49,266640,0,0.461,0.614,2,-8.407,0,0.0341,0.00307,0.743,0.104,0.149,171.929,4,anime,0
3,388920,0,0.669,0.661,5,-6.434,0,0.0472,0.679,0.0,0.281,0.696,92.004,4,pop-film,0
52,77583,1,0.645,0.324,2,-12.177,1,0.0759,0.443,0.14,0.127,0.32,164.095,4,chill,1
60,146666,0,0.701,0.599,7,-6.481,0,0.198,0.222,0.0,0.104,0.514,89.92,4,sad,1
67,264915,0,0.568,0.511,9,-8.57,1,0.0351,0.119,0.0,0.123,0.134,117.972,4,pop,1
60,131214,1,0.74,0.199,4,-8.575,0,0.0366,0.835,2.05e-06,0.116,0.486,75.013,4,emo,1
55,73557,1,0.701,0.335,1,-11.377,1,0.598,0.772,3.62e-06,0.135,0.28,84.35,4,chill,1
43,225410,0,0.477,0.243,8,-17.551,1,0.0636,0.499,0.407,0.0743,0.0997,87.018,4,chill,0
63,130403,1,0.774,0.507,1,-6.952,0,0.065,0.0636,0.0,0.138,0.508,140.067,4,emo,1
0,132732,0,0.464,0.642,5,-3.656,1,0.032,0.0189,0.0,0.0957,0.828,151.592,4,pop,0
64,123269,0,0.718,0.606,5,-6.026,0,0.0375,0.388,0.0,0.101,0.676,101.917,4,sad,1
65,296973,0,0.469,0.943,2,-4.196,1,0.102,6.07e-05,0.00547,0.0717,0.358,134.031,4,grunge,1
55,187653,1,0.8,0.491,10,-8.293,0,0.0468,0.309,0.0,0.332,0.425,135.008,4,emo,1
71,238369,0,0.481,0.392,4,-8.2,1,0.0246,0.478,0.0,0.122,0.257,91.796,4,pop,1
50,246133,0,0.683,0.899,5,-4.181,1,0.0323,0.0143,3.59e-05,0.0371,0.87,112.042,4,sertanejo,1
67,167312,0,0.748,0.472,3,-9.15,0,0.0557,0.0822,0.0,0.0525,0.605,141.93,4,chill,1
56,128835,1,0.842,0.544,11,-8.9,1,0.542,0.25,0.0,0.563,0.612,74.78,4,sad,1
48,137755,1,0.872,0.648,6,-5.008,0,0.338,0.112,0.0,0.0496,0.729,98.019,4,emo,0
52,136740,0,0.671,0.326,1,-5.369,1,0.0528,0.701,0.00792,0.0936,0.342,60.484,4,sad,1
62,84558,0,0.549,0.497,3,-8.645,0,0.22,0.00436,0.0,0.0698,0.113,65.919,3,emo,1
58,150073,1,0.756,0.533,11,-8.303,1,0.0416,0.24,0.0,0.111,0.636,101.998,4,sad,1
55,211133,0,0.689,0.256,1,-10.572,1,0.0514,0.704,2.29e-06,0.051,0.547,82.936,4,chill,1
43,251977,0,0.624,0.56,5,-8.332,1,0.0338,0.711,4.58e-06,0.119,0.524,75.04,4,indian,0
47,193567,1,0.611,0.322,2,-14.461,1,0.0367,0.922,0.000818,0.35,0.315,119.957,4,sad,0
48,211176,0,0.745,0.891,4,-5.572,0,0.0421,0.359,0.0567,0.104,0.906,122.025,4,indian,0
56,368700,0,0.625,0.727,4,-3.035,1,0.0308,0.777,0.0,0.0717,0.894,86.471,3,pop-film,1
55,264853,0,0.424,0.68,8,-4.311,1,0.0374,0.0102,0.0,0.224,0.415,157.867,4,grunge,1
48,286615,0,0.47,0.464,5,-10.359,1,0.03,0.374,0.0,0.22,0.348,130.054,4,emo,0
57,218240,0,0.304,0.0463,4,-25.773,0,0.0353,0.879,0.803,0.0923,0.0392,77.936,4,anime,1
47,271751,0,0.62,0.507,1,-7.234,1,0.145,0.622,0.443,0.0615,0.661,76.713,4,k-pop,0
63,233493,0,0.38,0.889,8,-5.911,1,0.0801,0.00272,2.07e-06,0.152,0.514,171.083,4,anime,1
66,309640,0,0.744,0.7,2,-7.663,1,0.0375,0.278,0.000155,0.068,0.867,144.033,4,pop-film,1
46,174038,1,0.73,0.4,8,-7.062,1,0.0613,0.0346,0.00222,0.256,0.487,83.509,4,sad,0
48,150857,1,0.716,0.674,1,-7.801,1,0.132,0.0122,1.28e-05,0.0948,0.31,140.019,4,chill,0
55,154225,1,0.768,0.528,11,-11.82,0,0.253,0.354,0.0,0.111,0.674,150.086,4,sad,1
42,192000,1,0.746,0.558,0,-9.552,0,0.157,0.197,2e-05,0.131,0.456,119.934,4,indian,0
68,249215,0,0.502,0.91,7,-2.769,1,0.107,0.04,0.0,0.319,0.588,176.084,4,k-pop,1
36,182602,1,0.831,0.689,0,-7.307,0,0.444,0.555,0.0,0.107,0.493,79.958,4,sad,0
54,90840,1,0.872,0.451,0,-5.501,1,0.252,0.147,0.0,0.275,0.809,84.635,3,sad,1
59,165245,0,0.713,0.696,8,-5.316,1,0.089,0.226,0.0,0.442,0.407,121.993,4,chill,1
59,216555,0,0.603,0.834,1,-2.339,0,0.0287,0.353,0.0,0.0989,0.555,102.038,4,k-pop,1
75,285200,1,0.355,0.791,8,-7.565,1,0.0453,0.00045,0.0,0.0969,0.758,106.392,4,grunge,1
54,255080,0,0.472,0.994,8,-1.786,1,0.114,0.0259,0.0,0.0535,0.262,103.512,4,anime,1
61,266639,0,0.324,0.457,2,-8.683,1,0.0336,0.271,2.65e-05,0.433,0.225,99.902,4,pop-film,1
55,320733,0,0.367,0.299,4,-14.557,1,0.0597,0.941,0.00402,0.423,0.383,147.363,3,pop-film,1
0,136058,0,0.803,0.75,11,-4.67,1,0.0551,0.0233,3.87e-05,0.045,0.628,106.0,4,chill,0
62,266145,0,0.331,0.551,6,-8.505,1,0.0379,0.989,0.511,0.564,0.664,97.18,4,pop-film,1
50,148994,0,0.684,0.767,11,-4.078,1,0.0564,0.423,0.0,0.743,0.574,129.992,4,sertanejo,1
2,257812,0,0.395,0.751,10,-8.547,0,0.0618,5.71e-05,0.838,0.0725,0.455,121.561,4,grunge,0
52,94786,1,0.715,0.28,11,-7.528,1,0.0316,0.806,0.0,0.0972,0.478,70.033,1,emo,1
88,226600,0,0.672,0.52,8,-7.747,1,0.0353,0.859,0.0,0.115,0.37,120.001,4,pop,1
59,387200,0,0.572,0.66,5,-7.422,1,0.0351,0.126,0.000238,0.131,0.585,179.983,4,pop-film,1
45,263509,0,0.535,0.701,1,-5.905,0,0.0297,0.00649,6.37e-06,0.403,0.334,138.05,4,indian,0
57,299325,0,0.618,0.867,6,-5.1,0,0.139,0.239,0.0,0.0559,0.665,178.017,4,indian,1
50,283893,0,0.405,0.622,6,-4.945,1,0.03,0.305,0.0,0.318,0.388,185.827,4,anime,1
48,178415,0,0.55,0.665,0,-2.608,1,0.0662,0.301,0.0,0.126,0.643,143.441,4,sertanejo,0
56,275800,0,0.409,0.819,9,-3.784,0,0.0564,0.0351,0.0,0.322,0.458,143.937,4,anime,1
70,194226,0,0.451,0.815,2,-5.55,0,0.0368,6.06e-05,0.0,0.27,0.618,147.974,4,grunge,1
53,175186,0,0.349,0.306,7,-11.041,1,0.0341,0.783,0.00932,0.0843,0.18,80.011,4,anime,1
64,230000,0,0.553,0.498,0,-7.021,1,0.0518,0.34,0.0,0.202,0.238,180.011,4,pop,1
57,233962,1,0.745,0.438,4,-7.018,0,0.0326,0.678,0.112,0.125,0.0409,119.99,4,emo,1
55,121658,0,0.701,0.311,2,-15.148,1,0.132,0.644,0.928,0.0809,0.0624,150.021,4,chill,1
77,228855,0,0.603,0.573,1,-5.843,1,0.0502,0.478,0.0,0.0971,0.236,82.941,4,indian,1
44,291106,0,0.693,0.48,11,-11.345,1,0.0249,0.254,4.85e-06,0.0867,0.54,108.049,4,sertanejo,0
46,137488,0,0.271,0.597,2,-7.93,0,0.0334,0.548,0.83,0.0848,0.111,91.903,4,anime,0
54,229546,0,0.627,0.558,2,-6.339,1,0.0259,0.576,0.0,0.125,0.488,110.152,4,sertanejo,1
58,345666,0,0.33,0.529,9,-10.043,1,0.0358,0.000807,0.214,0.126,0.148,140.156,4,grunge,1
63,200823,0,0.548,0.654,4,-4.599,1,0.0313,0.113,0.0,0.241,0.317,85.023,4,chill,1
68,357006,0,0.602,0.758,1,-9.416,1,0.0324,0.25,3.93e-05,0.209,0.788,141.108,4,pop,1
74,200120,0,0.535,0.765,1,-7.862,0,0.0444,0.054,0.0,0.0921,0.373,191.827,4,pop-film,1
71,211363,0,0.59,0.294,9,-8.125,1,0.0654,0.854,0.0,0.0873,0.461,87.895,4,k-pop,1
66,104783,0,0.814,0.0987,7,-22.009,1,0.038,0.702,0.872,0.114,0.872,109.975,5,chill,1
20,246844,0,0.72,0.691,1,-4.48,1,0.0496,0.457,2.94e-05,0.0768,0.377,134.953,4,indian,0
45,173531,0,0.669,0.917,11,-3.619,0,0.0938,0.655,0.0,0.407,0.868,167.998,4,sertanejo,0
62,117747,0,0.901,0.108,0,-19.516,0,0.129,0.844,0.00473,0.108,0.716,106.044,4,chill,1
70,160173,1,0.438,0.728,8,-7.105,1,0.0458,3.49e-05,0.57,0.0509,0.701,128.04,4,grunge,1
61,111696,1,0.706,0.348,2,-4.25,1,0.035,0.663,0.0,0.194,0.474,111.81,4,chill,1
71,281573,0,0.56,0.604,8,-8.732,1,0.0866,0.315,1.12e-06,0.176,0.75,84.784,4,pop-film,1
58,154285,1,0.757,0.499,8,-10.666,0,0.0553,0.667,3.25e-06,0.109,0.55,112.051,4,chill,1
59,198620,1,0.714,0.577,7,-9.189,1,0.0556,0.0536,1.48e-06,0.125,0.802,145.056,4,chill,1
60,148374,0,0.652,0.897,9,-4.554,1,0.0517,0.781,0.00017,0.152,0.776,152.966,4,sertanejo,1
80,290400,0,0.429,0.614,4,-6.573,0,0.0709,0.513,0.000316,0.0922,0.743,149.966,3,pop-film,1
55,200568,0,0.633,0.724,3,-3.447,1,0.0739,0.274,0.0,0.223,0.488,77.506,4,chill,1
47,199480,0,0.643,0.905,2,-8.215,1,0.0476,0.551,0.0,0.828,0.892,90.059,4,sertanejo,0
68,269032,0,0.495,0.654,3,-6.639,0,0.0679,0.713,0.0,0.165,0.35,123.896,4,indian,1
46,106075,1,0.654,0.754,5,-8.915,0,0.292,0.196,0.0,0.098,0.476,143.15,1,anime,0
63,177106,0,0.459,0.99,9,-1.083,1,0.128,0.0102,4.98e-06,0.307,0.458,91.006,4,anime,1
55,260279,0,0.514,0.867,9,-4.717,1,0.0332,0.00904,0.0508,0.232,0.596,96.135,4,grunge,1
65,217322,0,0.522,0.916,1,-4.766,1,0.0786,0.016,0.0,0.149,0.549,122.046,4,k-pop,1
45,68444,0,0.741,0.215,1,-14.838,1,0.0394,0.206,0.362,0.112,0.444,110.638,4,chill,0
59,313999,0,0.332,0.422,3,-5.414,1,0.0449,0.865,0.0,0.0763,0.217,74.315,4,pop-film,1
69,285686,0,0.656,0.721,8,-5.064,1,0.0364,0.277,0.000139,0.188,0.883,83.95,4,indian,1
51,196906,0,0.395,0.331,11,-8.439,1,0.0307,0.404,0.00046,0.0964,0.296,112.114,5,emo,1
0,265573,0,0.501,0.795,4,-7.147,0,0.0298,0.00279,0.00028,0.105,0.544,93.556,4,grunge,0
64,153627,0,0.702,0.221,1,-12.126,0,0.162,0.856,0.00694,0.143,0.0767,115.218,4,chill,1
47,189073,0,0.609,0.849,5,-6.826,0,0.0859,0.375,0.0019,0.058,0.869,185.889,3,indian,0
52,250266,0,0.819,0.728,7,-5.688,1,0.0689,0.12,0.0,0.045,0.688,89.934,4,sertanejo,1
25,233040,0,0.533,0.865,2,-3.215,1,0.039,0.00101,0.0,0.894,0.235,113.364,4,grunge,0
59,225213,0,0.449,0.53,8,-8.787,0,0.0951,0.666,7.3e-06,0.234,0.543,83.362,4,pop-film,1
46,195000,0,0.589,0.645,2,-5.272,1,0.0258,0.2,0.0,0.931,0.482,94.992,3,sertanejo,0
59,228154,0,0.612,0.628,2,-6.754,1,0.0752,0.0358,0.00898,0.193,0.434,125.043,4,chill,1
43,164457,1,0.515,0.957,4,-4.252,1,0.053,0.0948,0.0,0.599,0.596,139.999,4,grunge,0
60,343741,0,0.59,0.414,10,-12.391,1,0.0346,0.781,0.000522,0.146,0.292,82.002,4,pop-film,1
43,243853,0,0.468,0.935,9,-4.662,1,0.0835,0.0673,0.108,0.113,0.335,149.998,4,emo,0
61,372600,0,0.714,0.495,9,-7.226,1,0.0361,0.328,0.0,0.104,0.238,114.979,4,pop-film,1
65,236933,0,0.533,0.732,7,-7.901,0,0.0424,0.166,0.000189,0.138,0.554,90.315,4,pop,1
0,336200,0,0.403,0.185,10,-20.519,0,0.0417,0.962,0.911,0.0958,0.162,104.517,3,anime,0
49,180773,1,0.665,0.632,5,-8.961,0,0.358,0.41,0.0,0.122,0.467,150.265,4,anime,0
60,253160,0,0.71,0.801,7,-4.845,1,0.0896,0.0728,0.0,0.0744,0.845,145.102,4,pop-film,1
63,238252,0,0.572,0.736,11,-7.768,1,0.0658,0.643,0.0,0.128,0.778,85.035,4,indian,1
50,175266,0,0.225,0.156,2,-17.042,0,0.0363,0.895,0.713,0.161,0.0415,98.63,4,anime,1
58,268442,0,0.753,0.89,2,-5.022,1,0.187,0.44,6.82e-06,0.0854,0.283,87.015,4,pop-film,1
64,197400,0,0.7,0.699,10,-4.193,0,0.0531,0.45,0.0,0.103,0.567,100.037,4,indian,1
44,218560,0,0.583,0.66,0,-6.295,1,0.0507,0.403,7.3e-06,0.849,0.522,78.011,4,sertanejo,0
60,309272,0,0.495,0.729,6,-6.453,0,0.103,0.6,4.13e-05,0.0993,0.683,155.892,4,pop-film,1
29,154857,1,0.9,0.256,7,-13.214,0,0.0499,0.065,0.00572,0.139,0.463,124.005,4,sad,0
41,139402,0,0.638,0.583,7,-6.342,1,0.0884,0.203,0.0,0.0745,0.416,76.507,4,sad,0
0,171880,1,0.709,0.56,4,-4.867,0,0.171,0.034,0.0,0.315,0.541,170.082,4,pop,0
54,158316,1,0.775,0.658,2,-5.119,1,0.175,0.0988,0.0,0.111,0.325,139.978,4,sad,1
51,171205,0,0.501,0.315,4,-12.914,1,0.0508,0.872,0.81,0.219,0.216,84.859,4,sad,1
44,127430,0,0.566,0.496,1,-8.427,1,0.176,0.515,0.0,0.0957,0.39,80.005,4,emo,0
50,302356,0,0.553,0.877,1,-5.027,1,0.0488,0.0533,7.52e-05,0.322,0.541,91.609,4,anime,1
66,174711,0,0.789,0.95,5,-3.604,0,0.0759,0.191,1.41e-05,0.0969,0.746,126.013,4,pop,1
27,235893,0,0.582,0.954,7,-7.899,1,0.0563,0.000821,0.000309,0.222,0.73,112.003,4,grunge,0
61,90000,0,0.435,0.953,0,-5.327,1,0.0423,0.246,0.0,0.123,0.612,79.959,4,anime,1
59,316865,0,0.32,0.337,0,-10.91,1,0.0611,0.709,0.0,0.0662,0.206,79.098,4,pop-film,1
67,275614,0,0.486,0.948,9,-1.59,1,0.122,0.0242,0.0286,0.137,0.507,170.015,4,anime,1
46,149135,0,0.566,0.877,8,-3.897,0,0.0789,0.352,0.0,0.46,0.769,130.042,4,sertanejo,0
52,152424,0,0.765,0.783,5,-5.276,0,0.0334,0.0669,0.0,0.239,0.686,139.923,4,emo,1
65,268333,0,0.956,0.377,6,-7.965,1,0.0804,0.566,0.414,0.313,0.566,119.993,4,chill,1
21,193500,0,0.79,0.532,6,-8.617,1,0.0311,0.713,0.0,0.104,0.696,119.915,4,chill,0
72,240361,0,0.508,0.559,2,-6.366,0,0.0276,0.288,0.0,0.131,0.329,135.866,4,k-pop,1
61,152500,1,0.805,0.479,6,-9.238,0,0.363,0.182,3.41e-06,0.346,0.363,80.454,4,sad,1
44,166963,0,0.557,0.695,4,-8.564,0,0.0638,0.642,0.00358,0.123,0.154,91.986,4,sad,0
62,183146,0,0.583,0.557,3,-4.012,1,0.0494,0.663,0.0,0.374,0.595,73.615,4,chill,1
54,191440,0,0.569,0.89,3,-4.532,0,0.0671,2.56e-05,3.66e-05,0.313,0.648,116.983,4,grunge,1
66,150769,0,0.639,0.312,0,-9.902,1,0.0301,0.774,0.469,0.0857,0.347,103.369,4,emo,1
46,168600,0,0.633,0.634,2,-6.059,1,0.0306,0.226,0.0,0.781,0.371,95.074,3,sertanejo,0
54,220000,0,0.753,0.501,1,-5.495,0,0.124,0.663,0.0,0.0829,0.0485,143.873,4,emo,1
34,165365,0,0.549,0.905,1,-4.344,1,0.333,0.599,0.0,0.307,0.742,87.255,4,anime,0
0,168839,0,0.854,0.446,1,-8.957,0,0.198,0.313,0.215,0.156,0.57,92.545,4,pop,0
60,179680,0,0.456,0.818,11,-11.286,1,0.0589,0.115,0.0,0.0995,0.257,115.556,4,grunge,1
54,176480,0,0.729,0.526,8,-7.241,1,0.0986,0.229,4.56e-05,0.309,0.786,110.02,4,chill,1
49,188031,0,0.757,0.437,4,-6.165,1,0.0381,0.796,6.34e-06,0.397,0.52,126.961,4,sad,0
60,200037,0,0.53,0.45,7,-10.006,1,0.168,0.393,0.0,0.207,0.412,67.467,4,chill,1
32,288020,0,0.273,0.588,1,-9.564,0,0.0579,0.265,0.000307,0.178,0.138,88.045,4,pop-film,0
45,184480,0,0.844,0.674,6,-4.631,0,0.0751,0.393,9.15e-06,0.23,0.785,132.029,4,sertanejo,0
65,364329,0,0.549,0.737,0,-7.865,1,0.0386,0.459,0.00844,0.091,0.412,119.963,4,pop,1
66,174173,0,0.883,0.845,11,-2.069,1,0.0585,0.0161,0.00157,0.29,0.656,116.004,4,k-pop,1
75,223535,0,0.508,0.842,1,-3.992,1,0.0612,0.078,0.0,0.0858,0.44,86.041,4,k-pop,1
41,292771,0,0.39,0.746,0,-6.56,1,0.0332,0.796,0.185,0.118,0.506,82.856,4,indian,0
46,229536,0,0.661,0.53,7,-10.747,1,0.0974,0.187,0.0,0.142,0.661,157.523,3,pop-film,0
52,304431,0,0.498,0.772,2,-6.465,1,0.0695,0.68,0.0,0.118,0.762,103.359,4,sertanejo,1
46,238400,0,0.632,0.895,6,-6.415,1,0.13,0.0594,0.000198,0.174,0.336,149.951,4,k-pop,0
44,208204,0,0.716,0.444,4,-8.245,0,0.0405,0.329,1.63e-06,0.209,0.695,130.936,4,k-pop,0
70,236748,0,0.554,0.878,11,-3.02,0,0.0513,0.00146,0.0,0.0998,0.55,132.896,4,k-pop,1
57,356293,0,0.723,0.82,8,-3.899,1,0.03,0.0557,2.97e-05,0.0481,0.337,126.025,4,pop-film,1
43,320203,0,0.61,0.35,2,-8.715,1,0.0299,0.696,0.0,0.252,0.26,90.288,3,sertanejo,0
48,259133,0,0.221,0.656,7,-5.421,1,0.0362,0.0837,0.000517,0.161,0.128,172.32,4,grunge,0
52,256665,0,0.581,0.159,9,-16.91,1,0.0346,0.965,0.00016,0.349,0.447,143.92,3,indian,1
35,301673,0,0.329,0.574,7,-7.327,1,0.0302,0.0829,0.0,0.962,0.459,185.156,3,emo,0
52,267251,0,0.618,0.806,7,-4.437,1,0.0771,0.549,0.0,0.474,0.684,91.909,4,indian,1
52,99733,1,0.732,0.678,7,-5.866,1,0.0366,0.00412,0.000747,0.0876,0.397,157.905,4,emo,1
61,308714,0,0.581,0.71,7,-4.961,0,0.0374,0.395,0.0,0.137,0.755,111.969,4,pop-film,1
60,384000,0,0.507,0.741,6,-7.456,0,0.0535,0.414,3.95e-06,0.107,0.492,132.903,4,pop-film,1
3,168839,0,0.854,0.446,1,-8.957,0,0.198,0.313,0.215,0.156,0.57,92.545,4,pop,0
51,202103,1,0.678,0.383,5,-14.101,1,0.131,0.384,1.86e-06,0.152,0.174,127.934,3,emo,1
45,101052,0,0.665,0.204,8,-13.705,0,0.0562,0.52,0.168,0.379,0.346,76.052,4,sad,0
49,318407,0,0.356,0.733,9,-7.853,0,0.0389,0.742,0.0022,0.324,0.684,156.614,3,k-pop,0
72,179404,1,0.931,0.387,1,-9.127,1,0.412,0.088,0.0,0.136,0.375,125.978,4,emo,1
56,301453,0,0.479,0.873,1,-5.896,1,0.0438,1.42e-05,0.000565,0.0974,0.816,116.71,4,grunge,1
57,352426,0,0.753,0.449,7,-7.631,1,0.0288,0.347,0.0,0.219,0.557,134.891,3,pop-film,1
52,208000,0,0.606,0.474,8,-8.498,1,0.0308,0.671,9.09e-06,0.114,0.43,94.967,4,indian,1
44,193000,0,0.577,0.481,7,-11.592,1,0.0497,0.413,6.71e-05,0.146,0.435,105.063,4,indian,0
0,171029,0,0.741,0.52,8,-7.513,1,0.0656,0.447,1.97e-06,0.222,0.347,102.998,4,pop,0
48,106002,1,0.807,0.525,5,-8.235,0,0.16,0.166,0.0,0.0829,0.575,153.9,4,emo,0
40,196200,0,0.489,0.929,11,-5.566,1,0.114,0.00139,0.0493,0.637,0.59,92.816,4,grunge,0
58,80760,0,0.755,0.251,9,-11.074,1,0.0761,0.958,0.77,0.105,0.0583,110.148,4,chill,1
55,135497,1,0.781,0.553,0,-4.277,1,0.0735,0.201,0.000233,0.383,0.308,121.968,4,emo,1
75,193260,0,0.599,0.869,5,-5.174,0,0.0618,0.000707,0.0,0.0911,0.453,132.889,4,anime,1
64,117984,0,0.888,0.245,10,-9.639,0,0.0831,0.653,0.829,0.207,0.453,113.957,4,chill,1
55,211093,0,0.501,0.927,7,-4.58,1,0.0292,0.00686,0.0,0.131,0.611,139.961,4,grunge,1
65,364786,0,0.334,0.387,2,-9.483,1,0.0332,0.755,3.94e-05,0.113,0.42,129.959,1,pop-film,1
1,232128,0,0.595,0.459,11,-9.413,1,0.0461,0.571,0.000165,0.101,0.272,129.661,4,pop,0
0,159250,0,0.79,0.724,1,-6.972,1,0.0852,0.0696,2.33e-06,0.113,0.642,101.04,4,pop,0
56,218610,0,0.427,0.399,1,-7.983,1,0.0327,0.766,1.12e-06,0.102,0.337,169.749,3,pop-film,1
61,259026,0,0.507,0.728,11,-4.874,0,0.0382,2.52e-05,7.41e-05,0.0725,0.535,138.19,4,grunge,1
0,223613,0,0.409,0.57,6,-10.54,0,0.0711,0.687,0.0,0.173,0.336,128.657,4,pop,0
48,276000,0,0.616,0.375,6,-7.464,0,0.0254,0.52,0.0,0.0636,0.47,96.351,4,k-pop,0
63,344053,0,0.496,0.462,6,-6.189,1,0.0307,0.245,0.0,0.282,0.514,167.936,4,emo,1
54,149573,1,0.748,0.49,8,-8.383,1,0.0725,0.42,0.0,0.102,0.264,145.037,4,emo,1
38,124525,0,0.364,0.072,11,-16.448,0,0.0426,0.969,0.927,0.109,0.106,74.153,4,anime,0
1,211520,0,0.513,0.906,1,-3.673,1,0.0737,0.00272,8.42e-06,0.113,0.73,173.0,4,emo,0
46,223853,0,0.578,0.595,0,-10.151,1,0.0278,0.333,0.0,0.991,0.519,84.954,4,sertanejo,0
0,184771,0,0.497,0.351,1,-9.048,0,0.0648,0.777,0.0,0.167,0.234,171.719,4,chill,0
59,151211,0,0.714,0.56,10,-4.742,1,0.0662,0.479,0.0,0.157,0.945,109.934,4,chill,1
62,91199,1,0.71,0.848,9,-5.01,0,0.194,0.322,0.0,0.159,0.572,134.894,4,sad,1
57,156521,0,0.799,0.604,1,-7.67,1,0.163,0.0837,0.0,0.117,0.634,92.004,4,sad,1
62,174134,0,0.411,0.882,1,-6.618,1,0.0556,5.65e-06,0.0147,0.298,0.531,129.848,4,grunge,1
47,134507,0,0.643,0.34,2,-13.689,1,0.118,0.943,0.911,0.665,0.217,75.99,4,sad,0
63,218906,0,0.49,0.907,3,-4.129,1,0.0693,0.045,0.0,0.293,0.418,152.023,4,grunge,1
45,196800,0,0.83,0.457,0,-11.382,1,0.0998,0.662,3.53e-05,0.291,0.203,100.024,4,sad,0
36,190866,0,0.497,0.974,6,-2.535,1,0.0688,0.000901,0.0,0.444,0.348,130.04,4,emo,0
72,196776,0,0.612,0.844,5,-4.694,0,0.0757,0.14,0.0,0.289,0.652,134.872,4,k-pop,1
82,200786,0,0.654,0.76,0,-3.669,0,0.045,0.0797,0.0,0.299,0.41,99.945,4,pop,1
68,332702,0,0.556,0.521,6,-10.811,1,0.0321,0.632,0.000582,0.102,0.355,127.956,4,pop,1
57,136419,0,0.557,0.429,6,-10.266,1,0.189,0.387,0.000478,0.192,0.596,90.574,4,chill,1
44,216960,0,0.315,0.432,4,-10.18,1,0.0316,0.577,0.0,0.109,0.572,174.8,4,sertanejo,0
45,386459,0,0.636,0.193,2,-19.498,0,0.0496,0.983,0.874,0.115,0.0731,75.993,4,anime,0
46,121874,1,0.514,0.661,2,-5.485,0,0.246,0.45,0.0,0.171,0.483,80.605,4,emo,0
44,302733,0,0.582,0.262,9,-14.212,0,0.0272,0.828,7.45e-05,0.0812,0.49,95.17,4,k-pop,0
56,189329,0,0.778,0.642,10,-6.435,1,0.137,0.149,0.0,0.106,0.786,133.04,4,chill,1
68,281520,0,0.657,0.883,9,-4.294,0,0.0733,0.0238,0.0,0.0481,0.461,129.943,4,k-pop,1
58,190163,1,0.493,0.709,7,-5.681,1,0.107,0.512,0.0,0.0858,0.399,80.064,4,chill,1
25,219666,0,0.577,0.828,9,-8.045,1,0.0383,0.000351,0.0535,0.0602,0.547,142.194,4,grunge,0
49,242808,0,0.753,0.213,11,-16.195,1,0.0476,0.158,0.0196,0.0913,0.0994,129.987,4,sad,0
51,183906,0,0.558,0.0578,8,-19.907,1,0.0337,0.921,0.961,0.0954,0.0575,80.021,4,anime,1
52,208539,0,0.406,0.336,1,-12.011,1,0.0345,0.815,5.26e-06,0.0888,0.327,149.354,3,indian,1
67,118762,0,0.767,0.745,1,-6.144,1,0.0589,0.45,0.0,0.281,0.448,97.076,4,pop,1
54,182173,0,0.486,0.403,4,-8.345,0,0.0296,0.203,0.00154,0.0677,0.16,141.85,4,anime,1
58,301267,0,0.743,0.667,5,-6.956,1,0.0519,0.746,0.706,0.135,0.943,175.558,4,pop-film,1
52,99733,1,0.732,0.678,7,-5.866,1,0.0366,0.00412,0.000747,0.0876,0.397,157.905,4,sad,1
41,159629,0,0.753,0.84,7,-4.916,1,0.257,0.0587,0.0,0.79,0.768,170.136,4,indian,0
63,221936,0,0.394,0.566,7,-7.97,1,0.0278,0.364,1.58e-06,0.0925,0.211,82.188,4,pop-film,1
47,160661,0,0.795,0.419,0,-9.294,0,0.0327,0.891,0.000722,0.111,0.494,121.049,4,emo,0
46,191392,0,0.778,0.602,4,-5.05,1,0.043,0.634,0.0,0.274,0.633,129.954,4,sertanejo,0
62,155567,0,0.616,0.557,11,-5.871,0,0.0413,0.354,1.53e-06,0.345,0.626,159.91,4,sad,1
56,188813,1,0.789,0.527,5,-5.72,1,0.0972,0.123,0.0,0.0445,0.689,81.508,4,sad,1
56,206274,0,0.715,0.799,1,-4.88,1,0.0378,0.52,2.86e-06,0.201,0.762,128.064,4,sertanejo,1
74,188573,0,0.786,0.762,1,-2.508,1,0.0519,0.0524,1.04e-05,0.0971,0.731,90.963,4,k-pop,1
14,293403,0,0.492,0.416,0,-11.569,1,0.393,0.925,0.856,0.15,0.468,67.202,3,sad,0
47,209733,0,0.781,0.602,9,-4.881,1,0.0523,0.225,4.17e-05,0.124,0.554,129.011,4,indian,0
46,164986,0,0.307,0.233,11,-15.382,1,0.0452,0.977,0.798,0.0871,0.128,83.851,4,anime,0
41,224486,0,0.563,0.212,9,-12.493,1,0.0332,0.468,4.03e-06,0.206,0.219,87.939,4,indian,0
44,193012,0,0.846,0.747,0,-5.998,0,0.0694,0.0694,0.0,0.144,0.79,128.007,4,indian,0
58,123822,0,0.684,0.829,8,-6.082,1,0.144,0.00185,0.00258,0.581,0.301,122.083,4,anime,1
45,206600,0,0.6,0.839,2,-3.487,1,0.0434,0.0902,0.0,0.0965,0.679,149.964,4,sertanejo,0
57,231500,0,0.72,0.62,7,-8.439,1,0.0284,0.738,9.93e-05,0.155,0.258,124.434,3,pop-film,1
0,216426,0,0.533,0.426,9,-9.525,0,0.0297,0.46,0.0,0.1,0.152,103.267,3,pop,0
54,296813,0,0.618,0.522,4,-7.94,0,0.0461,0.695,8.94e-06,0.0944,0.356,149.825,4,k-pop,1
71,264676,0,0.325,0.867,4,-5.53,1,0.0809,0.00548,4.33e-06,0.103,0.336,144.866,4,emo,1
66,208863,0,0.785,0.744,3,-4.249,0,0.0369,0.0149,0.00666,0.0661,0.833,126.018,4,k-pop,1
71,318226,1,0.285,0.846,2,-6.472,1,0.0438,0.0404,0.0,0.182,0.287,108.808,4,grunge,1
55,113803,1,0.694,0.529,1,-7.753,0,0.0849,0.495,0.0,0.104,0.376,84.51,4,sad,1
7,287273,0,0.403,0.209,7,-13.908,1,0.0318,0.871,8.97e-06,0.153,0.339,130.856,3,indian,0
44,150401,0,0.733,0.535,8,-5.587,1,0.206,0.355,0.0049,0.11,0.914,180.069,4,chill,0
68,286380,0,0.539,0.551,8,-7.351,1,0.0361,0.651,0.0,0.124,0.556,75.899,4,pop-film,1
60,180600,1,0.328,0.619,0,-7.136,1,0.282,0.266,1.95e-06,0.178,0.405,67.153,4,emo,1
71,164662,1,0.649,0.461,8,-8.401,1,0.0449,0.442,0.0,0.108,0.487,141.088,4,chill,1
3,190658,0,0.791,0.439,10,-5.62,1,0.0645,0.302,1.85e-05,0.126,0.559,85.004,4,pop,0
37,460225,0,0.528,0.274,7,-12.052,1,0.0729,0.379,0.54,0.142,0.0486,129.982,4,chill,0
69,253352,0,0.751,0.67,0,-4.587,1,0.267,0.0796,0.00018,0.0908,0.766,156.062,4,pop,1
69,190960,0,0.613,0.488,8,-7.37,1,0.0964,0.129,2.13e-05,0.335,0.183,172.076,4,chill,1
65,378020,0,0.652,0.732,0,-8.587,1,0.0275,0.203,0.000366,0.0739,0.577,127.043,4,pop,1
45,201742,0,0.699,0.796,2,-4.852,1,0.048,0.147,0.0,0.949,0.405,115.803,4,sertanejo,0
41,210733,0,0.66,0.943,1,-4.166,0,0.277,0.129,0.0,0.557,0.599,93.696,4,grunge,0
53,197720,0,0.716,0.171,10,-9.955,1,0.229,0.821,0.0,0.0774,0.367,113.308,3,sertanejo,1
53,248995,0,0.486,0.696,7,-5.834,1,0.0677,0.275,0.0,0.333,0.661,138.742,4,sertanejo,1
44,179962,1,0.643,0.74,7,-3.597,1,0.0575,0.64,3.73e-06,0.153,0.382,83.97,4,sad,0
41,240346,0,0.236,0.313,9,-8.731,1,0.0295,0.5,0.571,0.0885,0.136,81.468,4,anime,0
36,210333,0,0.794,0.429,8,-15.872,1,0.0995,0.0858,0.0,0.0627,0.587,109.972,4,anime,0
47,189391,0,0.714,0.666,11,-7.944,1,0.0434,0.00451,0.0001,0.42,0.619,114.95,4,indian,0
53,266440,0,0.447,0.962,7,-2.219,1,0.164,0.0146,0.0,0.076,0.461,167.055,4,anime,1
35,231843,0,0.496,0.876,3,-2.982,0,0.0414,7.62e-05,0.363,0.283,0.351,140.022,4,emo,0
36,231679,0,0.674,0.821,8,-5.928,0,0.0333,0.0243,0.000117,0.149,0.949,96.005,4,emo,0
53,175530,0,0.403,0.878,0,-5.114,1,0.142,0.0895,0.0,0.544,0.508,157.627,4,sertanejo,1
56,166808,1,0.699,0.322,1,-11.429,1,0.0634,0.214,0.0,0.0993,0.757,140.875,3,emo,1
62,306133,0,0.786,0.677,8,-8.624,1,0.183,0.172,0.000104,0.0446,0.858,94.985,4,pop-film,1
45,202546,0,0.529,0.47,0,-5.708,1,0.0276,0.505,0.0,0.17,0.605,77.255,3,sertanejo,0
37,174480,0,0.434,0.88,11,-3.792,1,0.0691,5.34e-05,0.0,0.204,0.583,157.956,4,emo,0
62,313170,0,0.588,0.283,8,-12.663,1,0.0364,0.863,0.0,0.121,0.284,82.044,4,indian,1
45,148000,0,0.608,0.522,7,-11.488,1,0.132,0.955,0.93,0.135,0.152,110.646,4,chill,0
61,167106,1,0.637,0.856,1,-5.649,1,0.0337,0.0366,0.0308,0.0809,0.285,160.068,4,emo,1
59,184888,0,0.697,0.3,9,-13.677,1,0.0368,0.425,0.000372,0.114,0.251,134.937,4,indian,1
69,196392,0,0.719,0.952,8,-3.058,0,0.0674,0.197,0.0,0.14,0.446,119.957,4,anime,1
66,244493,0,0.475,0.961,11,-1.434,1,0.0705,0.0132,0.0,0.331,0.355,94.466,4,anime,1
44,235320,0,0.403,0.567,5,-7.208,1,0.0265,0.846,0.0,0.118,0.717,96.641,4,sertanejo,0
59,616509,0,0.436,0.554,2,-6.635,1,0.0341,0.237,0.0,0.116,0.396,100.059,4,pop-film,1
54,123952,1,0.54,0.373,0,-11.886,1,0.129,0.491,0.0116,0.191,0.325,133.821,4,chill,1
47,140719,0,0.387,0.375,3,-9.172,1,0.273,0.822,0.000154,0.109,0.418,73.045,4,sad,0
49,300893,0,0.489,0.918,1,-4.502,1,0.0554,3.53e-05,7.64e-05,0.0908,0.691,116.731,4,grunge,0
60,178480,0,0.693,0.438,10,-9.452,0,0.0943,0.451,0.000277,0.107,0.191,139.873,4,chill,1
56,364286,0,0.681,0.917,8,-5.295,1,0.0573,0.343,0.0,0.663,0.772,116.03,4,indian,1
0,199773,0,0.298,0.715,2,-6.533,1,0.0696,0.00212,1.69e-06,0.242,0.242,88.035,4,grunge,0
56,194426,0,0.428,0.946,2,-4.674,1,0.102,0.000119,3.37e-06,0.141,0.358,133.26,4,grunge,1
49,228240,0,0.673,0.904,11,-3.457,1,0.0779,0.28,0.0,0.196,0.487,124.998,3,sertanejo,0
56,186070,0,0.722,0.386,11,-7.658,0,0.0541,0.0854,0.943,0.0973,0.385,160.003,4,chill,1
57,241533,0,0.547,0.335,1,-13.304,1,0.0501,0.656,0.000161,0.115,0.109,106.099,4,grunge,1
48,153802,1,0.644,0.442,1,-9.423,1,0.123,0.829,0.0,0.135,0.574,142.026,4,sad,0
60,251880,0,0.473,0.924,11,-4.297,0,0.0446,0.0132,0.0,0.184,0.41,160.017,4,grunge,1
61,368852,0,0.354,0.712,3,-6.109,0,0.0589,0.358,4.19e-05,0.274,0.238,93.345,4,pop-film,1
53,341913,0,0.423,0.542,9,-6.378,1,0.0596,0.558,0.0,0.409,0.178,147.805,4,sertanejo,1
43,281103,0,0.701,0.559,7,-12.297,0,0.0537,0.752,0.00077,0.0935,0.542,112.99,4,indian,0
67,260133,0,0.527,0.495,10,-7.783,0,0.0353,0.587,0.0,0.127,0.474,122.826,4,pop,1
45,115615,0,0.825,0.595,2,-8.201,1,0.0341,0.113,3.38e-05,0.105,0.443,128.045,4,emo,0
48,184493,0,0.396,0.974,6,-3.708,1,0.142,0.00853,0.0,0.968,0.65,160.057,4,grunge,0
64,258877,0,0.528,0.615,5,-7.118,1,0.0372,0.491,0.000111,0.104,0.225,123.988,4,k-pop,1
62,191365,1,0.716,0.553,1,-10.229,1,0.139,0.109,0.000214,0.106,0.217,112.264,4,chill,1
37,171213,0,0.246,0.995,1,-2.699,0,0.267,0.00062,0.168,0.476,0.162,139.697,3,emo,0
66,222302,0,0.643,0.513,10,-7.355,0,0.0253,0.832,0.000852,0.143,0.25,95.976,4,pop,1
57,160819,0,0.615,0.383,5,-8.575,1,0.0597,0.112,0.0,0.108,0.306,129.358,4,chill,1
57,329600,0,0.879,0.487,0,-9.441,1,0.148,0.337,0.000284,0.0706,0.338,116.991,4,pop-film,1
53,213453,0,0.344,0.567,10,-11.437,1,0.0384,0.000127,0.205,0.225,0.613,110.306,4,grunge,1
0,221306,0,0.359,0.543,7,-7.582,1,0.0915,0.492,1.57e-05,0.118,0.453,68.505,4,pop,0
0,179690,0,0.533,0.838,1,-5.625,0,0.0837,0.0251,0.0,0.318,0.722,80.049,4,emo,0
47,115680,0,0.472,0.965,7,-4.867,1,0.0497,1e-05,0.886,0.173,0.364,128.084,4,anime,0
57,232266,0,0.415,0.816,3,-3.831,1,0.0333,0.0299,2.09e-05,0.129,0.264,136.017,4,grunge,1
44,204997,0,0.677,0.645,11,-3.615,1,0.0347,0.707,0.0,0.356,0.846,107.895,4,sertanejo,0
72,207163,0,0.647,0.377,6,-6.003,1,0.0375,0.594,0.0,0.0768,0.653,79.936,4,k-pop,1
56,274500,0,0.725,0.404,9,-12.19,0,0.052,0.923,0.53,0.206,0.435,123.182,4,k-pop,1
52,318427,0,0.746,0.649,11,-10.096,0,0.0327,0.587,1.23e-05,0.134,0.654,104.984,4,k-pop,1
64,150415,0,0.706,0.297,3,-13.652,1,0.132,0.468,0.0,0.0725,0.123,104.049,4,chill,1
60,154434,0,0.898,0.435,6,-8.834,1,0.0489,0.555,0.0,0.139,0.836,115.034,4,indian,1
48,218013,0,0.508,0.886,8,-6.074,1,0.0408,0.009,2.13e-06,0.136,0.79,160.11,4,grunge,0
76,212500,1,0.842,0.801,8,-4.167,0,0.228,0.157,4.82e-06,0.0642,0.617,95.881,4,pop,1
47,239000,0,0.613,0.616,4,-5.879,1,0.0385,0.867,0.0,0.571,0.537,147.098,4,sertanejo,0
83,135090,1,0.921,0.537,9,-5.723,0,0.0804,0.556,0.00404,0.102,0.711,128.009,4,emo,1
47,190129,1,0.705,0.472,2,-8.149,0,0.0413,0.612,0.0,0.111,0.246,97.977,4,emo,0
60,230400,0,0.579,0.872,8,-5.294,1,0.0443,0.00594,0.0,0.192,0.557,115.043,4,emo,1
54,249818,0,0.588,0.372,9,-14.285,1,0.0401,0.922,0.087,0.0731,0.378,110.045,4,indian,1
44,108288,0,0.362,0.0441,11,-23.354,0,0.0341,0.985,0.000391,0.113,0.219,78.263,4,indian,0
58,341360,0,0.804,0.748,1,-14.163,0,0.0616,0.11,0.0,0.0998,0.699,131.989,4,pop-film,1
57,167272,0,0.51,0.817,1,-6.192,1,0.0474,0.0263,0.0,0.355,0.159,82.466,4,emo,1
48,232164,0,0.22,0.433,8,-9.075,0,0.0323,0.715,2.88e-06,0.129,0.22,80.004,4,pop-film,0
67,112520,1,0.583,0.573,2,-7.396,1,0.0348,0.00214,0.0,0.152,0.129,87.922,4,emo,1
67,204659,0,0.873,0.0903,8,-26.551,0,0.071,0.911,0.112,0.105,0.785,121.981,4,sad,1
68,150000,1,0.649,0.538,0,-9.793,0,0.0918,0.0483,0.401,0.0928,0.355,160.075,4,emo,1
53,217546,0,0.374,0.972,0,-2.306,0,0.105,7.92e-05,0.0,0.0706,0.627,194.091,4,anime,1
62,293893,0,0.874,0.412,0,-5.746,0,0.0313,0.035,0.00684,0.102,0.56,105.019,4,k-pop,1
52,243733,0,0.509,0.889,7,-2.174,1,0.0435,0.0805,2.06e-05,0.183,0.859,158.006,4,anime,1
59,172493,0,0.678,0.558,2,-8.235,1,0.0526,0.573,0.0,0.105,0.574,147.98,4,chill,1
56,172572,0,0.426,0.563,6,-6.366,1,0.0377,0.345,0.0,0.423,0.668,117.543,4,sertanejo,1
46,82314,0,0.445,0.23,4,-11.063,0,0.0409,0.968,0.0,0.102,0.492,83.336,5,indian,0
60,180211,0,0.533,0.831,5,-3.696,1,0.0609,0.00804,0.0,0.0975,0.741,96.091,4,emo,1
60,168870,0,0.501,0.481,10,-5.554,1,0.0959,0.443,0.0,0.0899,0.446,93.044,4,chill,1
44,202314,1,0.823,0.441,9,-11.666,1,0.334,0.332,2.48e-06,0.0604,0.534,120.854,4,indian,0
40,197694,0,0.72,0.243,11,-12.47,0,0.0352,0.95,0.000618,0.107,0.33,136.009,3,indian,0
46,200489,0,0.662,0.911,7,-6.054,1,0.106,0.467,0.0,0.319,0.872,180.038,4,sertanejo,0
56,252565,0,0.657,0.652,10,-7.247,1,0.05,0.37,0.0,0.238,0.665,109.885,4,k-pop,1
5,307014,0,0.71,0.625,6,-9.008,0,0.0295,0.029,1.1e-05,0.108,0.784,140.994,4,pop,0
60,125753,1,0.652,0.643,0,-9.933,1,0.0543,0.207,0.0,0.3,0.536,95.032,4,sad,1
66,242341,0,0.622,0.46,7,-8.389,0,0.0372,0.14,0.000369,0.119,0.514,183.241,4,chill,1
52,193733,0,0.611,0.525,7,-9.683,1,0.0354,0.767,0.799,0.112,0.299,113.946,4,indian,1
60,77754,0,0.476,0.0792,4,-28.425,0,0.0304,0.707,0.862,0.343,0.138,56.997,4,anime,1
62,142988,1,0.7,0.509,7,-10.055,0,0.11,0.233,0.0,0.0815,0.633,87.999,4,sad,1
64,294000,0,0.719,0.484,7,-9.666,1,0.0323,0.697,0.00198,0.121,0.547,119.948,4,pop-film,1
56,277320,0,0.339,0.932,1,-2.419,0,0.118,0.00583,6.3e-06,0.273,0.486,182.808,4,anime,1
58,249730,0,0.595,0.688,2,-6.391,1,0.0386,0.516,0.0,0.0842,0.866,91.979,4,pop-film,1
43,141176,0,0.661,0.409,1,-12.402,0,0.204,0.59,0.000929,0.268,0.128,85.081,4,chill,0
49,182520,0,0.829,0.885,9,-3.672,0,0.213,0.392,0.0,0.0653,0.674,125.098,4,anime,0
69,123186,0,0.786,0.37,6,-16.84,0,0.0695,0.768,0.373,0.139,0.18,101.966,4,sad,1
65,256678,0,0.858,0.833,5,-3.747,0,0.0471,0.375,0.0,0.112,0.693,107.977,4,pop,1
65,135000,1,0.859,0.545,9,-9.39,1,0.248,0.853,0.0,0.0928,0.722,128.0,4,chill,1
67,250093,0,0.446,0.657,7,-4.494,1,0.0262,0.0022,0.0,0.189,0.215,152.132,3,grunge,1
60,293893,0,0.874,0.412,0,-5.746,0,0.0313,0.035,0.00684,0.102,0.56,105.019,4,k-pop,1
44,206250,0,0.472,0.296,1,-11.846,0,0.0525,0.832,1.78e-05,0.247,0.0959,103.945,4,chill,0
55,235586,0,0.328,0.937,1,-2.249,0,0.36,0.00528,5.73e-05,0.365,0.514,184.696,4,anime,1
55,225106,0,0.593,0.967,7,-4.26,0,0.182,0.105,2.77e-06,0.314,0.287,93.916,4,grunge,1
62,240590,0,0.343,0.499,6,-5.121,1,0.0387,0.665,0.0,0.119,0.104,131.076,4,k-pop,1
3,118492,0,0.627,0.117,8,-21.584,1,0.0376,0.979,0.926,0.264,0.382,68.845,4,anime,0
50,312820,0,0.66,0.675,0,-7.764,1,0.0366,0.545,1.93e-05,0.145,0.632,81.498,4,indian,1
44,242320,0,0.478,0.794,0,-4.652,1,0.0383,0.444,0.0,0.869,0.5,108.898,3,sertanejo,0
56,127058,0,0.794,0.731,9,-5.379,0,0.0423,0.0166,0.0,0.155,0.862,140.021,4,sad,1
62,340399,0,0.552,0.75,10,-5.215,0,0.039,0.445,7.37e-05,0.291,0.4,89.999,4,pop-film,1
52,261000,0,0.591,0.828,7,-10.309,0,0.0539,0.138,1.38e-06,0.323,0.881,89.981,4,k-pop,1
61,292826,0,0.545,0.472,11,-8.259,0,0.0311,0.294,0.0,0.0871,0.195,129.988,3,pop-film,1
62,328052,0,0.792,0.63,0,-6.741,1,0.0682,0.102,0.0,0.0758,0.659,100.022,4,pop-film,1
71,299333,0,0.486,0.898,9,-3.791,1,0.171,0.309,0.0,0.0886,0.648,88.335,4,pop,1
73,341054,0,0.562,0.519,3,-8.744,1,0.0326,0.557,0.000268,0.172,0.415,122.925,4,k-pop,1
59,209719,0,0.6,0.639,11,-7.705,0,0.0388,0.00062,1.85e-06,0.249,0.513,119.962,4,grunge,1
63,206858,0,0.644,0.87,10,-4.816,1,0.0394,0.193,0.0,0.549,0.702,125.998,4,pop-film,1
34,258252,0,0.353,0.748,3,-3.572,1,0.0414,8.2e-05,0.0,0.113,0.218,125.106,4,grunge,0
60,274947,0,0.536,0.623,7,-7.856,1,0.0743,0.693,2.04e-06,0.137,0.398,79.915,4,pop-film,1
56,209226,0,0.472,0.929,7,-3.162,1,0.156,0.0197,0.0,0.345,0.481,165.104,4,anime,1
34,169115,1,0.826,0.617,8,-5.815,1,0.0683,0.0115,0.0,0.102,0.563,107.971,4,emo,0
0,127346,1,0.731,0.479,9,-6.438,1,0.0464,0.242,0.0,0.143,0.755,97.997,4,sad,0
65,150566,0,0.702,0.677,1,-6.944,1,0.241,0.0475,0.0,0.166,0.737,105.923,4,pop,1
57,157903,1,0.73,0.61,8,-7.784,0,0.238,0.373,0.0,0.144,0.8,146.572,4,emo,1
48,191680,0,0.464,0.819,5,-4.984,1,0.168,0.399,0.0,0.896,0.54,79.849,4,sertanejo,0
43,286466,0,0.326,0.871,8,-3.626,1,0.0552,0.000111,0.0,0.281,0.39,150.172,4,grunge,0
59,320417,0,0.776,0.795,0,-5.454,1,0.0485,0.121,0.0,0.138,0.569,117.989,4,pop-film,1
38,306994,0,0.511,0.468,7,-8.218,0,0.0305,0.762,0.0,0.0869,0.353,139.97,4,indian,0
47,159823,0,0.77,0.648,7,-4.093,0,0.047,0.47,0.0,0.164,0.768,113.067,4,sertanejo,0
48,176873,0,0.641,0.818,7,-7.075,1,0.0557,0.461,0.0,0.24,0.798,160.031,4,sertanejo,0
77,186022,1,0.504,0.788,3,-4.113,0,0.215,0.0134,0.0,0.363,0.228,170.039,4,pop,1
61,170482,0,0.646,0.491,8,-13.106,1,0.0443,0.465,0.18,0.0834,0.68,145.033,4,sad,1
54,109241,0,0.672,0.285,1,-7.031,1,0.0474,0.241,0.905,0.25,0.454,145.0,4,chill,1
67,299733,0,0.552,0.645,7,-6.595,1,0.0268,0.00187,1.38e-06,0.0424,0.588,89.518,4,grunge,1
5,187720,0,0.764,0.685,8,-5.548,0,0.0599,0.27,0.0,0.318,0.925,82.027,4,pop,0
63,384256,0,0.712,0.422,6,-10.688,1,0.046,0.307,1.71e-05,0.067,0.772,80.014,4,k-pop,1
46,121874,1,0.514,0.661,2,-5.485,0,0.246,0.45,0.0,0.171,0.483,80.605,4,sad,0
53,169711,0,0.741,0.704,4,-5.13,1,0.0468,0.582,0.0,0.456,0.781,107.925,4,sertanejo,1
68,299146,0,0.695,0.293,11,-16.278,0,0.0431,0.596,0.0158,0.132,0.637,143.804,4,pop,1
69,232150,0,0.751,0.719,6,-5.198,0,0.0373,0.142,0.0,0.148,0.437,98.01,4,k-pop,1
45,199522,0,0.584,0.805,11,-4.048,0,0.033,0.398,0.0,0.704,0.742,101.96,4,sertanejo,0
44,189800,0,0.544,0.935,6,-4.159,0,0.173,0.0171,0.00301,0.297,0.339,103.026,4,grunge,0
56,362662,0,0.554,0.882,6,-5.018,0,0.0488,0.091,2.8e-06,0.368,0.627,96.958,4,pop-film,1
57,148009,1,0.824,0.467,6,-11.557,1,0.231,0.279,0.0,0.103,0.559,146.072,4,chill,1
56,346720,0,0.774,0.934,5,-6.422,1,0.0516,0.118,0.00284,0.0897,0.882,105.968,4,pop-film,1
58,205435,0,0.603,0.64,0,-5.601,1,0.0318,0.258,0.0,0.349,0.699,129.988,4,k-pop,1
45,421266,0,0.511,0.662,7,-9.704,0,0.0414,0.562,0.0,0.348,0.858,107.245,4,k-pop,0
61,269120,0,0.455,0.918,1,-4.503,1,0.141,0.000732,0.0,0.249,0.498,96.513,4,anime,1
61,187000,0,0.807,0.767,0,-3.643,1,0.0777,0.0308,0.0,0.285,0.855,110.994,4,k-pop,1
1,194087,0,0.701,0.425,7,-10.965,1,0.375,0.328,0.13,0.1,0.562,135.128,4,pop,0
47,188571,0,0.714,0.579,0,-6.087,1,0.0316,0.218,0.0,0.358,0.256,140.006,4,indian,0
3,351225,0,0.567,0.816,11,-4.025,0,0.048,0.789,0.0,0.331,0.899,92.521,4,pop-film,0
46,455000,0,0.6,0.72,9,-7.667,0,0.0466,0.62,1.98e-05,0.0594,0.585,94.95,4,k-pop,0
48,195880,0,0.514,0.675,9,-9.413,1,0.0361,0.679,0.0,0.63,0.861,173.953,4,sertanejo,0
44,205306,0,0.431,0.894,2,-6.136,1,0.0506,0.194,8.15e-05,0.631,0.914,167.563,3,sertanejo,0
50,233826,0,0.418,0.293,8,-11.182,0,0.0285,0.812,0.000131,0.106,0.133,137.747,3,indian,1
37,224212,0,0.485,0.776,8,-5.258,0,0.0288,0.0177,0.0,0.174,0.866,174.075,4,emo,0
8,279923,0,0.71,0.149,7,-19.431,0,0.185,0.972,0.911,0.321,0.542,142.002,4,chill,0
47,258360,0,0.416,0.614,9,-7.044,0,0.0392,0.727,0.156,0.274,0.301,80.371,4,anime,0
50,293760,0,0.466,0.62,5,-12.439,0,0.0503,0.0505,6.52e-05,0.0552,0.785,81.146,4,k-pop,1
59,180047,0,0.876,0.473,2,-8.44,1,0.107,0.0119,0.0,0.0806,0.189,127.933,4,chill,1
51,188102,0,0.498,0.93,9,-3.958,0,0.131,0.0793,0.0,0.754,0.427,159.833,4,sertanejo,1
0,261293,0,0.432,0.706,5,-5.061,1,0.0426,0.00108,0.0,0.378,0.29,136.981,4,grunge,0
34,190960,0,0.365,0.952,11,-3.912,1,0.372,0.0417,0.0,0.113,0.123,192.749,4,emo,0
43,322786,0,0.756,0.796,11,-6.333,0,0.0646,0.218,0.0114,0.286,0.438,99.993,4,k-pop,0
63,181394,0,0.66,0.721,11,-5.907,1,0.505,0.221,0.0,0.173,0.61,181.842,4,pop,1
62,214470,0,0.549,0.437,10,-7.169,0,0.0263,0.766,0.000407,0.133,0.236,93.976,4,pop-film,1
66,219428,1,0.719,0.651,7,-5.872,1,0.0274,0.127,0.0,0.0762,0.289,104.956,4,sad,1
65,236955,0,0.596,0.307,2,-11.604,1,0.0405,0.816,0.0,0.133,0.397,143.979,3,pop,1
49,163875,0,0.62,0.269,0,-19.153,1,0.0957,0.0749,8.72e-06,0.64,0.159,85.014,4,indian,0
37,172660,1,0.64,0.556,1,-9.781,1,0.0612,0.491,0.0,0.107,0.333,139.877,4,emo,0
45,181826,0,0.543,0.915,0,-3.982,1,0.0663,0.482,0.0,0.323,0.501,131.402,4,sertanejo,0
72,132158,0,0.701,0.638,6,-3.711,1,0.302,0.492,0.0,0.153,0.813,177.867,4,pop-film,1
45,299680,0,0.667,0.377,6,-14.625,1,0.0282,0.628,9.51e-05,0.0294,0.81,88.734,3,k-pop,0
67,233630,0,0.512,0.695,4,-6.349,1,0.0271,0.0265,0.00815,0.146,0.351,145.957,4,indian,1
59,222271,0,0.495,0.754,9,-5.168,1,0.0514,0.581,0.0,0.771,0.599,155.612,4,sertanejo,1
67,228759,0,0.749,0.961,8,-6.518,0,0.0874,0.00512,0.0,0.175,0.859,116.037,4,k-pop,1
61,80718,0,0.738,0.517,7,-9.416,0,0.0696,0.72,0.0439,0.168,0.238,119.024,4,sad,1
59,200646,1,0.591,0.546,2,-6.566,0,0.156,0.12,1.33e-06,0.0964,0.305,83.7,4,chill,1
44,190716,0,0.728,0.838,1,-2.758,1,0.0885,0.345,0.0,0.342,0.656,130.082,4,sertanejo,0
47,292453,0,0.748,0.98,8,-4.821,1,0.0611,0.374,0.0546,0.087,0.887,131.037,4,k-pop,0
47,95108,0,0.483,0.24,9,-18.583,0,0.0883,0.919,0.726,0.155,0.506,95.164,3,sad,0
61,274586,0,0.727,0.833,0,-3.384,1,0.0443,0.065,0.0,0.122,0.525,99.985,4,anime,1
63,248202,0,0.828,0.61,1,-4.23,1,0.0528,0.00544,0.0,0.158,0.311,126.011,4,k-pop,1
36,146209,1,0.6,0.969,1,-1.891,1,0.32,0.245,0.0,0.0857,0.577,95.078,4,emo,0
45,111160,0,0.169,0.241,9,-12.577,1,0.0357,0.586,0.942,0.0665,0.0734,125.408,5,anime,0
45,192428,1,0.826,0.349,2,-7.909,1,0.0468,0.556,0.0,0.11,0.73,140.037,4,sad,0
58,126000,1,0.591,0.694,10,-9.48,1,0.0597,0.315,0.0,0.472,0.51,86.001,4,sad,1
60,215647,0,0.602,0.483,1,-10.294,0,0.209,0.705,2.76e-06,0.0879,0.237,85.117,4,chill,1
49,272613,0,0.621,0.717,6,-5.096,0,0.0853,0.384,0.0,0.193,0.591,146.984,4,anime,0
0,170964,0,0.438,0.178,5,-9.402,1,0.0414,0.957,1.1e-06,0.316,0.344,75.25,1,pop,0
0,170344,0,0.813,0.415,0,-5.926,1,0.0349,0.777,0.0,0.131,0.667,91.921,4,chill,0
50,188560,1,0.754,0.517,11,-7.598,1,0.0368,0.587,0.0,0.0971,0.299,120.061,4,sad,1
64,136493,0,0.428,0.684,0,-10.044,1,0.0475,1.16e-05,0.000156,0.0744,0.419,141.336,4,grunge,1
53,134885,0,0.607,0.497,4,-12.053,0,0.209,0.828,0.0,0.105,0.517,147.965,4,emo,1
63,249475,1,0.77,0.58,4,-6.371,1,0.0461,0.0136,0.0,0.111,0.202,115.98,4,sad,1
46,271304,0,0.762,0.634,0,-7.981,0,0.0566,0.0152,0.0115,0.0985,0.198,92.063,4,indian,0
58,164082,1,0.492,0.712,9,-7.278,0,0.691,0.564,9.1e-05,0.357,0.23,137.453,3,emo,1
42,231000,0,0.632,0.362,5,-13.499,1,0.0348,0.624,0.000194,0.108,0.299,78.968,4,indian,0
33,109560,0,0.37,0.845,8,-8.562,1,0.0588,0.0356,0.938,0.177,0.189,104.488,4,anime,0
42,198000,0,0.596,0.259,1,-12.273,0,0.11,0.626,2.42e-05,0.053,0.438,94.736,4,indian,0
52,186993,0,0.584,0.673,10,-5.453,1,0.0272,0.572,0.0,0.493,0.531,104.994,4,sertanejo,1
73,184905,1,0.758,0.598,0,-5.695,0,0.0868,0.16,0.0,0.295,0.658,149.836,4,pop,1
40,143528,0,0.656,0.301,0,-14.382,0,0.0391,0.859,3.73e-06,0.099,0.272,149.87,4,chill,0
65,109295,1,0.732,0.483,6,-13.656,1,0.13,0.742,0.326,0.107,0.464,126.053,4,sad,1
89,174000,0,0.548,0.816,0,-4.209,1,0.0465,0.122,0.0,0.335,0.557,95.39,4,pop,1
47,218546,1,0.395,0.976,7,-4.553,1,0.137,0.00735,0.000222,0.379,0.334,184.011,4,grunge,0
63,273440,0,0.49,0.774,0,-5.436,0,0.0604,0.00305,8.16e-05,0.12,0.297,153.048,4,grunge,1
53,82191,0,0.522,0.258,6,-17.35,1,0.0361,0.84,0.0541,0.108,0.0862,127.473,1,sad,1
43,132011,0,0.422,0.236,2,-16.442,0,0.261,0.939,0.337,0.203,0.313,185.693,4,sad,0
54,217237,0,0.874,0.514,5,-9.928,0,0.296,0.0635,0.0,0.0933,0.457,144.046,4,anime,1
45,182760,0,0.565,0.948,5,-4.574,1,0.0484,0.173,0.0,0.819,0.863,176.803,4,sertanejo,0
3,269186,0,0.773,0.82,0,-5.897,0,0.115,0.394,0.0,0.0739,0.555,92.996,4,pop,0
55,203293,0,0.64,0.416,2,-7.897,1,0.0265,0.435,8.82e-06,0.123,0.343,106.008,4,chill,1
60,164154,1,0.655,0.676,5,-5.959,0,0.0378,0.484,0.0,0.212,0.827,141.989,4,sad,1
46,290720,0,0.413,0.694,0,-7.984,1,0.0562,0.00286,0.00172,0.845,0.276,159.982,4,grunge,0
34,241266,0,0.506,0.943,8,-5.23,1,0.104,0.000111,0.0,0.119,0.273,124.92,4,emo,0
0,173947,1,0.905,0.563,8,-6.135,1,0.102,0.0254,9.71e-06,0.113,0.324,106.998,4,k-pop,0
50,208535,0,0.732,0.908,2,-6.998,1,0.0547,0.578,0.0,0.442,0.823,112.385,4,sertanejo,1
64,133267,0,0.793,0.215,9,-16.636,0,0.24,0.733,0.0426,0.143,0.335,100.141,4,chill,1
44,205627,0,0.731,0.599,0,-4.286,1,0.0332,0.367,0.0,0.0925,0.504,106.989,4,sertanejo,0
56,250866,0,0.813,0.696,10,-6.243,1,0.0363,0.122,0.0,0.104,0.521,119.96,4,pop-film,1
71,194840,0,0.812,0.807,9,-3.354,1,0.339,0.11,0.0,0.211,0.4,136.979,4,k-pop,1
71,209648,0,0.806,0.707,7,-4.623,1,0.0307,0.331,0.0,0.294,0.746,118.009,4,k-pop,1
45,258069,0,0.575,0.394,10,-9.913,1,0.0238,0.357,2.05e-05,0.153,0.271,94.936,4,indian,0
63,97436,1,0.824,0.459,0,-12.061,0,0.42,0.24,1.06e-06,0.139,0.4,137.999,4,chill,1
24,216103,1,0.604,0.98,9,-2.42,1,0.0505,5.98e-05,0.000519,0.162,0.518,120.095,4,grunge,0
62,288964,0,0.519,0.463,6,-8.88,0,0.0264,0.327,0.0,0.106,0.224,94.965,4,pop-film,1
53,135483,1,0.786,0.393,5,-9.505,1,0.0436,0.7,0.0,0.0846,0.863,93.062,4,chill,1
46,183092,0,0.655,0.892,8,-5.792,1,0.0771,0.0202,0.0917,0.321,0.486,97.01,4,indian,0
56,156143,1,0.87,0.645,0,-7.833,1,0.274,0.238,1.26e-05,0.293,0.739,122.975,4,sad,1
78,206550,1,0.72,0.825,5,-3.627,0,0.0424,0.689,0.0,0.103,0.789,100.008,4,emo,1
66,174039,0,0.299,0.447,3,-7.862,0,0.0383,0.858,0.000314,0.097,0.321,121.723,4,pop-film,1
17,98242,0,0.432,0.526,4,-12.49,0,0.0612,0.0513,0.000105,0.0887,0.251,129.56,4,anime,0
65,301448,0,0.62,0.265,9,-10.409,0,0.0345,0.281,1.02e-05,0.114,0.169,106.022,3,chill,1
58,121500,0,0.723,0.304,10,-15.227,0,0.052,0.744,0.0224,0.107,0.271,80.006,4,chill,1
0,186826,0,0.557,0.924,9,-4.341,0,0.064,0.0271,3.32e-06,0.537,0.566,151.988,4,emo,0
42,306887,0,0.371,0.519,0,-7.567,1,0.0286,0.303,0.0,0.2,0.091,180.772,4,indian,0
66,156250,0,0.783,0.589,7,-8.32,1,0.0381,0.677,0.0685,0.108,0.326,107.494,4,sad,1
74,156578,1,0.792,0.793,5,-6.185,0,0.0841,0.0872,0.0,0.22,0.775,123.031,4,k-pop,1
53,201246,0,0.472,0.88,4,-5.246,0,0.0926,0.00314,1.46e-05,0.1,0.43,125.026,4,indian,1
46,54381,0,0.397,0.308,6,-7.512,0,0.17,0.604,0.0,0.364,0.509,46.592,3,indian,0
0,181365,0,0.639,0.656,7,-6.581,0,0.0421,0.118,2.76e-06,0.0841,0.382,93.129,4,chill,0
48,179562,0,0.322,0.756,2,-5.167,1,0.0532,0.0775,0.0,0.793,0.501,140.934,4,sertanejo,0
62,261974,0,0.529,0.451,5,-6.25,0,0.025,0.788,0.0,0.122,0.309,94.054,4,pop-film,1
47,169404,0,0.654,0.894,1,-4.248,0,0.0811,0.518,0.0,0.216,0.88,181.929,4,sertanejo,0
56,363560,0,0.668,0.719,8,-6.897,0,0.0898,0.0699,0.0,0.118,0.567,91.962,4,pop-film,1
67,264915,0,0.568,0.511,9,-8.57,1,0.0351,0.119,0.0,0.123,0.134,117.972,4,pop-film,1
65,198080,0,0.633,0.775,6,-3.747,1,0.0413,0.348,0.0,0.612,0.486,134.093,4,k-pop,1
58,147461,0,0.558,0.625,7,-5.253,1,0.0359,0.0146,2.87e-05,0.328,0.293,171.934,4,sad,1
66,212412,0,0.73,0.58,0,-7.976,1,0.124,0.0399,2.48e-05,0.0703,0.55,167.915,4,pop,1
46,173845,0,0.654,0.885,0,-2.699,1,0.0672,0.0611,0.0,0.464,0.808,179.958,4,sertanejo,0
0,203064,0,0.702,0.825,6,-3.787,0,0.0601,0.00883,0.0,0.0674,0.915,102.977,4,pop,0
36,134453,0,0.398,0.955,2,-3.627,1,0.0569,0.0048,0.0,0.0833,0.665,143.729,4,emo,0
65,243591,0,0.41,0.455,4,-8.071,1,0.0316,0.731,0.0,0.185,0.361,90.993,4,pop-film,1
52,179760,0,0.407,0.875,9,-4.841,0,0.0433,0.0234,0.0,0.144,0.483,164.926,4,grunge,1
46,332558,0,0.531,0.837,1,-7.346,0,0.056,0.766,0.0,0.359,0.776,96.317,4,k-pop,0
60,240120,0,0.366,0.869,11,-3.316,0,0.0387,0.0207,0.0,0.254,0.384,138.051,4,grunge,1
4,262509,1,0.655,0.344,7,-12.051,1,0.124,0.746,0.0109,0.112,0.356,128.032,4,indian,0
42,246000,0,0.558,0.398,2,-8.19,0,0.0564,0.898,7.81e-06,0.0947,0.171,80.217,4,indian,0
48,161342,0,0.707,0.861,9,-5.653,1,0.178,0.0762,0.0,0.324,0.7,110.084,4,emo,0
68,260536,0,0.716,0.64,2,-8.726,1,0.025,0.565,0.00139,0.127,0.485,105.012,4,pop-film,1
42,303000,0,0.401,0.272,7,-11.872,0,0.0498,0.311,1.18e-06,0.147,0.0927,179.887,3,pop,0
80,182757,0,0.581,0.8,1,-2.613,1,0.411,0.154,0.0,0.0697,0.709,119.872,5,k-pop,1
39,230205,0,0.472,0.762,5,-6.388,1,0.0469,0.00198,0.87,0.115,0.513,150.119,4,emo,0
33,366106,0,0.658,0.907,1,-4.429,0,0.3,0.285,3.13e-05,0.0644,0.42,86.776,4,anime,0
61,213288,0,0.629,0.528,10,-11.374,1,0.0247,0.791,0.000222,0.0617,0.397,93.982,4,pop-film,1
59,227191,0,0.655,0.756,8,-4.388,1,0.07,0.0298,0.0,0.396,0.469,121.936,4,k-pop,1
53,126000,1,0.807,0.588,6,-9.476,1,0.198,0.835,0.0,0.0936,0.661,89.931,4,sad,1
52,353800,0,0.463,0.514,5,-5.031,0,0.0301,0.141,0.0,0.37,0.41,149.951,4,anime,1
25,204026,0,0.379,0.903,0,-4.812,0,0.0351,7.51e-05,1.98e-05,0.0933,0.687,168.975,4,grunge,0
53,225197,1,0.761,0.654,5,-7.326,0,0.214,0.0908,0.0,0.0709,0.469,145.063,4,emo,1
48,234853,0,0.39,0.792,0,-4.178,1,0.0593,0.558,0.0,0.888,0.496,152.093,4,sertanejo,0
48,202034,0,0.596,0.77,7,-5.921,0,0.11,0.446,0.0,0.12,0.654,150.09,4,sertanejo,0
56,213653,1,0.461,0.958,4,-3.852,0,0.124,0.000203,9.33e-06,0.459,0.264,159.974,4,grunge,1
77,162600,0,0.554,0.978,4,-3.554,1,0.131,0.111,0.0,0.0731,0.594,135.095,4,grunge,1
54,222266,0,0.395,0.648,9,-7.372,1,0.027,0.0407,8.25e-05,0.0868,0.246,80.286,4,grunge,1
36,213129,1,0.636,0.522,1,-9.603,1,0.247,0.034,0.0,0.141,0.325,161.988,4,emo,0
32,260506,1,0.47,0.975,10,-3.54,1,0.167,0.000228,0.0507,0.0821,0.309,127.911,4,anime,0
50,61276,0,0.609,0.631,0,-7.792,1,0.0384,0.522,2.82e-05,0.102,0.48,94.039,4,indian,1
58,124500,0,0.628,0.329,9,-13.577,1,0.104,0.8,0.0855,0.256,0.407,79.976,4,chill,1
54,236396,0,0.7,0.595,3,-7.066,1,0.0351,0.0996,0.0,0.0788,0.354,113.022,4,chill,1
26,236399,1,0.329,0.933,0,-4.081,1,0.0456,2.45e-05,0.0021,0.0713,0.487,101.559,4,grunge,0
34,233487,1,0.793,0.511,9,-6.583,1,0.122,0.0332,0.0,0.245,0.244,140.004,4,emo,0
40,209415,1,0.852,0.342,9,-5.677,1,0.252,0.792,0.0,0.121,0.507,85.035,4,sad,0
44,316986,0,0.825,0.763,6,-7.916,1,0.0742,0.291,1.73e-05,0.58,0.766,119.98,4,indian,0
57,138007,1,0.789,0.685,9,-10.596,1,0.914,0.635,0.0,0.0843,0.533,160.04,4,sad,1
72,341933,0,0.702,0.86,7,-3.969,1,0.0345,0.361,1.33e-06,0.133,0.829,120.042,4,pop-film,1
57,251213,0,0.547,0.978,8,-2.732,1,0.254,0.0626,0.0,0.0735,0.647,94.703,4,anime,1
62,227796,1,0.794,0.504,6,-5.95,1,0.0588,0.00898,0.0,0.0997,0.362,117.931,4,sad,1
45,267906,0,0.657,0.752,7,-6.353,0,0.0324,0.616,0.0,0.0893,0.523,148.06,4,sertanejo,0
63,225785,0,0.397,0.166,9,-10.678,1,0.0349,0.884,0.0,0.1,0.131,134.708,4,k-pop,1
3,193143,0,0.887,0.388,8,-14.505,1,0.349,0.739,0.143,0.106,0.205,120.035,4,pop,0
50,209506,0,0.535,0.8,11,-3.593,0,0.0442,0.255,0.0,0.45,0.422,159.991,3,sertanejo,1
48,149464,0,0.803,0.826,7,-3.66,1,0.047,0.433,0.0,0.356,0.751,110.009,4,sertanejo,0
82,229525,0,0.689,0.481,10,-7.503,1,0.0815,0.369,1.03e-06,0.0649,0.283,80.025,4,pop,1
38,196884,0,0.64,0.64,5,-5.995,1,0.0291,0.0333,0.0275,0.241,0.437,108.018,4,grunge,0
59,238663,0,0.841,0.599,0,-6.278,1,0.0468,0.114,0.00806,0.0465,0.668,105.006,4,k-pop,1
0,175238,1,0.561,0.965,7,-3.673,0,0.0343,0.00383,7.07e-06,0.371,0.304,128.04,4,pop,0
48,210405,0,0.677,0.454,2,-8.555,0,0.0673,0.83,8.55e-05,0.274,0.273,80.045,4,chill,0
44,201341,0,0.415,0.693,7,-4.493,1,0.111,0.377,0.0,0.185,0.346,159.933,4,sertanejo,0
79,248826,0,0.422,0.302,11,-9.214,1,0.0372,0.629,7.83e-05,0.104,0.123,114.089,4,pop,1
51,150093,0,0.826,0.449,8,-8.294,1,0.0709,0.555,0.0,0.219,0.962,84.012,4,sad,1
44,195354,0,0.769,0.854,2,-4.601,1,0.0386,0.357,0.0,0.888,0.71,126.94,4,sertanejo,0
49,122285,0,0.54,0.442,4,-11.105,0,0.0291,0.43,0.938,0.38,0.278,140.054,4,anime,0
65,130815,0,0.694,0.339,7,-13.464,1,0.0378,0.514,0.0,0.133,0.221,89.95,4,pop,1
68,290526,0,0.687,0.633,8,-9.552,1,0.141,0.119,0.0,0.291,0.567,151.996,4,pop,1
63,251402,0,0.541,0.512,9,-10.203,1,0.0291,0.74,0.000528,0.162,0.203,120.036,4,pop-film,1
58,315653,0,0.615,0.748,10,-8.788,0,0.0948,0.412,0.000288,0.0621,0.505,135.071,4,pop-film,1
65,188066,0,0.548,0.888,1,-4.861,0,0.0362,0.000902,0.00172,0.0943,0.655,115.993,4,emo,1
49,230191,0,0.719,0.812,1,-7.493,0,0.0421,0.296,7.81e-06,0.0892,0.684,119.996,4,k-pop,0
57,307893,0,0.272,0.926,5,-6.754,0,0.114,3.13e-05,0.771,0.308,0.24,140.01,4,anime,1
43,284773,0,0.756,0.896,5,-6.838,1,0.125,0.271,3.28e-06,0.037,0.921,147.87,4,indian,0
55,275786,1,0.483,0.862,11,-3.864,0,0.0857,0.00577,0.0,0.227,0.449,124.025,4,grunge,1
55,251988,0,0.583,0.616,7,-9.486,1,0.243,0.201,2.32e-06,0.0367,0.719,103.466,3,pop-film,1
84,119133,1,0.872,0.391,0,-9.144,0,0.242,0.469,4.13e-06,0.297,0.437,134.021,4,emo,1
84,244960,0,0.748,0.524,8,-5.599,1,0.0338,0.414,0.0,0.111,0.661,95.01,4,pop,1
62,76040,0,0.485,0.345,3,-8.763,1,0.0284,0.759,0.0,0.381,0.411,108.407,4,pop-film,1
57,85123,0,0.557,0.338,5,-9.892,1,0.0257,0.134,0.00184,0.14,0.689,140.935,4,emo,1
86,173947,1,0.905,0.563,8,-6.135,1,0.102,0.0254,9.71e-06,0.113,0.324,106.998,4,k-pop,1
65,140800,0,0.681,0.549,5,-10.269,0,0.399,0.66,0.0,0.0936,0.549,106.652,5,pop,1
50,186469,0,0.475,0.686,2,-5.033,1,0.0405,0.762,0.0,0.127,0.509,94.756,4,sertanejo,1
60,204040,0,0.565,0.334,4,-13.626,1,0.0309,0.85,0.0,0.632,0.64,124.193,4,pop-film,1
75,210560,0,0.664,0.666,8,-2.203,1,0.0446,0.193,0.0,0.0854,0.405,139.987,4,k-pop,1
46,258088,0,0.484,0.374,7,-12.881,0,0.0301,0.285,9.79e-05,0.102,0.497,149.833,4,k-pop,0
71,173846,1,0.61,0.609,9,-7.193,1,0.0372,0.663,0.0,0.61,0.659,78.009,4,sad,1
62,227466,0,0.476,0.706,1,-7.839,0,0.0289,0.379,0.000242,0.877,0.368,114.858,4,grunge,1
68,282208,0,0.575,0.577,7,-6.674,1,0.0432,0.451,3.98e-06,0.264,0.157,90.012,4,pop,1
70,351587,0,0.527,0.525,1,-8.106,1,0.0337,0.876,1.41e-05,0.172,0.257,99.638,4,pop-film,1
59,329240,0,0.449,0.824,4,-6.567,0,0.0403,5.18e-05,0.0337,0.368,0.223,114.907,4,grunge,1
53,205280,0,0.15,0.895,4,-5.159,0,0.0809,0.00101,0.765,0.131,0.299,180.338,4,anime,1
62,242292,0,0.571,0.422,1,-7.561,0,0.0422,0.374,0.0,0.127,0.169,113.016,4,k-pop,1
59,330200,0,0.739,0.343,8,-7.831,1,0.0286,0.306,4.85e-05,0.0801,0.29,119.958,4,pop-film,1
65,266066,0,0.462,0.375,4,-13.184,1,0.0309,0.642,0.0,0.189,0.612,145.35,3,pop-film,1
48,197616,0,0.546,0.381,6,-14.594,1,0.0367,0.909,0.00167,0.119,0.39,139.621,4,sad,0
33,102689,1,0.867,0.509,1,-3.806,1,0.317,0.329,0.0,0.0661,0.702,152.118,4,emo,0
51,156368,0,0.688,0.492,5,-8.459,1,0.0256,0.492,0.000227,0.147,0.638,107.918,4,indian,1
75,245620,0,0.583,0.712,2,-4.942,0,0.0326,0.2,0.0,0.268,0.778,94.051,4,k-pop,1
0,200672,1,0.83,0.583,0,-2.052,1,0.0412,0.0563,0.0005,0.109,0.146,134.0,4,sad,0
50,116558,0,0.75,0.0599,11,-22.783,1,0.0562,0.991,0.887,0.0981,0.462,112.994,4,sad,1
63,146273,0,0.795,0.584,8,-5.758,0,0.0396,0.172,2.99e-05,0.103,0.785,127.05,4,chill,1
45,144578,0,0.65,0.949,1,-3.061,0,0.167,0.324,0.0,0.04,0.913,83.028,4,pop-film,0
58,226300,0,0.783,0.889,1,-2.691,0,0.0598,0.108,3.06e-05,0.333,0.851,111.983,4,indian,1
69,237875,0,0.799,0.784,4,-5.207,0,0.0519,0.11,2.84e-06,0.227,0.26,96.953,4,pop,1
74,262248,0,0.633,0.55,9,-9.965,1,0.0924,0.649,0.000363,0.147,0.333,147.099,4,pop,1
55,102416,0,0.753,0.383,8,-13.1,1,0.0576,0.715,0.952,0.109,0.327,74.988,4,anime,1
63,204933,0,0.287,0.78,7,-6.493,1,0.0469,0.049,3.71e-05,0.184,0.383,167.278,4,grunge,1
62,367446,0,0.823,0.689,10,-7.791,0,0.0639,0.247,0.000139,0.133,0.569,104.996,4,k-pop,1
51,161347,0,0.905,0.639,1,-5.843,0,0.0429,0.0853,2.51e-05,0.0532,0.962,122.904,4,chill,1
56,267666,0,0.814,0.663,6,-7.802,0,0.0565,0.121,0.0,0.587,0.815,125.03,4,k-pop,1
45,276964,0,0.56,0.728,0,-7.151,1,0.0445,0.653,0.00662,0.104,0.393,112.045,4,indian,0
71,142511,0,0.717,0.471,9,-7.971,1,0.0348,0.792,1.24e-06,0.327,0.426,110.026,4,pop,1
69,266005,0,0.428,0.467,2,-4.904,1,0.0327,0.68,0.0,0.135,0.193,90.831,4,pop,1
53,181894,1,0.6,0.537,5,-9.81,0,0.0258,0.112,8.19e-05,0.109,0.446,94.992,4,emo,1
67,224596,0,0.447,0.966,7,-2.966,1,0.089,0.00349,0.000198,0.312,0.533,178.105,4,grunge,1
62,169200,0,0.704,0.53,10,-5.78,1,0.102,0.358,0.0,0.3,0.606,100.151,4,sad,1
39,217987,0,0.512,0.874,8,-6.507,1,0.0415,0.00871,7.08e-06,0.132,0.824,160.054,4,grunge,0
80,212606,0,0.732,0.463,11,-6.972,0,0.0287,0.374,0.0,0.194,0.397,95.971,4,pop,1
45,170019,0,0.708,0.847,9,-5.092,1,0.111,0.31,0.0,0.824,0.63,108.08,4,sertanejo,0
2,221760,0,0.798,0.857,6,-3.748,1,0.105,0.0519,4.99e-05,0.142,0.581,102.998,4,pop,0
64,216281,0,0.653,0.839,10,-5.077,1,0.0685,0.0369,0.0,0.068,0.669,149.034,4,grunge,1
61,185586,0,0.496,0.863,9,-4.153,1,0.0381,0.0046,0.0,0.639,0.243,110.018,4,grunge,1
37,141278,1,0.83,0.91,4,-5.294,0,0.352,0.54,0.0,0.109,0.585,110.078,4,anime,0
58,326121,0,0.51,0.612,7,-7.629,0,0.0372,0.412,1.58e-05,0.156,0.193,150.041,4,pop-film,1
63,223441,0,0.595,0.754,1,-4.527,0,0.0554,0.0245,0.0,0.0726,0.672,129.951,4,k-pop,1
52,139810,0,0.659,0.294,0,-15.547,1,0.108,0.414,0.793,0.147,0.305,171.991,4,sad,1
53,210067,1,0.812,0.38,5,-8.171,1,0.0362,0.712,0.0,0.0994,0.899,115.975,4,sad,1
49,112236,0,0.606,0.72,8,-7.586,1,0.115,0.122,0.0,0.11,0.458,85.448,4,sad,0
48,101053,0,0.74,0.295,9,-8.717,1,0.148,0.696,0.0,0.408,0.929,158.026,4,sad,0
55,95258,0,0.655,0.345,10,-10.025,1,0.0868,0.356,0.0,0.1,0.614,125.981,4,chill,1
50,267653,0,0.452,0.563,4,-6.607,1,0.0272,0.144,0.0,0.143,0.209,137.715,3,emo,1
47,190240,1,0.84,0.438,2,-8.77,0,0.044,0.198,0.0,0.203,0.108,111.027,4,emo,0
59,191935,0,0.803,0.449,11,-6.861,1,0.0745,0.443,3.32e-05,0.127,0.655,90.077,4,chill,1
66,234737,0,0.63,0.729,6,-4.93,1,0.0287,0.123,8e-06,0.0786,0.44,127.919,4,pop-film,1
63,134881,0,0.652,0.483,8,-9.964,0,0.291,0.658,0.0,0.393,0.372,75.987,4,sad,1
54,116781,0,0.677,0.649,6,-9.824,0,0.0792,0.907,0.368,0.682,0.139,140.649,4,chill,1
68,219923,0,0.541,0.744,7,-6.191,0,0.295,0.507,0.0,0.26,0.877,194.976,3,pop,1
59,308158,0,0.533,0.436,5,-7.521,0,0.0276,0.234,3.17e-06,0.46,0.371,146.868,3,pop-film,1
49,169230,0,0.748,0.308,10,-11.162,0,0.37,0.708,0.0,0.116,0.465,155.87,4,sad,0
61,217000,1,0.62,0.347,8,-13.292,1,0.0705,0.504,0.00421,0.0841,0.0753,75.517,4,emo,1
55,177606,1,0.709,0.604,4,-9.048,0,0.405,0.623,0.0,0.547,0.584,82.999,4,sad,1
47,207530,0,0.496,0.568,4,-7.968,0,0.0333,0.217,1.69e-05,0.094,0.236,88.918,4,indian,0
50,256013,0,0.462,0.778,9,-4.365,0,0.0313,0.0226,0.0,0.108,0.219,77.004,4,grunge,1
56,175053,0,0.402,0.983,1,-3.816,0,0.0721,7.29e-05,0.0,0.294,0.363,103.096,4,grunge,1
61,327029,0,0.563,0.689,0,-4.294,0,0.0262,0.294,0.0,0.288,0.321,101.94,4,pop-film,1
24,171453,0,0.621,0.66,6,-4.628,1,0.0355,0.00547,3.6e-05,0.0449,0.538,125.826,4,grunge,0
54,249320,0,0.321,0.82,0,-4.459,0,0.0422,0.00305,0.0,0.34,0.198,166.859,4,grunge,1
56,436333,0,0.593,0.61,5,-10.574,1,0.032,0.768,0.0117,0.147,0.907,133.067,4,pop-film,1
45,267885,0,0.632,0.763,7,-4.687,1,0.0385,0.213,0.0,0.36,0.607,87.476,4,sertanejo,0
63,298045,0,0.586,0.687,6,-5.079,1,0.0258,0.591,0.0,0.178,0.503,81.009,4,pop-film,1
63,236428,0,0.468,0.903,7,-3.155,1,0.122,0.178,0.0,0.0918,0.523,152.383,3,pop,1
68,179375,0,0.727,0.672,1,-4.782,0,0.0426,0.181,0.0,0.189,0.135,94.006,4,pop,1
47,202613,0,0.365,0.87,9,-6.544,0,0.266,0.0981,0.0,0.304,0.483,79.471,4,sertanejo,0
64,230948,0,0.649,0.716,7,-3.936,1,0.0384,0.268,4.51e-06,0.603,0.639,86.949,4,pop-film,1
45,199733,0,0.524,0.838,4,-5.559,1,0.179,0.519,0.0,0.96,0.63,139.801,3,sertanejo,0
0,183066,0,0.623,0.668,6,-7.282,0,0.0531,0.475,0.0,0.0862,0.823,161.948,4,pop,0
66,184432,0,0.725,0.912,9,-3.665,0,0.0851,0.155,7.68e-05,0.107,0.674,104.054,4,pop,1
59,150142,1,0.755,0.545,5,-7.017,0,0.129,0.251,0.0,0.117,0.517,90.004,4,sad,1
0,267493,0,0.532,0.842,2,-6.152,1,0.0403,0.00131,1.2e-06,0.33,0.715,126.042,4,emo,0
0,200672,1,0.83,0.583,0,-2.052,1,0.0412,0.0563,0.0005,0.109,0.146,134.0,4,emo,0
53,230421,0,0.48,0.297,5,-11.394,1,0.0406,0.809,0.0,0.281,0.496,106.816,4,indian,1
49,209000,0,0.664,0.928,1,-3.811,0,0.058,0.00989,0.0,0.0773,0.53,119.96,4,anime,0
72,341054,0,0.562,0.519,3,-8.744,1,0.0326,0.557,0.000268,0.172,0.415,122.925,4,k-pop,1
52,402328,0,0.383,0.819,1,-6.233,1,0.0755,7.47e-05,0.00012,0.162,0.36,119.109,4,grunge,1
71,155951,1,0.819,0.35,1,-10.433,1,0.062,0.0585,0.243,0.109,0.118,121.966,4,sad,1
44,277009,0,0.625,0.418,8,-12.423,0,0.5,0.737,0.0522,0.126,0.316,191.988,4,indian,0
44,291578,0,0.781,0.429,0,-8.393,1,0.0287,0.705,0.000472,0.0723,0.351,114.012,4,indian,0
51,255661,0,0.604,0.839,0,-2.871,0,0.0271,0.000138,2.56e-06,0.13,0.214,124.982,4,grunge,1
56,279754,0,0.25,0.684,5,-13.165,1,0.124,0.656,0.000151,0.16,0.165,85.047,4,pop-film,1
78,295308,0,0.663,0.578,2,-9.079,1,0.0687,0.312,0.906,0.109,0.553,86.986,4,k-pop,1
71,379768,0,0.586,0.532,11,-8.837,0,0.0328,0.779,0.000565,0.124,0.494,99.994,4,indian,1
78,201660,1,0.752,0.488,6,-7.05,1,0.0705,0.297,9.11e-06,0.0936,0.533,136.041,4,pop,1
48,210000,0,0.719,0.359,7,-10.807,0,0.286,0.561,0.000356,0.123,0.617,160.017,4,chill,0
53,155962,0,0.655,0.784,8,-4.289,1,0.0726,0.426,0.0,0.148,0.649,113.977,4,sertanejo,1
54,172648,1,0.641,0.357,2,-8.884,1,0.0375,0.88,0.0,0.109,0.2,113.838,4,sad,1
52,174566,1,0.612,0.365,7,-12.605,1,0.165,0.685,3.04e-05,0.101,0.541,176.143,4,sad,1
57,334550,0,0.727,0.388,6,-11.828,1,0.0437,0.133,0.0,0.0698,0.582,95.018,4,pop-film,1
60,411706,0,0.673,0.486,5,-7.987,0,0.103,0.475,0.00022,0.0906,0.535,191.943,4,pop-film,1
45,200063,0,0.424,0.781,9,-7.505,0,0.0663,0.432,2.84e-06,0.99,0.501,87.29,4,sertanejo,0
61,217173,0,0.435,0.895,10,-8.7,1,0.0421,1.13e-05,0.0318,0.19,0.668,119.659,4,grunge,1
59,355120,0,0.566,0.969,2,-3.369,0,0.046,0.0287,0.000442,0.281,0.641,100.012,4,grunge,1
44,277918,0,0.39,0.802,0,-3.816,1,0.0537,0.0632,8.54e-06,0.383,0.237,68.439,4,indian,0
61,187000,0,0.807,0.767,0,-3.643,1,0.0777,0.0308,0.0,0.285,0.855,110.994,4,anime,1
67,336567,0,0.657,0.489,1,-6.829,0,0.0306,0.713,0.0,0.124,0.399,116.0,4,pop,1
40,139269,1,0.718,0.336,2,-17.55,1,0.302,0.894,0.000878,0.125,0.278,138.087,4,sad,0
54,156031,1,0.908,0.695,0,-6.978,1,0.112,0.228,0.0,0.0542,0.712,107.067,4,sad,1
36,135849,0,0.792,0.744,11,-4.744,1,0.0554,0.0766,4.55e-05,0.0548,0.65,105.981,4,chill,0
45,140773,0,0.299,0.623,9,-5.678,1,0.0482,0.017,0.0,0.458,0.779,206.189,3,sertanejo,0
65,158000,1,0.654,0.491,10,-11.715,0,0.252,0.0809,0.0,0.369,0.807,142.037,4,chill,1
48,335000,0,0.712,0.741,7,-7.971,0,0.116,0.179,2.78e-06,0.078,0.54,114.975,4,k-pop,0
38,195187,0,0.243,0.64,0,-7.838,0,0.0407,0.38,0.934,0.125,0.158,159.946,4,anime,0
56,201675,0,0.658,0.563,0,-8.91,0,0.0317,0.494,7.58e-05,0.378,0.582,119.98,4,pop-film,1
59,196258,0,0.616,0.664,0,-5.66,1,0.0293,0.0128,8.94e-06,0.115,0.312,122.077,4,grunge,1
68,371790,0,0.308,0.585,9,-5.18,0,0.0428,0.45,0.0,0.319,0.345,171.843,3,pop,1
66,184432,0,0.725,0.912,9,-3.665,0,0.0851,0.155,7.68e-05,0.107,0.674,104.054,4,pop-film,1
53,160520,0,0.831,0.617,7,-8.751,0,0.0613,0.169,0.0,0.126,0.712,144.086,4,sad,1
65,236955,0,0.596,0.307,2,-11.604,1,0.0405,0.816,0.0,0.133,0.397,143.979,3,pop-film,1
40,200506,1,0.545,0.904,1,-2.956,1,0.0663,0.0297,0.0,0.064,0.839,159.979,4,emo,0
46,68205,0,0.803,0.572,0,-9.308,1,0.205,0.811,0.00338,0.0962,0.79,112.478,3,k-pop,0
47,247040,0,0.462,0.574,8,-6.516,1,0.0259,0.0496,0.0,0.145,0.128,87.029,4,grunge,0
55,234945,0,0.612,0.501,10,-8.082,0,0.0293,0.768,0.0,0.17,0.62,80.003,4,k-pop,1
84,198370,0,0.449,0.465,0,-8.964,1,0.0791,0.524,1.02e-06,0.303,0.543,89.087,3,pop,1
51,274800,0,0.509,0.331,0,-13.662,0,0.0451,0.76,0.000105,0.0781,0.826,155.917,3,k-pop,1
43,127268,1,0.799,0.765,11,-7.729,1,0.279,0.0869,0.0,0.295,0.382,139.942,4,sad,0
57,295798,0,0.515,0.707,11,-5.467,0,0.0426,0.0357,0.0,0.134,0.304,143.752,4,pop-film,1
66,258319,0,0.671,0.373,2,-15.071,1,0.0362,0.783,0.105,0.111,0.315,119.972,4,pop,1
58,322861,0,0.732,0.654,8,-7.583,0,0.0396,0.464,5.49e-05,0.123,0.724,122.049,4,pop-film,1
70,215706,0,0.536,0.966,6,-2.929,0,0.0558,0.121,0.0,0.0477,0.849,152.076,4,anime,1
70,228567,0,0.741,0.761,8,-5.414,1,0.143,0.759,0.000607,0.126,0.912,147.047,3,pop,1
45,144215,0,0.517,0.53,8,-10.391,1,0.0498,0.626,0.0,0.117,0.172,116.131,4,indian,0
57,206270,0,0.461,0.467,0,-7.628,1,0.0586,0.00766,0.0,0.11,0.167,74.686,4,chill,1
52,152306,0,0.538,0.534,11,-5.873,1,0.0255,0.514,0.0,0.272,0.549,83.128,1,sertanejo,1
46,68205,0,0.803,0.572,0,-9.308,1,0.205,0.811,0.00338,0.0962,0.79,112.478,3,k-pop,0
56,409547,0,0.729,0.448,7,-9.929,0,0.0391,0.0821,0.00071,0.0749,0.593,110.053,4,pop-film,1
71,205040,1,0.639,0.767,6,-4.997,1,0.0928,0.13,0.0,0.205,0.54,154.032,4,pop-film,1
52,146400,0,0.611,0.311,0,-12.199,1,0.0382,0.904,0.00409,0.111,0.194,100.092,4,sad,1
55,160553,0,0.744,0.706,7,-4.54,1,0.054,0.638,0.0,0.437,0.79,121.965,4,sertanejo,1
49,183560,0,0.205,0.331,8,-9.265,1,0.0302,0.822,0.000695,0.0891,0.113,179.982,4,grunge,0
48,160952,1,0.905,0.253,5,-15.416,0,0.331,0.813,0.0138,0.07,0.374,125.945,4,sad,0
57,180304,0,0.771,0.585,4,-7.857,1,0.0435,0.428,0.000204,0.11,0.722,122.858,4,sad,1
0,309327,1,0.71,0.522,11,-9.102,1,0.36,0.615,0.0,0.11,0.37,96.448,4,k-pop,0
60,370444,0,0.29,0.58,9,-4.767,0,0.0434,0.491,0.0,0.243,0.353,172.396,3,pop-film,1
67,279429,0,0.644,0.423,11,-8.702,0,0.0324,0.464,0.0,0.11,0.509,131.903,4,pop,1
75,114418,0,0.692,0.488,7,-10.96,0,0.135,0.0508,0.0,0.154,0.299,171.9,4,pop,1
34,217005,0,0.324,0.909,1,-6.1,0,0.166,0.00963,0.0,0.0917,0.367,168.113,4,anime,0
42,185576,0,0.659,0.462,5,-11.42,1,0.11,0.113,0.0,0.115,0.423,155.877,4,emo,0
55,135338,0,0.612,0.409,7,-14.958,0,0.0482,0.726,0.773,0.183,0.0702,99.551,4,chill,1
68,102315,0,0.751,0.739,1,-6.977,0,0.045,0.2,0.0,0.0926,0.405,95.003,4,pop,1
26,457360,0,0.621,0.548,5,-6.494,1,0.0258,0.444,0.0,0.0888,0.433,90.002,4,k-pop,0
49,247017,0,0.759,0.713,6,-5.281,1,0.0299,0.204,0.0129,0.259,0.607,102.513,4,anime,0
66,209482,0,0.533,0.292,9,-7.1,1,0.0364,0.914,0.0,0.118,0.472,135.624,4,k-pop,1
4,431378,0,0.549,0.838,11,-6.707,0,0.0642,0.688,0.0,0.532,0.835,89.983,4,pop-film,0
50,225693,0,0.255,0.943,7,-5.586,0,0.174,0.000669,0.933,0.222,0.276,179.999,4,anime,1
50,122592,0,0.83,0.612,8,-7.578,1,0.0574,0.466,1.4e-05,0.126,0.735,140.956,4,emo,1
51,246000,0,0.473,0.964,11,-1.48,1,0.0739,0.0139,0.0,0.326,0.345,94.573,4,anime,1
44,222280,0,0.469,0.954,0,-3.773,0,0.0945,8.76e-05,0.000236,0.176,0.453,136.104,4,emo,0
47,201520,0,0.437,0.494,9,-4.163,1,0.0309,0.732,0.0,0.123,0.564,79.197,4,sertanejo,0
68,299146,0,0.695,0.293,11,-16.278,0,0.0431,0.596,0.0158,0.132,0.637,143.804,4,indian,1
52,216186,1,0.454,0.989,5,-2.644,1,0.0991,0.000197,0.0,0.328,0.169,139.964,4,grunge,1
68,232066,0,0.639,0.594,10,-6.497,1,0.0347,0.131,0.0,0.119,0.378,80.034,4,pop,1
44,253100,0,0.665,0.7,8,-6.781,1,0.0663,0.126,4.52e-06,0.116,0.861,172.0,4,indian,0
60,120015,1,0.733,0.512,6,-5.068,0,0.0389,0.56,1.33e-05,0.174,0.564,79.972,4,emo,1
56,210733,0,0.491,0.827,2,-5.023,0,0.0415,0.00922,0.000377,0.217,0.472,158.904,4,grunge,1
62,184546,0,0.404,0.946,5,-3.318,0,0.174,0.00085,0.0,0.359,0.784,169.086,4,emo,1
36,205145,0,0.552,0.742,2,-7.801,1,0.118,0.219,2.25e-05,0.21,0.537,200.029,4,pop,0
57,273840,0,0.807,0.843,1,-4.925,1,0.0387,0.135,0.00106,0.361,0.473,103.994,4,pop-film,1
58,99838,0,0.625,0.0307,7,-15.862,1,0.137,0.714,0.000104,0.0867,0.307,162.674,3,chill,1
44,294413,0,0.796,0.825,1,-9.265,0,0.0378,0.127,0.00191,0.229,0.666,119.974,4,k-pop,0
68,214207,0,0.438,0.986,10,-3.384,0,0.14,0.35,0.000343,0.0773,0.736,159.894,4,pop,1
58,175744,0,0.37,0.947,2,-7.213,1,0.0901,7.97e-06,0.000175,0.0762,0.418,81.744,4,grunge,1
48,706866,0,0.436,0.674,10,-12.834,1,0.0368,0.664,0.0044,0.266,0.752,138.674,3,indian,0
60,215130,0,0.629,0.852,1,-5.094,1,0.0521,0.0865,0.0215,0.263,0.415,104.997,4,chill,1
44,168225,0,0.623,0.473,1,-10.335,0,0.0342,0.00649,0.418,0.106,0.0535,119.99,4,anime,0
28,179314,0,0.725,0.645,2,-7.407,1,0.0614,0.468,0.0,0.15,0.522,172.043,4,sad,0
55,339840,0,0.627,0.668,9,-10.134,0,0.0373,0.564,0.0,0.0617,0.732,108.042,4,k-pop,1
82,201538,0,0.578,0.537,9,-8.676,1,0.0832,0.162,0.0,0.076,0.25,83.909,4,pop,1
0,173947,1,0.905,0.563,8,-6.135,1,0.102,0.0254,9.71e-06,0.113,0.324,106.998,4,k-pop,0
71,167994,1,0.671,0.184,5,-15.541,1,0.123,0.835,0.0011,0.0794,0.128,106.04,4,chill,1
47,149200,0,0.521,0.281,10,-12.51,0,0.0312,0.817,0.924,0.118,0.199,112.087,3,anime,0
51,214603,0,0.55,0.356,9,-14.142,1,0.0405,0.637,0.187,0.32,0.343,159.911,3,indian,1
63,167967,0,0.85,0.28,1,-8.77,1,0.23,0.0931,0.606,0.0867,0.28,82.872,4,chill,1
56,187293,0,0.356,0.625,1,-3.455,1,0.0317,0.219,0.0,0.107,0.293,165.902,4,emo,1
65,213500,0,0.537,0.35,2,-8.937,1,0.0248,0.838,0.0,0.108,0.318,67.018,4,pop,1
1,155533,0,0.876,0.673,8,-7.15,1,0.139,0.0524,0.00571,0.0813,0.462,113.995,4,pop,0
46,229615,0,0.719,0.817,1,-8.447,1,0.306,0.132,0.00379,0.0967,0.0747,103.853,4,indian,0
68,396466,0,0.589,0.424,4,-12.006,0,0.0359,0.844,0.00381,0.169,0.561,119.823,4,pop-film,1
60,181305,0,0.645,0.242,2,-13.986,0,0.0402,0.805,0.894,0.115,0.0744,140.015,4,anime,1
54,255666,0,0.442,0.85,6,-3.888,1,0.0362,0.002,1.93e-06,0.198,0.338,143.981,4,grunge,1
35,119954,0,0.293,0.595,2,-5.365,1,0.0705,0.0884,0.0,0.0743,0.248,84.57,4,emo,0
0,197442,0,0.627,0.618,2,-8.529,1,0.0437,0.0558,0.0,0.351,0.848,82.03,4,pop,0
34,555007,0,0.707,0.809,1,-6.09,1,0.419,0.435,0.0,0.126,0.622,88.123,4,anime,0
52,60750,0,0.814,0.43,7,-13.563,1,0.263,0.824,0.647,0.108,0.742,80.015,4,sad,1
0,193143,0,0.887,0.388,8,-14.505,1,0.349,0.739,0.143,0.106,0.205,120.035,4,pop,0
53,188011,0,0.585,0.557,9,-6.972,1,0.0999,0.814,0.0,0.522,0.515,154.874,3,sertanejo,1
64,311000,0,0.485,0.841,2,-6.068,0,0.0307,0.000173,0.00686,0.125,0.551,94.867,4,grunge,1
54,72328,0,0.67,0.0781,7,-24.643,1,0.0995,0.892,0.712,0.11,0.365,164.121,4,sad,1
56,115763,0,0.702,0.517,11,-8.148,1,0.106,0.18,0.939,0.148,0.518,84.99,4,chill,1
61,217626,0,0.593,0.951,6,-1.335,0,0.0697,0.0142,1.13e-06,0.0961,0.64,102.04,4,anime,1
58,220396,1,0.798,0.613,6,-9.037,1,0.204,0.363,0.0,0.762,0.229,97.013,4,sad,1
64,241848,0,0.592,0.877,2,-4.05,0,0.0502,0.0095,0.000171,0.131,0.712,117.106,4,grunge,1
57,136542,0,0.394,0.33,9,-15.944,0,0.0553,0.394,5.42e-06,0.288,0.477,79.868,4,indian,1
60,196893,0,0.526,0.975,1,-3.853,0,0.078,0.000404,1.77e-06,0.3,0.427,102.99,4,grunge,1
45,184053,0,0.661,0.954,11,-2.578,1,0.052,0.236,0.0,0.365,0.849,145.895,4,sertanejo,0
55,186217,0,0.628,0.749,3,-5.826,1,0.0578,0.408,0.0,0.368,0.509,101.96,4,sertanejo,1
50,97586,0,0.664,0.258,3,-10.975,1,0.0485,0.935,0.479,0.108,0.358,86.997,4,chill,1
70,219320,0,0.441,0.815,3,-4.088,1,0.0276,0.000731,0.0,0.414,0.522,164.007,4,grunge,1
48,132800,0,0.666,0.386,10,-13.636,0,0.0417,0.244,0.113,0.605,0.312,75.023,4,chill,0
56,150461,1,0.617,0.799,0,-11.54,0,0.0272,0.00896,1.25e-06,0.576,0.773,130.05,4,emo,1
54,240000,0,0.707,0.503,0,-11.281,1,0.0358,0.441,9.92e-05,0.16,0.556,148.021,4,chill,1
53,240157,0,0.602,0.41,11,-12.368,1,0.0391,0.213,1.19e-06,0.235,0.0671,95.02,4,indian,1
62,189800,0,0.544,0.935,6,-4.159,0,0.173,0.0171,0.00301,0.297,0.339,103.026,4,grunge,1
62,154200,0,0.771,0.72,7,-11.742,1,0.0867,0.203,0.0011,0.335,0.492,94.968,4,pop-film,1
58,397026,0,0.41,0.633,0,-6.989,1,0.0378,0.513,0.0,0.116,0.344,101.461,4,indian,1
27,237733,0,0.454,0.899,8,-4.662,1,0.0425,0.0013,0.219,0.107,0.292,127.988,4,grunge,0
56,149749,0,0.702,0.326,1,-11.575,1,0.0313,0.731,0.000287,0.146,0.556,110.022,4,indian,1
49,247510,0,0.598,0.537,9,-8.281,1,0.0326,0.285,0.0,0.13,0.397,131.955,4,indian,0
44,192600,0,0.729,0.769,2,-3.245,1,0.0277,0.395,0.0,0.253,0.852,135.953,4,sertanejo,0
66,161945,0,0.805,0.66,4,-5.342,1,0.0582,0.0367,6.4e-05,0.215,0.617,114.954,4,k-pop,1
67,237576,0,0.507,0.533,3,-4.396,1,0.0264,0.379,0.0,0.0771,0.429,92.916,4,k-pop,1
47,148741,0,0.853,0.84,1,-4.69,1,0.0396,0.13,0.0,0.798,0.873,110.043,4,sertanejo,0
61,222200,0,0.413,0.445,1,-7.259,0,0.025,0.438,0.0,0.111,0.117,95.562,4,grunge,1
45,186000,0,0.461,0.428,2,-8.954,1,0.0291,0.434,1.2e-06,0.186,0.649,109.589,4,sertanejo,0
69,181727,1,0.372,0.656,1,-6.086,1,0.0776,0.217,0.0,0.418,0.15,140.171,4,emo,1
49,211168,0,0.605,0.626,7,-3.647,1,0.0273,0.772,0.0,0.131,0.442,99.931,4,sertanejo,0
56,169842,0,0.779,0.453,0,-8.983,1,0.0499,0.13,0.0,0.256,0.327,127.073,4,sad,1
44,372192,0,0.682,0.923,8,-5.048,1,0.0591,0.436,0.0,0.358,0.734,115.98,4,indian,0
51,226706,0,0.576,0.822,1,-8.456,1,0.11,0.000909,0.537,0.11,0.193,134.981,4,anime,1
84,203807,0,0.695,0.884,6,-2.278,0,0.0753,0.0561,0.0,0.213,0.914,103.014,4,pop,1
59,172486,0,0.55,0.702,11,-5.693,0,0.0281,0.046,1.4e-06,0.119,0.515,159.968,4,grunge,1
45,169061,1,0.632,0.946,0,-2.784,0,0.277,0.192,0.0,0.495,0.324,125.061,3,emo,0
0,181365,0,0.639,0.656,7,-6.581,0,0.0421,0.118,2.76e-06,0.0841,0.382,93.129,4,chill,0
0,169756,0,0.601,0.713,4,-3.758,0,0.0449,0.0282,0.0,0.158,0.464,122.872,4,pop,0
28,213293,0,0.426,0.987,2,-3.616,1,0.0606,0.00118,3.37e-06,0.167,0.452,176.925,4,grunge,0
69,306066,0,0.573,0.59,3,-8.43,1,0.0557,0.667,0.000397,0.691,0.364,108.789,3,grunge,1
53,274964,1,0.711,0.515,9,-5.27,0,0.0302,0.0415,0.0,0.0974,0.172,110.062,4,emo,1
52,102127,1,0.792,0.36,9,-9.126,1,0.129,0.0347,0.0,0.18,0.467,94.026,4,chill,1
62,186466,0,0.542,0.417,11,-8.05,1,0.218,0.469,6.87e-06,0.139,0.279,75.279,4,chill,1
75,258466,0,0.404,0.72,10,-9.18,0,0.0623,5.59e-05,0.836,0.0466,0.475,121.864,4,grunge,1
61,210546,0,0.776,0.785,9,-4.085,0,0.058,0.295,0.000807,0.169,0.5,98.036,4,k-pop,1
58,130057,1,0.728,0.439,11,-10.62,1,0.143,0.193,0.0,0.106,0.34,82.962,4,emo,1
43,233736,0,0.671,0.417,0,-10.219,0,0.0428,0.836,0.000337,0.119,0.428,89.96,4,k-pop,0
64,228855,0,0.611,0.566,1,-5.861,1,0.0388,0.507,0.0,0.0971,0.312,82.984,4,indian,1
65,247222,0,0.64,0.754,6,-4.873,0,0.0392,0.395,0.0,0.209,0.355,94.989,4,pop,1
0,202192,1,0.641,0.559,7,-11.132,0,0.0355,0.404,0.00402,0.0937,0.523,144.982,4,pop,0
55,167594,0,0.498,0.871,2,-4.593,0,0.0494,0.000483,0.0,0.279,0.613,150.035,4,anime,1
74,199407,0,0.4,0.366,6,-8.598,1,0.0342,0.87,0.00163,0.102,0.508,80.568,4,pop-film,1
45,239400,0,0.719,0.524,7,-9.756,1,0.0319,0.772,6.3e-06,0.214,0.689,81.665,4,k-pop,0
0,184771,0,0.497,0.351,1,-9.048,0,0.0648,0.777,0.0,0.167,0.234,171.719,4,chill,0
59,115813,0,0.262,0.886,1,-9.392,1,0.0336,3.11e-06,0.368,0.188,0.965,152.09,4,grunge,1
46,218017,0,0.679,0.608,0,-10.187,0,0.0368,0.639,7.55e-06,0.0873,0.361,116.043,4,indian,0
74,308459,0,0.516,0.481,0,-9.234,1,0.0433,0.819,2.87e-06,0.0893,0.212,138.997,4,pop,1
36,204000,0,0.594,0.419,0,-8.066,0,0.0255,0.0776,0.219,0.249,0.112,100.008,4,anime,0
73,194285,0,0.445,0.28,10,-12.668,1,0.0275,0.819,1.29e-05,0.111,0.299,104.743,4,pop,1
57,263026,0,0.405,0.745,2,-7.914,0,0.108,0.657,0.00552,0.117,0.751,87.452,4,indian,1
64,223613,0,0.479,0.902,11,-2.665,0,0.0439,0.0593,0.0,0.394,0.748,159.975,4,anime,1
59,185720,0,0.793,0.881,1,-5.589,0,0.195,0.446,0.0,0.317,0.0393,99.858,4,pop-film,1
66,294463,0,0.817,0.797,1,-4.395,0,0.0839,0.00533,7.77e-06,0.0551,0.361,119.978,4,k-pop,1
58,286720,0,0.507,0.585,9,-5.367,1,0.0288,0.475,0.0,0.317,0.449,132.741,4,pop-film,1
51,254773,0,0.57,0.836,0,-4.58,1,0.0258,0.00272,0.645,0.329,0.303,108.866,4,grunge,1
53,172826,0,0.44,0.916,4,-4.222,0,0.266,0.000236,1.94e-05,0.0897,0.401,124.099,4,grunge,1
57,424573,0,0.765,0.796,8,-7.095,1,0.0537,0.0362,5.12e-05,0.249,0.76,103.033,4,pop-film,1
49,153070,1,0.441,0.756,1,-8.952,1,0.891,0.293,0.0552,0.134,0.232,163.327,3,sad,0
47,178687,0,0.454,0.356,7,-5.779,1,0.0356,0.771,0.0,0.174,0.544,106.472,5,sad,0
43,153093,0,0.438,0.816,1,-7.573,1,0.0564,0.0171,0.0,0.382,0.644,148.244,4,grunge,0
64,122553,1,0.895,0.72,2,-4.21,1,0.338,0.664,0.0,0.103,0.72,141.061,4,chill,1
58,83169,0,0.501,0.168,4,-9.675,0,0.0313,0.944,0.0,0.118,0.131,79.968,4,pop-film,1
52,157984,1,0.519,0.911,0,-4.522,1,0.0403,0.00265,5.63e-06,0.301,0.881,164.95,4,emo,1
58,133440,1,0.348,0.477,4,-9.567,1,0.188,0.785,0.0,0.104,0.181,175.167,4,chill,1
55,147881,1,0.701,0.826,10,-2.999,0,0.0386,0.0161,0.0,0.101,0.203,99.068,4,sad,1
65,183800,0,0.724,0.444,10,-4.903,1,0.0412,0.0121,0.0,0.123,0.739,129.962,4,anime,1
0,207853,0,0.788,0.859,2,-2.724,1,0.0856,0.281,0.0,0.0424,0.822,141.02,4,pop,0
74,170344,0,0.813,0.415,0,-5.926,1,0.0349,0.777,0.0,0.131,0.667,91.921,4,chill,1
52,232762,0,0.63,0.528,9,-8.574,0,0.0311,0.0284,2.63e-06,0.107,0.551,124.0,4,k-pop,1
61,138157,1,0.74,0.453,3,-7.828,1,0.121,0.656,8e-05,0.111,0.178,75.992,4,chill,1
44,223255,0,0.681,0.477,5,-12.117,0,0.239,0.538,0.00501,0.156,0.452,172.047,4,k-pop,0
58,270240,1,0.675,0.53,9,-4.196,1,0.0385,0.016,0.0,0.111,0.0832,124.991,4,emo,1
44,127160,0,0.723,0.269,4,-16.189,0,0.0877,0.897,0.212,0.114,0.27,101.028,4,indian,0
